-- MySQL dump 10.13  Distrib 5.7.27, for Linux (x86_64)
--
-- Host: ss0506.mysql.pythonanywhere-services.com    Database: ss0506$default
-- ------------------------------------------------------
-- Server version	5.7.28-log

/*!40101 SET @OLD_CHARACTER_SET_CLIENT=@@CHARACTER_SET_CLIENT */;
/*!40101 SET @OLD_CHARACTER_SET_RESULTS=@@CHARACTER_SET_RESULTS */;
/*!40101 SET @OLD_COLLATION_CONNECTION=@@COLLATION_CONNECTION */;
/*!40101 SET NAMES utf8 */;
/*!40103 SET @OLD_TIME_ZONE=@@TIME_ZONE */;
/*!40103 SET TIME_ZONE='+00:00' */;
/*!40014 SET @OLD_UNIQUE_CHECKS=@@UNIQUE_CHECKS, UNIQUE_CHECKS=0 */;
/*!40014 SET @OLD_FOREIGN_KEY_CHECKS=@@FOREIGN_KEY_CHECKS, FOREIGN_KEY_CHECKS=0 */;
/*!40101 SET @OLD_SQL_MODE=@@SQL_MODE, SQL_MODE='NO_AUTO_VALUE_ON_ZERO' */;
/*!40111 SET @OLD_SQL_NOTES=@@SQL_NOTES, SQL_NOTES=0 */;

--
-- Table structure for table `Auth_account`
--

DROP TABLE IF EXISTS `Auth_account`;
/*!40101 SET @saved_cs_client     = @@character_set_client */;
/*!40101 SET character_set_client = utf8 */;
CREATE TABLE `Auth_account` (
  `password` varchar(128) NOT NULL,
  `last_login` datetime(6) DEFAULT NULL,
  `is_superuser` tinyint(1) NOT NULL,
  `username` varchar(150) NOT NULL,
  `email` varchar(254) NOT NULL,
  `is_staff` tinyint(1) NOT NULL,
  `is_active` tinyint(1) NOT NULL,
  `date_joined` datetime(6) NOT NULL,
  `id` char(32) NOT NULL,
  `name` varchar(50) NOT NULL,
  `is_rotaractor` tinyint(1) NOT NULL,
  `is_club` tinyint(1) NOT NULL,
  `rotaryId` int(11) DEFAULT NULL,
  PRIMARY KEY (`id`),
  UNIQUE KEY `username` (`username`)
) ENGINE=InnoDB DEFAULT CHARSET=utf8;
/*!40101 SET character_set_client = @saved_cs_client */;

--
-- Dumping data for table `Auth_account`
--

LOCK TABLES `Auth_account` WRITE;
/*!40000 ALTER TABLE `Auth_account` DISABLE KEYS */;
INSERT INTO `Auth_account` VALUES ('pbkdf2_sha256$150000$jsSI27COGAPp$zXbqF4+cTE0iUuWABsMt7tuw/4QOQ5XKbwXUfsUasZw=',NULL,0,'rckhopoli','',0,1,'2020-08-04 12:30:32.057064','01b76659773248a5acc66a59012fa9d9','RC Khopoli',0,1,NULL),('pbkdf2_sha256$150000$l4jDrrMxgYr7$bmmp9NfJmJe9K3lb8dz/PjUs01CuROCPlETKftEfN6Q=',NULL,0,'rcitmbs','',0,1,'2020-08-04 10:08:24.222730','048de7d91cf645179b53ec1f0b7b9997','ITMBS',0,1,215248),('pbkdf2_sha256$150000$4ZJYPhziXoAB$5kHFUfoBGlq9T2JLWs0CSNmN5nDZsejEC0Jz+DQsePE=','2020-08-11 01:56:11.316073',0,'rclco','rotractclublco@gmail.com',0,1,'2020-08-04 10:08:24.709405','06ce2af5cdab46c49ddcae245e21fc2b','LCO',0,1,91284),('pbkdf2_sha256$150000$ZKYq6CzZQjx0$Hx+SPK0kM1a+ghZqgKuAvPqp+X18GmIL0sJk13kCrBM=',NULL,0,'rcdc','',0,1,'2020-08-04 10:08:22.108937','0d7d78c424d54e6eb662a9804d6f136e','DC',0,1,215158),('pbkdf2_sha256$150000$hfcfLiDFKO76$mniLLx36ipPE/59M47fbeLLjHgC2oftZEL3OBkDr2Go=','2020-08-10 07:57:46.395171',0,'rcpunerenaissance','racpunerenaissance@gmail.com',0,1,'2020-08-04 10:08:30.733696','0ddac7205a31434e831a197492924663','Pune Renaissance',0,1,218199),('pbkdf2_sha256$150000$3TaWrs7s7SQD$JNSyzv8a20DCS9vER4PqDAgmdB6IbOqi5xTpR8NYOos=','2020-08-14 13:06:33.510327',0,'rcdypims','rotaract.dypims@gmail.com',0,1,'2020-08-04 10:08:22.584323','0ebff91b144d4397a7b532a61696f6a7','DYPIMS',0,1,217256),('pbkdf2_sha256$150000$OfQonyxM5720$3jrdLjRMhgYyiEof7MFTVORQcT9Ljqj507eqaFvOog8=','2020-08-14 15:47:58.818276',0,'rcslvn','',0,1,'2020-08-04 10:08:33.472074','165e6750b26249a78ac3c7d8895e7e77','Symboisis Law Viman Nagar',0,1,217454),('pbkdf2_sha256$150000$lpfPb7ibD1xO$7TWKjdW4vqHas4gjW523R8v+g2KKeW0toPvZ2d6/zLA=','2020-08-04 11:55:16.192556',0,'rcglobalyouth','rcglobalyouth@gmail.com',0,1,'2020-08-04 10:08:23.563116','1767b5c5fb96462fb17c0d13d7233e24','Rotaract Club of Global Youth',0,1,214764),('pbkdf2_sha256$150000$roESDVgLY9ht$zVInWIW2+NeqsUkOvSew4+OD50p7WyOi2sTp+HMkbVk=','2020-08-14 14:51:19.355779',0,'rcpunesyuva','',0,1,'2020-08-04 10:08:31.535206','1782bde2075547ac88c84c1f1083a4c6','Pune\'s Yuva',0,1,70787),('pbkdf2_sha256$150000$14X2ApBIIHPd$G4FTGpBx+Qb1h5VT08tcFoJ3+BNfNrYOeb0SaccQfNE=','2020-08-11 04:17:16.409836',0,'rcdypacs','rcdypacs@gmail.com',0,1,'2020-08-04 10:08:22.739117','1900411fd62348ebb5865d01a9bbe402','DYPACS',0,1,217268),('pbkdf2_sha256$150000$jX9S8n2ZhoU8$20NtV7iJuLUPqz4Mypgb29oZX401uHI3UycliLWtjUU=',NULL,0,'rcvamnicom','',0,1,'2020-08-04 10:08:34.133359','1bed841f3dc04fa6b035e49e51fe80a0','VAMNICOM',0,1,212754),('pbkdf2_sha256$150000$ZrB8mu2BEtTn$hgwgM8E+LtTBZiSpG7tWIgGkpv7/Q3fZhbwg5NKbQG0=',NULL,0,'rcbnca','',0,1,'2020-08-04 10:08:21.761003','1d9f4e37edec4c7e8d58cb2af7475d84','BNCA',0,1,216344),('pbkdf2_sha256$150000$u7GBFrLPlcRo$WcZe5Ox59gRJi98sCN6kE25tLj+C7KVuYjKdVQ/kYec=','2020-08-06 13:32:08.219199',0,'rcpunecamphorizon','rcpcamphorizon@gmail.com',0,1,'2020-08-04 10:08:28.124644','1f11904eeebf42878b5f338a0b1a62a6','Rotaract Club of Pune Camp Horizon',0,1,218100),('pbkdf2_sha256$150000$XgeMAQxWhlmo$oVSofOaHCyKTn15D6DUMDGEeAUvyib2cMC4QZwMpAeo=',NULL,0,'rcpoonasouth','',0,1,'2020-08-04 10:08:27.965685','2586857eac424629a5ba29e797866c03','Poona South',0,1,7283),('pbkdf2_sha256$150000$pv0MaOg9XAAl$JY2dsmwwOjl2E+pFqeuuO7L7wGuLWSIcDmngDMqdxWM=',NULL,0,'rcalibagseashore','',0,1,'2020-08-04 10:08:20.948409','294625b73dec49be8e04dbe09097b503','Alibag Seashore',0,1,216519),('pbkdf2_sha256$150000$YXYqfdKS2Ogn$ijqQuOV+bdZobZ0PDf1aIoMWfXt0gR1tBZY29zsKI6s=',NULL,0,'rcdypvp','',0,1,'2020-08-04 10:08:22.895049','2c1e528b950446329d924bc2eae0832d','DYPVP',0,1,87707),('pbkdf2_sha256$150000$BtDlzIHZY7Lc$GP6bdzJnLWj5kYRmer7qYpOgyPXigjrkHBJGl2uaIaY=','2020-08-13 08:40:20.015505',0,'rcpanvel','rotaractpanvel@gmail.com',0,1,'2020-08-04 10:08:26.254392','305a0e24b2ce4cd0b395770f1bae6b6f','Panvel',0,1,7303),('pbkdf2_sha256$150000$vrXGjD3IASJI$pXysPQeOCXA5E+czdbb2CfWNk67UAEr59Bvq+mCwvC8=',NULL,0,'rcpkmm','',0,1,'2020-08-04 10:08:29.928293','31f2ab45684645f5bace4fa32d589b3e','Pune Kothrud Modern Managers',0,1,215450),('pbkdf2_sha256$150000$au3dAL1FNvte$axDSDyfI1druGcc954jR9nOorThOIIi8c0YIRK5ewyE=',NULL,0,'rciiebm','',0,1,'2020-08-04 10:08:23.903493','363c474c6d524f7caf9601a0646f1054','IIEBM',0,1,216915),('pbkdf2_sha256$150000$qs3ANRmPktas$zpU4AKxw4k+00VRDAYV7ErGiMaUazZJZcabsOHEcAaw=','2020-08-11 16:20:25.589685',0,'rcpunezenith','zenithrcp@gmail.com',0,1,'2020-08-04 10:08:32.374398','36cfbc4e2ccc48d4a51335f7899aafcd','Rotaract Club of Pune Zenith',0,1,217271),('pbkdf2_sha256$150000$xxAQF9dQSDYx$hlpnHqOzw7JpyjqCzIbqMynOTOypP+WgdGz8nO00XeU=',NULL,0,'rcmim','',0,1,'2020-08-04 10:08:25.236575','3dea43286a724d1dbd55803419f61c9f','MIM',0,1,90238),('pbkdf2_sha256$150000$LFAulpWkbJoh$eBwmZycc962DyCTHUP06mlmIhhZlhOhrtsFTQG2JKAA=','2020-08-09 14:20:16.971512',0,'rcyuvanext','',0,1,'2020-08-04 10:08:34.786308','3e8ce8c964564aed8e8f3459de263e98','Yuva Next',0,1,216018),('pbkdf2_sha256$150000$Qq7wWD65YpRX$gbGEzRV15/3zIoBKkYngVf4PaWj6hTTbG/hdJtcF0DE=','2020-08-16 09:38:37.938664',0,'rceemcoem','',0,1,'2020-08-04 10:08:23.055010','3ea408fc1d904a0c96804d8a92f077c6','EEMCOEM',0,1,215661),('pbkdf2_sha256$150000$vbd2TPAehdfe$Du20pkbFxtJnnyYVVwLI3obcaOl8xXrNZK5FG0Giu9Q=',NULL,0,'rcpwcc','',0,1,'2020-08-04 10:08:32.193526','3fd78d949640437ab00dfb75011493ee','Pune Wisdom Cummins Chapter',0,1,216135),('pbkdf2_sha256$150000$bvlhIQxmxjZJ$rTtvS3msu4dA29MnhuoWFKGxSb0sT7oUEgRQFBY9/LQ=',NULL,0,'rctalegaoncity','',0,1,'2020-08-04 10:08:33.637148','405a69679a384386b5e22f8bbfc03aea','Talegaon City',0,1,215052),('pbkdf2_sha256$150000$54koZwEjTnlN$rewjmUp2QVqAzVzvYHLk5AeallYmaH73Xj5jY+q2Gi4=','2020-08-06 13:36:29.723365',0,'rcdypiemr','rotaract@dypiemr.ac',0,1,'2020-08-04 10:08:22.427890','4c29159ebcfa4d0d87c566d226213bf3','DYPEMR',0,1,216012),('pbkdf2_sha256$150000$y8UV34E6jMiI$/5+szGb8HVyslPZ20uyJNN0wgRt4vfd3gM2O4gWrs+8=','2020-08-16 15:42:47.758173',0,'rcpanvelcentral','rotaractclubpanvelcentral@gmail.com',0,1,'2020-08-01 13:31:32.289085','4e36f62a5b8e434f8c70337015aee459','RAC Panvel Central',0,1,214399),('pbkdf2_sha256$150000$oJUs1kRtU6ng$NcFvE8SkcSFw5cVvn2CB/z47nc8H4PTMLINNt2mami0=','2020-08-11 15:08:15.490994',0,'rcpuneurja','rcpurja@gmail.com',0,1,'2020-08-04 10:08:31.688147','5502ecd454804ae0aa56c90bf961fd7d','Pune Urja',0,1,215200),('pbkdf2_sha256$150000$bP0wAl3ULdEq$y+YMoF+6ZzARO0cS4X9O+8ogdHiB7tpoW8zE3j9sYyE=','2020-08-10 11:51:07.924148',0,'rcic','',0,1,'2020-08-04 10:08:24.069487','572fe3a6672d4b3fab0873d178badb84','IC',0,1,217518),('pbkdf2_sha256$150000$cGkDFpJ0GILr$gvV7D7PiJqFR0QDKQxVnyiO5kGfCljhN7ancHmY2OC4=',NULL,0,'rcpunesinhagadroad','',0,1,'2020-08-04 10:08:31.381064','589e3369888640acac9c86aa40a8d84f','Pune Sinhagad Road',0,1,49040),('pbkdf2_sha256$150000$g5SdP9JShueb$SSwb0uevqFUE8bQD31QNnursOCmp6h3RvlYOqePBYHc=','2020-08-13 13:54:08.672093',0,'rcpanvelmidtown','rotaractpanvelmidtown@gmail.com',0,1,'2020-08-04 10:08:27.024239','59d0123bd01f4530a6face34ab581fcd','Panvel Mid Town',0,1,89276),('pbkdf2_sha256$150000$A1sQWcDnKnsK$dm2KQBKE+fnWrn7IUC4frBvuzxuDgnJDwqWdyQFjBr4=','2020-08-12 06:25:05.587993',0,'rcpunehillside','rcpunehillside@gmail.com',0,1,'2020-08-04 10:08:29.417493','59de4d891e8742be959eccf7e43a73dc','Rotaract Club of Pune Hillside',0,1,217239),('pbkdf2_sha256$150000$ONKc2yYY0s2U$FDYZ+xXXNcCHl611N7Y8CVvel+uACDaim6nMNFRSesk=','2020-08-18 17:36:49.297383',1,'admin','admin@gmail.com',1,1,'2020-08-01 13:11:07.914583','5f930af0a17842dcb961e84ceb6bc0d4','Admin',0,0,123456),('pbkdf2_sha256$150000$iQNeyvlKtqrC$5hZx+W1Wm4rNnM3ED+sNOlN3a1fwFxzcnFQqZC6Cz8U=','2020-08-15 15:40:42.879009',0,'rcpunekalyaninagar','',0,1,'2020-08-04 10:08:29.585149','62b707f26840436b8787087a60a6985f','Pune Kalyani Nagar',0,1,69048),('pbkdf2_sha256$150000$EHsfl0EKwpwf$tI95rGqxBkS5D7LS2TGw7ADWUDWl3ZYADTUpcXrhb+I=','2020-08-09 15:58:16.142814',0,'rchumanitas','',0,1,'2020-08-04 10:08:23.727625','6690b1952ff845639ef194c379bea35d','Humanitas',0,1,217388),('pbkdf2_sha256$150000$mr1y2Kp4bXUO$E3b4SO3j+/0krkjmEaz6eSCOnhBXFq1PxhuhyABJk2A=','2020-08-14 13:55:16.355722',0,'rcnigdi','',0,1,'2020-08-04 10:08:26.089298','67e4cb7bc089491b922c56974fa29cd0','NIGDI',0,1,217267),('pbkdf2_sha256$150000$KVIiE2fD2dFB$JiRBR4bwJRVkgb/lEZ2yG7X2L+VIEWvdFd5v4WUDW4Q=','2020-08-14 15:27:22.440130',0,'rcpatalganga','rotaractpatalganga@gmail.com',0,1,'2020-08-04 10:08:27.325324','6a296ab4de49466885f1d9cd1c36f39b','Patalganga',0,1,217310),('pbkdf2_sha256$150000$g46UrsOXr7Nu$G3xVPPxe6UUvXf/mq5ZHb8eOcicvsZ3zbz0KvjZfuGk=',NULL,0,'rcsbes','',0,1,'2020-08-04 10:08:32.858695','70b03f026b414be9922fc51a54a76362','SBES',0,1,91148),('pbkdf2_sha256$150000$VfaiWVDBeoql$ct9e5kOBIyjkwq5DXjvjB7IkqSrvITTp2QHNQYc5t8U=','2020-08-11 17:19:10.330720',0,'rcamanorayoungistan','rc.amanora.youngistan@gmail.com',0,1,'2020-08-04 10:08:21.274809','730cfee2ff9e4c1b9aa68322f165b065','Amanora Youngistan',0,1,215992),('pbkdf2_sha256$150000$TD19yrvPX1je$KDuOzgBHJEHe5S5PS8pHRgFZU8mIXpaAxJF3UakFHx4=','2020-08-08 05:48:51.433733',0,'rcpimpri','rotaractclubofpimpri@gmail.com',0,1,'2020-08-04 10:08:27.639974','799910c44d554622997fa3b04588f310','Pimpri',0,1,7295),('pbkdf2_sha256$150000$ggsxGLTuF2Qf$8ly6A5pm4ASCe/+tZUvD4ooZAJLtvnZ9A4uUG+BME7s=','2020-08-13 07:11:20.350170',0,'rcbjcp','',0,1,'2020-08-04 10:08:21.947626','79a90852a17f4b58a644b5fa561a0ce3','BJCP',0,1,218034),('pbkdf2_sha256$150000$tc8wqCTLaudt$FCyTCmGPah7UHbNrIZnG2CnMzhR8AhDrlop4xfrHLqY=','2020-08-11 14:25:09.719631',0,'rckoregaonpark','',0,1,'2020-08-04 10:08:24.542637','7e9e23c5ba904711ab5bf9331aa15660','Koregaon Park',0,1,215663),('pbkdf2_sha256$150000$VUNd1I1Anl32$GllkwJKTYBepRDU/booOwxO2AfOnZvX8q/7jppW+PEo=','2020-08-14 13:31:38.297395',0,'rcscoet','',0,1,'2020-08-04 10:08:32.533680','866515193b8640f7a794a9819b785ccf','RSCOE',0,1,215402),('pbkdf2_sha256$150000$NK8z0wgb2knI$M5zHasPT38c/neyiZhqRaNLKtjj6QAs05qKLtWCUaHs=','2020-08-12 12:10:12.199931',0,'rcpuneshaniwarwada','',0,1,'2020-08-04 10:08:31.221424','87f944413a5c4fa980b92530548ce2aa','Pune Shaniwarwada',0,1,45125),('pbkdf2_sha256$150000$B1ryigK2bK36$BBvhgn5p4xBVOkjSrfooLtsD/Z2VkKDVozYasrVBVE8=','2020-08-07 06:11:37.743670',0,'rcvimannagar','rotaractclub.vimannagar@gmail.com',0,1,'2020-08-04 10:08:34.610619','89000d45fd5c4b168b8272453381af8a','Viman Nagar',0,1,215996),('pbkdf2_sha256$150000$UKMG7iEk8zSL$2o5R2XnNz1HcZ+y1xG/QDomCLJePvyglAMd9DikiKO0=','2020-08-10 19:05:56.602089',0,'rcpoonaroyal','racpoonaroyal3131@gmail.com',0,1,'2020-08-04 10:08:27.801343','8986aa170b384276bca1c32cc58f207f','Poona Royal',0,1,215090),('pbkdf2_sha256$150000$pSNekAt718Gx$QUUmC/n9+IK02yq3LZtVM3tLWYd09VpjwMs9JsyZ3AI=',NULL,0,'rcpunedeccangymkhana','',0,1,'2020-08-04 10:08:28.753651','89ea122fac5c4437b67b6937532d5d3d','Pune Deccan Gymkhana',0,1,218202),('pbkdf2_sha256$150000$Z6mhq4MTEwZI$YbAGA2x76dAgWPo/JWohXd2lctMgnKuuDh836vUkA5k=','2020-08-12 10:06:16.401266',0,'rcubs','',0,1,'2020-08-04 10:08:33.979239','8e4977ea3a674ac19c63eb746a75af25','UBS',0,1,218244),('pbkdf2_sha256$150000$r8nnSDAV5C13$lRtQMKinv7usK9iOj7Y69DWCcNzdqKw0tbD8uLOgjWs=','2020-08-12 13:33:33.287697',0,'rcpunesalisburypark','rcpunesalisburypark@gmail.com',0,1,'2020-08-04 10:08:31.067536','9372373310d5404fb0d616b5c91dc4f1','Pune Salisbury Park',0,1,215769),('pbkdf2_sha256$150000$hYN8xXp4dED7$ao0rrlSWtrr4RgmxDKKpJ27MN/4W9QC1MtSw85ny4hI=',NULL,0,'rcmmmcoe','',0,1,'2020-08-04 10:08:25.065238','94128cf98a3947cb8f8cf167a21d8cbf','MMMCE',0,1,216504),('pbkdf2_sha256$150000$LiKI4CO97aPi$UotQcd1BD+Qs+bdcCPpuOt+qCjzyDd07C2u1k67ZjqI=','2020-08-10 15:00:56.230765',0,'rcpunecampnextgen','',0,1,'2020-08-04 10:08:28.287798','961ae0426023490f8e3df663adb1629e','Pune Camp Next Gen',0,1,217270),('pbkdf2_sha256$150000$xBFs2rKEICfo$8xxKnZavVigSAU08vjL6wloabaVBUPIXd2avfClUXtc=','2020-08-10 14:46:42.398285',0,'rcpanvelindustrialtown','racpit3131@gmail.com',0,1,'2020-08-04 10:08:26.702537','97147f51d2404e569e41cefde4b5b095','Rotaract Club of Panvel Industrial Town',0,1,213849),('pbkdf2_sha256$150000$KGSF5sNJeBhw$9AM2vA0iox4+oK1t+ZbbZxjB57cFyd14Ewf1a86CVxw=',NULL,0,'rcpanvelsunrise','',0,1,'2020-08-04 10:08:27.173304','985c1bd4f46f4c3c8325afa7f2b3333c','Panvel Sunrise',0,1,216261),('pbkdf2_sha256$150000$Q7wY2PabjsMX$5YMyCCzL88zAzA9jQEvKKNLd2bkEvZCuyWA60XG6Aqo=',NULL,0,'rcnarayangaonhighway','',0,1,'2020-08-04 10:08:25.933745','98e2174288c24ed2b57d2bb90b9eef8f','Narayangaon Highway',0,1,216388),('pbkdf2_sha256$150000$iokNtX4I6TuT$bXaCLUwqoIfbir1eMiUUbMnrJA21BLKiBZClQLhkdLI=',NULL,0,'rclonavla','',0,1,'2020-08-04 10:08:24.889290','9b94571506bc404e926230661efb2b1a','Lonavla',0,1,216321),('pbkdf2_sha256$150000$q7SIPsgbKzmj$msQZ5HRZ602S2rGv9h5E2EJTmFF0Tg1/98FIRnj9hYo=',NULL,0,'rctjc','',0,1,'2020-08-04 10:08:33.811861','9c20123f56dd4e76a91dd04881f75e70','TJC',0,1,217960),('pbkdf2_sha256$150000$SDBhEEs8N5gc$hfzMAxE53NaepinflmqnYwv/lqKQwCHwnNoerVrbAZg=',NULL,0,'rcmcasc','',0,1,'2020-08-04 10:08:25.759019','9d53b620a60e4a628c093875673237ed','MCASC',0,1,212931),('pbkdf2_sha256$150000$c6Bo9DB14qWc$4o84neQILgoF6ulzQrE2WYZIXv3kimujEkOSNIp9AuI=','2020-08-09 12:42:25.762261',0,'rcpuneganeshkhind','rotaractpuneganeshkhind@gmail.com',0,1,'2020-08-04 10:08:29.082634','a0a237735c3c4bb1b89d983740fa8503','Pune Ganeshkhind',0,1,215538),('pbkdf2_sha256$150000$z27mdenKYigC$x6nLK1tyMYdbwO89JLa6p0QlI3yTKIKYFlJ/icZbW+g=','2020-08-12 17:24:04.519987',0,'mmrcpk','rcpunemm@gmail.com',0,1,'2020-08-04 10:08:25.401766','a8e59bdc667146b1b4926a1386d34a20','MM RCPK',0,1,212752),('pbkdf2_sha256$150000$Yc1NeVX3F6BB$5CY/5Y0vgbJJc7IURW8+721rlys0YbijS4NRFyVu0qs=','2020-08-11 09:01:14.684626',0,'rcpunepride','',0,1,'2020-08-04 10:08:30.579829','ac52d90d734443abb9541d877f65ec1d','Pune Pride',0,1,90983),('pbkdf2_sha256$150000$qvdBPyT7jSE3$27pdVegyAh6SV5WCTViSZpHVinz+jhJuXHWeT/9Tkvs=','2020-08-16 17:28:49.977956',0,'rcentcmce','rotaract.mcoeentc2018@gmail.com',0,1,'2020-08-04 10:08:23.216262','acf8c0d4bfe149d3a9b1b48ecaa4b1ca','Rotaract Club of Entc Mcoe',0,1,214097),('pbkdf2_sha256$150000$AsifWJ8CvUxw$IV87UjvN+CyavdGeKbALwLjS3zE1ij4sustm5KmA9VI=','2020-08-12 16:21:20.312475',0,'rcalumni','3131.rotaractclubofalumni@gmail.com',0,1,'2020-08-04 10:08:21.115689','af76c8d5d3a1468c9a816c00f9d181b2','Rotaract Club of Alumni',0,1,214181),('pbkdf2_sha256$150000$tdkry1ykSCg8$d9N1s2tn9bb3YYlGfPyJ7KYxz6Hquw9j95Nh4xxacMI=','2020-08-11 08:04:14.116739',0,'rcaims','rotaractclubofaims@gmail.com',0,1,'2020-08-04 10:08:20.368086','afd39471e84e42bca4546127e1872e93','Rotaract Club of AIMS',0,1,218133),('pbkdf2_sha256$150000$qecaRgAwrOIL$G9medcYYBOGhXbpkHzSvLnAN5jI0VCYOVO1M3NnuZn8=',NULL,0,'rckhargharmidtown','',0,1,'2020-08-04 10:08:24.381074','afd535c39c46463e92bfdf226c00bcc5','Kharghar Midtown',0,1,215252),('pbkdf2_sha256$150000$U1SEAcmHkaaA$3bRSbT2XOBJR/iUlit08VSM0v0DOIag02Lw5/Uj98M0=','2020-08-14 13:21:38.792537',0,'rcpunewarje','',0,1,'2020-08-04 10:08:32.024924','b9cee8bdfb2c414db184c3c9aeebb8dd','Pune Warje',0,1,91641),('pbkdf2_sha256$150000$UFvHGtk5LqqD$jrcFXP/S/vrnwP3+UoFULpfYbA38qhZloxus/U8UpjA=','2020-08-10 12:08:52.624979',0,'rcsaoe','',0,1,'2020-08-04 10:08:33.321111','bf43d41c50a04740a66244291fc1c7e8','Rotaract Club of Sinhgad Academy of Engineering',0,1,214124),('pbkdf2_sha256$150000$UbNLPznBzOVT$4e8+gs8eqOeTLvp8GwnqX25ujc0EzzbZ4D366ctBhIE=','2020-08-14 12:25:52.922821',0,'rcpuneroyal','',0,1,'2020-08-04 10:08:30.900580','c06da831c6304b8bad6e7a5fa5ff9c53','Pune Royal',0,1,214473),('pbkdf2_sha256$150000$ZphhAhp0SywF$NASBNXAu2H/rhG79Wjo0doyOTPs/yKZC2uoNsLhYlRI=','2020-08-13 14:13:40.180403',0,'rcvibrants','j180599@gmail.com',0,1,'2020-08-04 10:08:34.292984','c202c087a1704a618fb7a1a9b82c93bc','Vibrants',0,1,214094),('pbkdf2_sha256$150000$bN4H41e1cKoW$Pr5nvOqzpy+8FW0TY35bi1UOCpOfvRssj6SddW6ZKPc=','2020-08-14 06:38:38.586889',0,'rcmcgp','',0,1,'2020-08-04 10:08:25.595906','c3e1578a68134694b76fe8d8137a8f5c','MCG',0,1,216452),('pbkdf2_sha256$150000$JrBc3jT89rL3$+JiJ3vMsj5gPdOADO3rFvIpdwg/8uVCBU73fxs+71VE=','2020-08-11 08:19:16.848636',0,'rcbibwewadipune','',0,1,'2020-08-04 10:08:21.591236','c8540d4632614ba68079ab16526bf7c4','Bibwewadi Pune',0,1,215167),('pbkdf2_sha256$150000$fDi2gKFvnayQ$eiqgRH3xFfNv/URgoFfSyzQgzpCczis3LcbSm6ze4Ko=',NULL,0,'rcpunevibranteast','',0,1,'2020-08-04 10:08:31.849147','c9215737601e4e8e9e6773fd8bd19b55','Pune Vibrant East',0,1,216912),('pbkdf2_sha256$150000$ggx2fHdTNpSg$9+ouMXY9vHbgs28mwMdec3N4/6hdGF84ywiMKDOhyvw=',NULL,0,'rcpunekatraj','',0,1,'2020-08-04 10:08:29.753121','ca156710348c4096b5e8885ed6aeae5e','Pune Katraj',0,1,80991),('pbkdf2_sha256$150000$Jn2u43Ermmu7$PhIjL+5jD9+gF0gI5Qv5yMj7Imy1TTskVjwyKopyyv0=','2020-08-15 05:01:43.018853',0,'rcdpu','rcdpu.tathawade@dpu.edu.in',0,1,'2020-08-04 10:08:22.265826','ccf827237fe7403aae549fd534692339','Rotaract Club of DPU',0,1,215185),('pbkdf2_sha256$150000$FVnoprq4BsdC$TdLb/E6B7zbOAdHdXiJniUB9VUEai1uSC14p2RfCCO0=','2020-08-14 12:50:08.402864',0,'rcsdc','rotaractclubsdch@gmail.com',0,1,'2020-08-04 10:08:33.161467','ce501ebe815e46089159ac8d3216577f','RCSDC',0,1,89857),('pbkdf2_sha256$150000$QSsL193OoK3G$peOkgqn7sajTQp0f0T9OB2jaxduwbD6lbK5X6SDD1qc=','2020-08-14 13:14:49.583012',0,'rcpanvelmahanagar','',0,1,'2020-08-04 10:08:26.864278','cfb916abf45e43bfa2d7583b2ea16208','Panvel Mahanagar',0,1,214609),('pbkdf2_sha256$150000$Q33IRdoeM6eP$rov1/bdzeRe1Sk23Wu+F/ibRbhS+dk6RioB9p9VKLrA=',NULL,0,'rcpunenagarroad','',0,1,'2020-08-04 10:08:30.262049','d0271b5dff8d4f88aeaf36623654b616','Pune Nagar Road',0,1,217359),('pbkdf2_sha256$150000$VpGfEzeiLvY2$ZmClchR0tUseWM+KFL1vWN9EMIZCCP4yWfYWrCRhs1I=',NULL,0,'rcpen','',0,1,'2020-08-04 10:08:27.489151','d8b23bf755ec4f4bbede85ade4d97b52','Pen',0,1,217760),('pbkdf2_sha256$150000$Ol028bMOopLG$oRvL5aF9D4Kr5cITP1RG4AYw9/XTdy9Z2nrE8A3/DFc=','2020-08-13 19:46:24.289602',0,'rcpunecamppioneer','rcpunecamppioneers@gmail.com',0,1,'2020-08-04 10:08:28.437466','d91f2c8cf87d4c8d9c9d824946039399','Pune Camp Pioneer',0,1,218252),('pbkdf2_sha256$150000$zW2mKqBJS5SE$E069Lq2LaHD3Ui5wA8apzFteeeDhnLXfcIHZODfYQJ0=',NULL,0,'rcait','',0,1,'2020-08-04 10:08:20.712913','dadd8043692847ba947a52ab33e8df72','AIT',0,1,217438),('pbkdf2_sha256$150000$EAredY63BEVA$55+K3T+zhBlVVah+FeW1l2DGTRsisfZAglha8Xu5d9U=','2020-08-14 15:57:39.396215',0,'rcpuneheritage','',0,1,'2020-08-04 10:08:29.237584','db1308ebb33b4935a82bbea31a066a22','Pune Heritage',0,1,213166),('pbkdf2_sha256$150000$osnH8D1dgqVs$AoSHqiFh2iUfmQQG7eJs5t1fTHkc6xCnHjD55K198SQ=','2020-08-10 15:38:58.691274',0,'rcpunepashan','rcpunepashan13@gmail.com',0,1,'2020-08-04 10:08:30.415355','dd124ffaac4d458bab1c07ba7eea2a08','Pune Pashan',0,1,82736),('pbkdf2_sha256$150000$9NDN6EyV81LV$GgyFgZveTvwYRYSeS9VJIBhBJhQtA+6ZW1Hhxrwze2A=','2020-08-08 11:47:07.199153',0,'rcviit','rotaract.viit@gmail.com',0,1,'2020-08-04 10:08:34.455991','e37a3c8fd097433e90fd3c0858c17ad3','Rotaract Club Of VIIT',0,1,215650),('pbkdf2_sha256$150000$7o7yFBFL7wxZ$YLwNyZQLYAlWis3NTOikxCkUEjL//yoJKja1ONtHAEE=','2020-08-15 17:11:08.295226',0,'test','',0,1,'2020-08-06 12:52:41.555308','eb39730716bd4ccb8c3809a151067200','Test',0,1,404),('pbkdf2_sha256$150000$nFTp2vpY64aH$XueGprWi8PYYKPYgEljUJrVCQB2ijc460+cJ5hlEZtY=','2020-08-13 16:50:38.144047',0,'rcgem','',0,1,'2020-08-04 10:08:23.409441','ec83115d4968402fae02a3e58b5479d7','GEM',0,1,218200),('pbkdf2_sha256$150000$FobygXzykD0U$mKDydlRknfG0FE1sW6la7PtbggMFdup5iYXD2q2TiqE=','2020-08-12 05:17:27.948487',0,'rcaundh','',0,1,'2020-08-04 10:08:21.433336','ed5fc573f8494f9fa8705076e1c0eaf4','Aundh',0,1,91876),('pbkdf2_sha256$150000$wuwnMKI7tEOe$xQ5AT7bdGg1b4aXXIONoz3xOFCYzq4jK8AKKxauRA1k=','2020-08-16 20:39:35.298062',0,'rcpanvelelite','',0,1,'2020-08-04 10:08:26.542176','f03bf3a5568d4b93bfa606e6be044760','Panvel Elite',0,1,217226),('pbkdf2_sha256$150000$xVPYQw6JirnW$kVnT91HR8civE/QaOIktFJ65hDcPn1wq7STK9f7dyr4=',NULL,0,'rcsc','',0,1,'2020-08-04 10:08:33.006384','f246f238a1be45a5bb980c5d633e433a','SC',0,1,217432),('pbkdf2_sha256$150000$oL3K9klH5sqO$TUfZoG224Q4cWrN+jhHfKx39fLvzEWpQhbl5AeT0PdY=',NULL,0,'rcroha','',0,1,'2020-08-04 10:08:32.696138','f4262197fb4e4e10baade287d5310961','Roha',0,1,215945),('pbkdf2_sha256$150000$xpggQjsBtZ9j$97TiQpoY7iPmEnalnCFFIBEleyQiTRSXoEQwq+FBdmQ=','2020-08-10 18:55:29.913902',0,'rcpunemideast','rcmideast3131@gmail.com',0,1,'2020-08-04 10:08:30.103903','f84868151e06483988da8bc582ff0488','Rotaract Club of Pune Mid-East',0,1,85530),('pbkdf2_sha256$150000$HrJSkh4WTOZ0$3fawlaZo3HHSs75ZVKz7Hg/q+4jimiXQrvD76UuhqKQ=','2020-08-14 16:19:54.906859',0,'rcpunecantonment','rcpunecantonment3131@gmail.com',0,1,'2020-08-04 10:08:28.585875','fb64afba86c247ca95fd19554331a175','Pune Cantonment',0,1,212790),('pbkdf2_sha256$150000$5PWfZisc8l0Q$gM96ilKxt1F3BYuzZaNX9+MiRgy9yhjdxrkc0ZCyInE=',NULL,0,'rcpunefareast','',0,1,'2020-08-04 10:08:28.934666','fe85814331b94e7281765ceb712f3ac1','PUNE FAR EAST',0,1,217714);
/*!40000 ALTER TABLE `Auth_account` ENABLE KEYS */;
UNLOCK TABLES;

--
-- Table structure for table `Auth_account_groups`
--

DROP TABLE IF EXISTS `Auth_account_groups`;
/*!40101 SET @saved_cs_client     = @@character_set_client */;
/*!40101 SET character_set_client = utf8 */;
CREATE TABLE `Auth_account_groups` (
  `id` int(11) NOT NULL AUTO_INCREMENT,
  `account_id` char(32) NOT NULL,
  `group_id` int(11) NOT NULL,
  PRIMARY KEY (`id`),
  UNIQUE KEY `Auth_account_groups_account_id_group_id_e11f1621_uniq` (`account_id`,`group_id`),
  KEY `Auth_account_groups_group_id_f6f26910_fk_auth_group_id` (`group_id`),
  CONSTRAINT `Auth_account_groups_account_id_2be806e8_fk_Auth_account_id` FOREIGN KEY (`account_id`) REFERENCES `Auth_account` (`id`),
  CONSTRAINT `Auth_account_groups_group_id_f6f26910_fk_auth_group_id` FOREIGN KEY (`group_id`) REFERENCES `auth_group` (`id`)
) ENGINE=InnoDB DEFAULT CHARSET=utf8;
/*!40101 SET character_set_client = @saved_cs_client */;

--
-- Dumping data for table `Auth_account_groups`
--

LOCK TABLES `Auth_account_groups` WRITE;
/*!40000 ALTER TABLE `Auth_account_groups` DISABLE KEYS */;
/*!40000 ALTER TABLE `Auth_account_groups` ENABLE KEYS */;
UNLOCK TABLES;

--
-- Table structure for table `Auth_account_user_permissions`
--

DROP TABLE IF EXISTS `Auth_account_user_permissions`;
/*!40101 SET @saved_cs_client     = @@character_set_client */;
/*!40101 SET character_set_client = utf8 */;
CREATE TABLE `Auth_account_user_permissions` (
  `id` int(11) NOT NULL AUTO_INCREMENT,
  `account_id` char(32) NOT NULL,
  `permission_id` int(11) NOT NULL,
  PRIMARY KEY (`id`),
  UNIQUE KEY `Auth_account_user_permis_account_id_permission_id_73a7fa3a_uniq` (`account_id`,`permission_id`),
  KEY `Auth_account_user_pe_permission_id_99e5806d_fk_auth_perm` (`permission_id`),
  CONSTRAINT `Auth_account_user_pe_account_id_4668d60c_fk_Auth_acco` FOREIGN KEY (`account_id`) REFERENCES `Auth_account` (`id`),
  CONSTRAINT `Auth_account_user_pe_permission_id_99e5806d_fk_auth_perm` FOREIGN KEY (`permission_id`) REFERENCES `auth_permission` (`id`)
) ENGINE=InnoDB DEFAULT CHARSET=utf8;
/*!40101 SET character_set_client = @saved_cs_client */;

--
-- Dumping data for table `Auth_account_user_permissions`
--

LOCK TABLES `Auth_account_user_permissions` WRITE;
/*!40000 ALTER TABLE `Auth_account_user_permissions` DISABLE KEYS */;
/*!40000 ALTER TABLE `Auth_account_user_permissions` ENABLE KEYS */;
UNLOCK TABLES;

--
-- Table structure for table `Auth_club`
--

DROP TABLE IF EXISTS `Auth_club`;
/*!40101 SET @saved_cs_client     = @@character_set_client */;
/*!40101 SET character_set_client = utf8 */;
CREATE TABLE `Auth_club` (
  `account_id` char(32) NOT NULL,
  `clubKey` char(32) NOT NULL,
  `zone` int(11) DEFAULT NULL,
  `clubCode` int(11) DEFAULT NULL,
  `logo` varchar(100) NOT NULL,
  `date` datetime(6) DEFAULT NULL,
  `meetingPlace` varchar(100) DEFAULT NULL,
  PRIMARY KEY (`account_id`),
  CONSTRAINT `Auth_club_account_id_9ed04901_fk_Auth_account_id` FOREIGN KEY (`account_id`) REFERENCES `Auth_account` (`id`)
) ENGINE=InnoDB DEFAULT CHARSET=utf8;
/*!40101 SET character_set_client = @saved_cs_client */;

--
-- Dumping data for table `Auth_club`
--

LOCK TABLES `Auth_club` WRITE;
/*!40000 ALTER TABLE `Auth_club` DISABLE KEYS */;
INSERT INTO `Auth_club` VALUES ('01b76659773248a5acc66a59012fa9d9','df51462fe9ba4ee9bd124d384694221c',NULL,NULL,'logos/district_logo.png',NULL,NULL),('048de7d91cf645179b53ec1f0b7b9997','4f83aa9b618f44e4a90b65f68304a927',NULL,NULL,'logos/district_logo.png',NULL,NULL),('06ce2af5cdab46c49ddcae245e21fc2b','40203f29ecdc4b8ab94dde87cea405d8',1,NULL,'logos/IMG_20200710_112647.jpg','2013-12-03 00:00:00.000000',NULL),('0d7d78c424d54e6eb662a9804d6f136e','e426a47f4fb14adc93092b959d225dd4',NULL,NULL,'logos/district_logo.png',NULL,NULL),('0ddac7205a31434e831a197492924663','6eb87b60a0054a2bbfedb53ff5507c61',4,NULL,'logos/RCP_-_RENAISSANCE_2.png','2020-07-01 00:00:00.000000','Mukund Nagar'),('0ebff91b144d4397a7b532a61696f6a7','ee713047360e4b54911130be67b4fee5',2,NULL,'logos/district_logo.png','2019-08-20 00:00:00.000000','DYPIMS Institute'),('165e6750b26249a78ac3c7d8895e7e77','5473c7105b4942389051c46984873dea',NULL,NULL,'logos/district_logo.png',NULL,NULL),('1767b5c5fb96462fb17c0d13d7233e24','998b8fc2417f43b5af802e354e469a99',3,NULL,'logos/Logo_2.png','2017-03-30 00:00:00.000000','Pune'),('1782bde2075547ac88c84c1f1083a4c6','5cca387dc3064fa8b4b97db8b2ace178',NULL,NULL,'logos/district_logo.png',NULL,NULL),('1900411fd62348ebb5865d01a9bbe402','0c7a1fbef13048bbadc4b4d774924074',2,NULL,'logos/IMG-20200811-WA0000.jpg','2019-08-22 00:00:00.000000','College campus'),('1bed841f3dc04fa6b035e49e51fe80a0','7622773205f541e2ba85d8b6a16f45fd',NULL,NULL,'logos/district_logo.png',NULL,NULL),('1d9f4e37edec4c7e8d58cb2af7475d84','1d2617701a4141c8beee5b6b59d7d609',NULL,NULL,'logos/district_logo.png',NULL,NULL),('1f11904eeebf42878b5f338a0b1a62a6','3bc207120bdd42bb878aa000f797ecfd',4,NULL,'logos/RCPCH_LOGO_1.png','2020-03-19 00:00:00.000000',NULL),('2586857eac424629a5ba29e797866c03','d6cf848225a44727aa5c079e286a6dcf',NULL,NULL,'logos/district_logo.png',NULL,NULL),('294625b73dec49be8e04dbe09097b503','93f82e3aa31f490993253a52aa9112a4',NULL,NULL,'logos/district_logo.png',NULL,NULL),('2c1e528b950446329d924bc2eae0832d','c36cae0677c5454f8bc94cf1050d5752',NULL,NULL,'logos/district_logo.png',NULL,NULL),('305a0e24b2ce4cd0b395770f1bae6b6f','bfc0ca63785c467db0f7018af329e59d',1,NULL,'logos/Rotaract_logo_2020-Final-02.jpg',NULL,NULL),('31f2ab45684645f5bace4fa32d589b3e','80d5bbc1603741d18fe8d69f96bb0689',NULL,NULL,'logos/district_logo.png',NULL,NULL),('363c474c6d524f7caf9601a0646f1054','4841cd887ed74161b19384076d15c6f6',NULL,NULL,'logos/district_logo.png',NULL,NULL),('36cfbc4e2ccc48d4a51335f7899aafcd','a5e375cc40cc4f82bf9bf67d0947b38a',5,NULL,'logos/2._Rotaract_Club_Of_Pune_Zenith_1.jpg',NULL,NULL),('3dea43286a724d1dbd55803419f61c9f','c5809388781945e19b51bad6d7156c57',NULL,NULL,'logos/district_logo.png',NULL,NULL),('3e8ce8c964564aed8e8f3459de263e98','f3de7e96d7a4473c9c6aca153310c4e3',NULL,NULL,'logos/district_logo.png',NULL,NULL),('3ea408fc1d904a0c96804d8a92f077c6','0b108c698a804550aa1cee86b97e0aec',NULL,NULL,'logos/district_logo.png',NULL,NULL),('3fd78d949640437ab00dfb75011493ee','5f1f8e4d2db24bd5b96f780a9bdc0d3f',NULL,NULL,'logos/district_logo.png',NULL,NULL),('405a69679a384386b5e22f8bbfc03aea','3bba21a480ad4765a202f27f3c583d8b',NULL,NULL,'logos/district_logo.png',NULL,NULL),('4c29159ebcfa4d0d87c566d226213bf3','d6ada08abe9147ddbe503d75578f3ca6',0,NULL,'logos/WhatsApp_Image_2020-08-05_at_11.07.16.jpeg',NULL,NULL),('4e36f62a5b8e434f8c70337015aee459','a8aeea490f154104bff26d847f72c535',1,NULL,'logos/RACPC-_LogoTransparent-min.png','2017-12-26 00:00:00.000000','Dandekar Clinic, Panvel.'),('5502ecd454804ae0aa56c90bf961fd7d','d7643ce694704a13855c79c5ff1ee792',5,NULL,'logos/Rotaract_club_of_urja_png_2.png','2017-09-19 00:00:00.000000',NULL),('572fe3a6672d4b3fab0873d178badb84','bb98ed215de04582bb693d264db4b99f',NULL,NULL,'logos/district_logo.png',NULL,NULL),('589e3369888640acac9c86aa40a8d84f','4d7756e5add44417afae87fabebd8c0e',NULL,NULL,'logos/district_logo.png',NULL,NULL),('59d0123bd01f4530a6face34ab581fcd','afc84dd4853f4440845720c891ebd015',1,NULL,'logos/district_logo.png','2011-05-01 00:00:00.000000','GOOGLE MEET'),('59de4d891e8742be959eccf7e43a73dc','5531a5c0a5c242bfa70f2deea5a500bf',3,NULL,'logos/RaC_Pune_Hillside_logo_2.png','2019-07-22 00:00:00.000000','Sinhagad Road'),('5f930af0a17842dcb961e84ceb6bc0d4','434db28ef1d24b7f901ed32f211ed3d6',0,NULL,'logos/district_logo.png',NULL,NULL),('62b707f26840436b8787087a60a6985f','fb303a9175064c1092dfe9ce6387da04',NULL,NULL,'logos/district_logo.png',NULL,NULL),('6690b1952ff845639ef194c379bea35d','ec247c05dbe94c41878e8b0de645056f',NULL,NULL,'logos/district_logo.png',NULL,NULL),('67e4cb7bc089491b922c56974fa29cd0','6373ca4ef507497b9460bab806e487e0',NULL,NULL,'logos/district_logo.png',NULL,NULL),('6a296ab4de49466885f1d9cd1c36f39b','e5558d2a8bc9433eb97de13d2a5ea6f3',1,NULL,'logos/clubthemenobg.png','2019-09-05 00:00:00.000000',NULL),('70b03f026b414be9922fc51a54a76362','91c42f3c656b4f17b30cdbabfce3afde',NULL,NULL,'logos/district_logo.png',NULL,NULL),('730cfee2ff9e4c1b9aa68322f165b065','715aaf8c11794c3e90036b8f17afee53',4,NULL,'logos/RCA_Youngistan.png','2020-08-06 00:00:00.000000','Amanora/Virtual'),('799910c44d554622997fa3b04588f310','59b92fbdd5bb4a62ab78d62b0304a322',3,NULL,'logos/LOGO.png','1980-08-09 00:00:00.000000','Rotaract Club of Pimpri, Rotary Community Center, Pimpri, Pune'),('79a90852a17f4b58a644b5fa561a0ce3','f7e725f34af6422d95eb0aac8c98de2a',NULL,NULL,'logos/district_logo.png',NULL,NULL),('7e9e23c5ba904711ab5bf9331aa15660','fca389ed3214434fb146eb286ad94de2',NULL,NULL,'logos/district_logo.png',NULL,NULL),('866515193b8640f7a794a9819b785ccf','2a77bc779a684f308f926b696b21dd94',2,NULL,'logos/district_logo.png',NULL,NULL),('87f944413a5c4fa980b92530548ce2aa','7f125e86601e4165b04573fdef112285',NULL,NULL,'logos/district_logo.png',NULL,NULL),('89000d45fd5c4b168b8272453381af8a','c144bb0e679842aba5ea6e5ff35b61c4',4,NULL,'logos/IMG-0935.jpg','2020-08-09 00:00:00.000000','Pune'),('8986aa170b384276bca1c32cc58f207f','cc954e38811f416d8126881a04180013',6,NULL,'logos/RCPoR.png','2017-07-28 00:00:00.000000','Manisha Terrace, Camp'),('89ea122fac5c4437b67b6937532d5d3d','b81deee9f5494494a7e91798a8306b2e',NULL,NULL,'logos/district_logo.png',NULL,NULL),('8e4977ea3a674ac19c63eb746a75af25','1b43452e88f745a3ac7b6ed67a1e759d',NULL,NULL,'logos/district_logo.png',NULL,NULL),('9372373310d5404fb0d616b5c91dc4f1','335aae2c8d2d459dac0a4bd76a14b905',6,NULL,'logos/download.jpg','2018-05-07 00:00:00.000000','Zoom Platform'),('94128cf98a3947cb8f8cf167a21d8cbf','5cecf60977a64300be2e103d3ad7efda',NULL,NULL,'logos/district_logo.png',NULL,NULL),('961ae0426023490f8e3df663adb1629e','ead3ee401c40496b9c15560d0221e511',NULL,NULL,'logos/district_logo.png',NULL,NULL),('97147f51d2404e569e41cefde4b5b095','1fa4cbf5c3af406baaf8b69905bdb6b7',1,NULL,'logos/1593856469915.png','2016-05-11 00:00:00.000000','Rotary Community Center, New Panvel, 410206'),('985c1bd4f46f4c3c8325afa7f2b3333c','b93dabeb97b440a3854f65c4739447e8',NULL,NULL,'logos/district_logo.png',NULL,NULL),('98e2174288c24ed2b57d2bb90b9eef8f','20d24747898441388fef9455257d4db2',NULL,NULL,'logos/district_logo.png',NULL,NULL),('9b94571506bc404e926230661efb2b1a','f6a0f921cac14aee93f1b3ec13784811',NULL,NULL,'logos/district_logo.png',NULL,NULL),('9c20123f56dd4e76a91dd04881f75e70','5d0f45ab559f4d07be8d29dbd6bf725b',NULL,NULL,'logos/district_logo.png',NULL,NULL),('9d53b620a60e4a628c093875673237ed','5ce4794c043b44f480004626ac7ed300',NULL,NULL,'logos/district_logo.png',NULL,NULL),('a0a237735c3c4bb1b89d983740fa8503','2db3517bd4f44276a45d75fe59a5e75a',3,NULL,'logos/district_logo.png','2018-01-31 00:00:00.000000',NULL),('a8e59bdc667146b1b4926a1386d34a20','f2c27add4c7d4366afb16888f273b572',6,NULL,'logos/logo.png','2015-09-11 00:00:00.000000','MMCC College , Pune'),('ac52d90d734443abb9541d877f65ec1d','9919a7478c7b40b98014a6298e571f9f',3,NULL,'logos/district_logo.png',NULL,NULL),('acf8c0d4bfe149d3a9b1b48ecaa4b1ca','0904f9a390bc4820b65e5e3e6fdb3d0d',3,NULL,'logos/RCENTCMCOE.jpeg','2016-08-01 00:00:00.000000','PES Modern College of Engineering , Pune'),('af76c8d5d3a1468c9a816c00f9d181b2','9b8195cbbf804b45b5d4d832d7f2db04',5,NULL,'logos/Rotaract_club_of_Alumni_Logo.png','2016-10-07 00:00:00.000000','Darode School, Pune'),('afd39471e84e42bca4546127e1872e93','fa8246eb18cb465ab96c95f70e7b25f0',6,NULL,'logos/district_logo.png',NULL,NULL),('afd535c39c46463e92bfdf226c00bcc5','68b631aef530493384840cc5c43f1597',NULL,NULL,'logos/district_logo.png',NULL,NULL),('b9cee8bdfb2c414db184c3c9aeebb8dd','d58fb624e50147898c399647b4f947b5',NULL,NULL,'logos/district_logo.png',NULL,NULL),('bf43d41c50a04740a66244291fc1c7e8','6151bfd3d28746fd99e39ec5a80a0049',6,NULL,'logos/favicon.ico',NULL,'SIBAR ground, SAE'),('c06da831c6304b8bad6e7a5fa5ff9c53','0d933013d54849658d36e457d1f8a508',NULL,NULL,'logos/district_logo.png',NULL,NULL),('c202c087a1704a618fb7a1a9b82c93bc','c9b00cf789f14d6482c4ccff41096a4b',5,NULL,'logos/Vibrants_Logo_Transparent.png',NULL,'Google Meet'),('c3e1578a68134694b76fe8d8137a8f5c','374c69db50ca4989912023148bfe5819',NULL,NULL,'logos/district_logo.png',NULL,NULL),('c8540d4632614ba68079ab16526bf7c4','ac92b8640d3d4b9b84249df115c2720a',NULL,NULL,'logos/district_logo.png',NULL,NULL),('c9215737601e4e8e9e6773fd8bd19b55','c17def439395445b83ad70b857626a2a',NULL,NULL,'logos/district_logo.png',NULL,NULL),('ca156710348c4096b5e8885ed6aeae5e','318c5743e6d145d99ac3266c1a074d4c',NULL,NULL,'logos/district_logo.png',NULL,NULL),('ccf827237fe7403aae549fd534692339','23b7875a8afe4db9a6b0510c7811d5cd',2,NULL,'logos/RC-final.png','2017-09-14 00:00:00.000000','Virtually'),('ce501ebe815e46089159ac8d3216577f','969484fad813403b9df575480fc28d0a',5,NULL,'logos/IMG-20200706-WA0049.jpg','2015-03-13 00:00:00.000000','Zoom meeting'),('cfb916abf45e43bfa2d7583b2ea16208','b94c869c98bf442498161e7807a947a0',NULL,NULL,'logos/district_logo.png',NULL,NULL),('d0271b5dff8d4f88aeaf36623654b616','d6dd7a909d064f18916442a104af3321',NULL,NULL,'logos/district_logo.png',NULL,NULL),('d8b23bf755ec4f4bbede85ade4d97b52','ca6f88920a154e78ac6edc518126675f',NULL,NULL,'logos/district_logo.png',NULL,NULL),('d91f2c8cf87d4c8d9c9d824946039399','a766c47e26ba41028f1475e46099fb33',6,NULL,'logos/district_logo.png','2020-06-30 00:00:00.000000',NULL),('dadd8043692847ba947a52ab33e8df72','44c9826fcba54a9b890086fb027e36fe',NULL,NULL,'logos/district_logo.png',NULL,NULL),('db1308ebb33b4935a82bbea31a066a22','f0f7d069f6bf485bbcde30dada05912f',NULL,NULL,'logos/district_logo.png',NULL,NULL),('dd124ffaac4d458bab1c07ba7eea2a08','3a9fcca17aee49ffa39eb21bbb399407',5,NULL,'logos/district_logo.png',NULL,NULL),('e37a3c8fd097433e90fd3c0858c17ad3','7d99dc8622ab4e92a7fa11de99477207',4,NULL,'logos/RCVIIT_LOGO.png','2018-03-22 00:00:00.000000','Vishwakarma Institute Of Information Technology, Pune'),('eb39730716bd4ccb8c3809a151067200','b3c94fcd9bca4cd88404c47dd9bd6a03',0,NULL,'logos/district_logo.png',NULL,NULL),('ec83115d4968402fae02a3e58b5479d7','4c01a7bc3b88457aa8a9a9ae2dc9f194',NULL,NULL,'logos/district_logo.png',NULL,NULL),('ed5fc573f8494f9fa8705076e1c0eaf4','82bf0cd321cb422fa50920b97fd81fa1',NULL,NULL,'logos/district_logo.png',NULL,NULL),('f03bf3a5568d4b93bfa606e6be044760','50aa15eaaff54a6ba61f42378ce12382',0,NULL,'logos/district_logo.png','2019-08-07 00:00:00.000000',NULL),('f246f238a1be45a5bb980c5d633e433a','6f603821e2fb4ef7a6efe3b4d16e3569',NULL,NULL,'logos/district_logo.png',NULL,NULL),('f4262197fb4e4e10baade287d5310961','49ddbe6ba33c449e9d4dfd7b0f9e76e3',NULL,NULL,'logos/district_logo.png',NULL,NULL),('f84868151e06483988da8bc582ff0488','e923425143644fb8bf283573b9ad3978',6,NULL,'logos/MIDEAST_LOGO1_1.png','2009-06-18 00:00:00.000000','KHS.'),('fb64afba86c247ca95fd19554331a175','22f9b2ed47ba444a925a76e9582ef4e6',4,NULL,'logos/RCPC.png','2015-09-22 00:00:00.000000','Lullanagar, Pune'),('fe85814331b94e7281765ceb712f3ac1','4dadd9b573fd468f9e96409b8bad3db3',NULL,NULL,'logos/district_logo.png',NULL,NULL);
/*!40000 ALTER TABLE `Auth_club` ENABLE KEYS */;
UNLOCK TABLES;

--
-- Table structure for table `SecReport_bod`
--

DROP TABLE IF EXISTS `SecReport_bod`;
/*!40101 SET @saved_cs_client     = @@character_set_client */;
/*!40101 SET character_set_client = utf8 */;
CREATE TABLE `SecReport_bod` (
  `id` int(11) NOT NULL AUTO_INCREMENT,
  `bod1` datetime(6) DEFAULT NULL,
  `bod2` varchar(700) NOT NULL,
  `bod3` tinyint(1) NOT NULL,
  `bod4` tinyint(1) NOT NULL,
  `bod5` varchar(4) NOT NULL,
  `club_id` char(32) NOT NULL,
  `reportId_id` varchar(30) NOT NULL,
  `bod0` varchar(2) NOT NULL,
  PRIMARY KEY (`id`),
  KEY `SecReport_bod_club_id_f45a2cab_fk_Auth_account_id` (`club_id`),
  KEY `SecReport_bod_reportId_id_fe7b59ad_fk_SecReport_report_reportId` (`reportId_id`),
  CONSTRAINT `SecReport_bod_club_id_f45a2cab_fk_Auth_account_id` FOREIGN KEY (`club_id`) REFERENCES `Auth_account` (`id`),
  CONSTRAINT `SecReport_bod_reportId_id_fe7b59ad_fk_SecReport_report_reportId` FOREIGN KEY (`reportId_id`) REFERENCES `SecReport_report` (`reportId`)
) ENGINE=InnoDB AUTO_INCREMENT=139 DEFAULT CHARSET=utf8;
/*!40101 SET character_set_client = @saved_cs_client */;

--
-- Dumping data for table `SecReport_bod`
--

LOCK TABLES `SecReport_bod` WRITE;
/*!40000 ALTER TABLE `SecReport_bod` DISABLE KEYS */;
INSERT INTO `SecReport_bod` VALUES (16,NULL,'-',0,0,'013','ce501ebe815e46089159ac8d3216577f','89857-2020-07','0'),(19,'2020-07-12 00:00:00.000000','Discussion on upcoming plan, monthly reporting to counter parts, Dues, Blue book task ',0,0,'08','1f11904eeebf42878b5f338a0b1a62a6','218100-2020-07','01'),(20,'2020-07-06 00:00:00.000000','Introduction and briefing about club details',0,0,'23','4c29159ebcfa4d0d87c566d226213bf3','216012-2020-07','1'),(21,'2020-07-08 00:00:00.000000','Planning events to be held throughout the year',0,0,'19','4c29159ebcfa4d0d87c566d226213bf3','216012-2020-07','2'),(22,'2020-07-17 00:00:00.000000','Discussion regarding installation ceremony',1,0,'20','4c29159ebcfa4d0d87c566d226213bf3','216012-2020-07','3'),(23,'2020-07-28 00:00:00.000000','Selection of rotaract leaders and team names',0,0,'18','4c29159ebcfa4d0d87c566d226213bf3','216012-2020-07','4'),(24,'2020-07-30 00:00:00.000000','Planning of Rakshabandhan event',0,0,'18','4c29159ebcfa4d0d87c566d226213bf3','216012-2020-07','5'),(25,'2020-07-09 00:00:00.000000','PASSING THE MASTER BUDGET FOR RIY 20202-21 ',0,0,'22','89000d45fd5c4b168b8272453381af8a','215996-2020-07','1'),(26,'2020-08-02 00:00:00.000000','CLUB ASSEMBLY - SET THE DATE, REQUIREMENTS FOR THE SAME ',0,0,'12','89000d45fd5c4b168b8272453381af8a','215996-2020-07','2'),(27,'2020-01-01 00:00:00.000000','Passing BYLAWS for RIY 2020-21, Theme Reveal For RIY 2020-21',1,0,'14','e37a3c8fd097433e90fd3c0858c17ad3','215650-2020-07','1'),(28,'2020-07-28 00:00:00.000000','Discussion about an alternative way to make college authorities recognise the club, Discussion on Tentative date of Installation.',0,0,'15','e37a3c8fd097433e90fd3c0858c17ad3','215650-2020-07','2'),(31,'2020-07-17 00:00:00.000000','Discussion on the Mock Budget and the Rotary Ids for new members. The plan of action for the months of August and September was also discussed.',0,0,'12','fb64afba86c247ca95fd19554331a175','212790-2020-07','1'),(32,'2020-07-27 00:00:00.000000','Discussion on potential projects to do with our Parent Rotary club. Under the Editing avenue the Editor(Graphics) was assigned a task to make posters for the Last Word essay competition and the event on 9th August. Discussion on how to improve our PR strategy. Discussion with Rtr. Mason Hackett on a potential project with Small Biz Heroes. ',0,0,'10','fb64afba86c247ca95fd19554331a175','212790-2020-07','2'),(33,'2020-07-21 00:00:00.000000','to explain roles and responsibility',0,0,'14','ccf827237fe7403aae549fd534692339','215185-2020-07','1'),(34,'2020-07-02 00:00:00.000000','Discussion of resolutions of by-laws, budget, dues, signatories, cash-in-hand, upcming events',1,1,'13','a0a237735c3c4bb1b89d983740fa8503','215538-2020-07','1'),(35,'2020-07-03 00:00:00.000000','AVENUE ROLES RESPONSIBILITIES AN AVENUE EVENT PLANNING ',0,0,'12','3e8ce8c964564aed8e8f3459de263e98','216018-2020-07','1'),(36,'2020-07-11 00:00:00.000000','Discussion regarding club dues, Rotary registration, events to be conducted, work strategy',0,0,'0','6690b1952ff845639ef194c379bea35d','217388-2020-07','1'),(38,'2020-07-05 00:00:00.000000','Discussion of plans for the month of July',0,0,'10','0ddac7205a31434e831a197492924663','218199-2020-07','1'),(39,'2020-07-25 00:00:00.000000','Review of events conducted in July',0,0,'12','0ddac7205a31434e831a197492924663','218199-2020-07','2'),(45,'2020-07-15 00:00:00.000000','BOD Agenda- 15/07/2020  • Meeting call to order • National Anthem and Fourway test • Introduction of BOD to their roles • PR Plans by PRO • Proposal of new project by ISD • Plan for Club Trek • Meeting Adjourned',0,0,'11','97147f51d2404e569e41cefde4b5b095','213849-2020-07','1'),(46,'2020-07-15 00:00:00.000000','BOD Agenda- 20/07/2020  • Meeting call to order • National Anthem and Fourway test • Presentation of BYLAWS by President • Approval of BYLAWS • Meeting Adjourned',1,0,'11','97147f51d2404e569e41cefde4b5b095','213849-2020-07','1'),(48,'2020-07-11 00:00:00.000000','1. Introduction 2. Planning of further events 3. Best member/best BOD criteria discussion',0,0,'142','961ae0426023490f8e3df663adb1629e','217270-2020-07','1'),(49,'2020-07-01 00:00:00.000000','1. Budget and Bylaws Discussion, 2. Budget allocation to all the avenues, 3. Events and yearly Planning of the Club, 4. Vision and Mission of the Club for this new Tenure, 5. BOD roles and responsibilities towards the Club',0,0,'20','799910c44d554622997fa3b04588f310','7295-2020-07','1'),(50,'2020-07-03 00:00:00.000000','1. Introduction of all BOD members 2. Agenda for quarter year 3. Plans/events for upcoming month ',0,0,'16','bf43d41c50a04740a66244291fc1c7e8','214124-2020-07','1'),(51,'2020-07-18 00:00:00.000000','1. Event tree plantation 2. Agenda for orientation 3. Event Nidra Yoga',0,0,'15','bf43d41c50a04740a66244291fc1c7e8','214124-2020-07','2'),(52,'2020-07-11 00:00:00.000000','Passing of club bylaws and resolutions, Upcoming Avenue wise events, Participating in Paper bag event hosted by RC DYPIMS',1,0,'8','dd124ffaac4d458bab1c07ba7eea2a08','82736-2020-07','1'),(53,'2020-07-13 00:00:00.000000','Discussion regarding future events and getting quotations for club assets.',0,0,'16','572fe3a6672d4b3fab0873d178badb84','217518-2020-07','1'),(54,'2020-07-20 00:00:00.000000','Feedback of previous events and Planned some strategies for internal club bonding. ',0,0,'17','572fe3a6672d4b3fab0873d178badb84','217518-2020-07','2'),(55,'2020-07-25 00:00:00.000000','Work updates from each Director, distribution of work of EDFM as well as other club events. ',0,0,'17','572fe3a6672d4b3fab0873d178badb84','217518-2020-07','3'),(56,'2020-07-09 00:00:00.000000','1) Passing of Bylaws of 2020-21.  2) Discussion on E-sign of all the BOD. 3) Discussion on upcoming projects with all avenue directors. 4) Discussion on club theme and slogan. ',1,0,'13','06ce2af5cdab46c49ddcae245e21fc2b','91284-2020-07','1'),(58,'2020-07-16 00:00:00.000000','1) Main agenda of this meeting was to discuss about yearly plans of Rotary International Year 2020. Every Board of Director shared and exchanged their view and ideas. || 2) By-Laws of RIY 2019-20 carried forward in RIY 2020-21 with no changes. || 3) Master Budget for RIY 2020-21 passed. || 4) Resolution passed for opening second bank account (community) with 100% BoDs confirmation.',1,1,'24','f84868151e06483988da8bc582ff0488','85530-2020-07','1'),(59,'2020-07-01 00:00:00.000000','Discussion to Bid for E-DFM',0,0,'12','8986aa170b384276bca1c32cc58f207f','215090-2020-07','1'),(60,'2020-07-25 00:00:00.000000','Discussion of plans and update in club calendar',0,0,'11','8986aa170b384276bca1c32cc58f207f','215090-2020-07','2'),(61,'2020-07-07 00:00:00.000000','Reveal of theme and logo , introduction of bod,  bod training by IPP,  planning of events ',1,0,'13','1900411fd62348ebb5865d01a9bbe402','217268-2020-07','01'),(62,'2020-07-28 00:00:00.000000','Next month event planning,  feedback of BOD of 1st Month ',1,0,'12','1900411fd62348ebb5865d01a9bbe402','217268-2020-07','02'),(63,'2020-07-25 00:00:00.000000','Finalizing plans for friendship day event',0,0,'11','afd39471e84e42bca4546127e1872e93','218133-2020-07','1'),(64,'2020-07-22 00:00:00.000000','Transfer of fees of members, Fundcorps fund transfer and post collaboration',0,0,'12','c8540d4632614ba68079ab16526bf7c4','215167-2020-07','1'),(65,'2020-07-02 00:00:00.000000','Introductions and Role Familiarity',0,0,'16','ac52d90d734443abb9541d877f65ec1d','90983-2020-07','1'),(66,'2020-07-10 00:00:00.000000','Recap of District Training Program and Installation Planning',0,0,'15','ac52d90d734443abb9541d877f65ec1d','90983-2020-07','2'),(67,'2020-07-17 00:00:00.000000','Final steps to Installation and Icebreaker Session planning',0,0,'14','ac52d90d734443abb9541d877f65ec1d','90983-2020-07','3'),(68,'2020-07-24 00:00:00.000000','Planning of next CSD event Game Night',0,0,'14','ac52d90d734443abb9541d877f65ec1d','90983-2020-07','4'),(69,'2020-07-31 00:00:00.000000','Final plans of Game Night and Club Assembly preparation brief',0,0,'13','ac52d90d734443abb9541d877f65ec1d','90983-2020-07','5'),(72,'2020-07-12 00:00:00.000000','✅ Discuss about the Upcoming Projects with the Avenue Directors and look forward for collaborations .   ✅ PDD Session Discussion in collaboration with RCVN to be planned on 18th OR 19th of July Insisted by Parent Rotary .   ✅ Club Membership Growth .  ✅ Club Theme (IMP) .  ✅ Club Merchendize (Badges) Place the order .  ✅ Member Details Updation for RI Website . ',0,0,'12','7e9e23c5ba904711ab5bf9331aa15660','215663-2020-07','2'),(73,'2020-07-12 00:00:00.000000','Discussion on BOD & GBM Meeting details, Administrative Part , Upcoming Events, Orientation Plan',0,0,'13','5502ecd454804ae0aa56c90bf961fd7d','215200-2020-07','1'),(74,'2020-07-18 00:00:00.000000','Discussion on Plant from Home Event, PD session, Orientation Program, Calendar update',0,0,'12','5502ecd454804ae0aa56c90bf961fd7d','215200-2020-07','2'),(75,'2020-07-19 00:00:00.000000','Event planning',0,0,'9','730cfee2ff9e4c1b9aa68322f165b065','215992-2020-07','1'),(76,'2020-07-01 00:00:00.000000','1) Introductory BOD meeting of RCPZ.  2) Addressing about BOD Training Program. 3)Charge handover Ceremony Planning. 4)Avenue wise planning for RIY 2020-21',0,0,'13','36cfbc4e2ccc48d4a51335f7899aafcd','217271-2020-07','1'),(77,'2020-07-10 00:00:00.000000','Passing of the club ByLaws for RIY 2020-21  ',0,0,'16','4e36f62a5b8e434f8c70337015aee459','214399-2020-07','1'),(78,'2020-07-30 00:00:00.000000','30/07/20  The meeting commenced at 7:30 pm by the BOD and later president gave a positive and motivational speech to the occasion.-  Some points were appreciated and some mistakes were rectified of the first month.- The agenda for the meeting was as following :-  1)Positive vibes inculcation.   2) CMD; CSD; PDD; ISD discussion.  3) PR and editor Strategies.  4) BOD & rotaractor of the month.  5)Group interactions.  6) Tentative dates for the month of august.  7) Reporting format.  8)  Collection of data of the month.  9) Match Club / Twin Club details.  10) Basics of  event reporting. ',0,0,'13','ed5fc573f8494f9fa8705076e1c0eaf4','91876-2020-07','1'),(79,'2020-07-12 00:00:00.000000','Discussion of upcoming events and admin part of the BOD.',0,0,'12','59de4d891e8742be959eccf7e43a73dc','217239-2020-07','1'),(80,'2020-07-26 00:00:00.000000','E-signature resolution passing.',0,0,'10','59de4d891e8742be959eccf7e43a73dc','217239-2020-07','2'),(81,'2020-07-30 00:00:00.000000','August and September event planning and process.',0,0,'11','59de4d891e8742be959eccf7e43a73dc','217239-2020-07','3'),(82,'2020-07-10 00:00:00.000000','Z1 ZRs Rtr. Tejal & Rtr. Kedar explained how a meeting is conducted. All the BOD post holder explained their Roles & Responsibilities, ZRs g.uided them. P-S-T-V-P-SAA had separate discussion with ZRs, about core committee Responsibilities.',0,0,'21','8e4977ea3a674ac19c63eb746a75af25','218244-2020-07','1'),(83,'2020-07-26 00:00:00.000000','Discussion on the upcoming events. Rtr. Rashi Tiwari is elected as WRWC. CSD event to be conducted soon, brief discussion on bylaws, membership fees & installation ceremony.',0,0,'14','8e4977ea3a674ac19c63eb746a75af25','218244-2020-07','2'),(84,NULL,'No official BOD meeting conducted in the month of july.',0,0,'00','87f944413a5c4fa980b92530548ce2aa','45125-2020-07','00'),(86,'2020-07-13 00:00:00.000000','Board registration fees. Resolution and discussion on change of parent rotary and proposed parent rotary. PID,PRO,WR,FD plans and callendar discussion. Resolution for purchanse of online zoom platform for online meetings and events. discussion and resolution which logo to be used for which event. updates on registration of 2 bod each. PERITUS 1.0 discussion. SRDF discussion. Avenue wise budgeting. Orientation. Creatives to be done 3-4 days prior to event. Lacking in PR from bod. GBM meeting plans and date.',0,0,'14','9372373310d5404fb0d616b5c91dc4f1','215769-2020-07','01'),(87,'2020-07-23 00:00:00.000000','Rotaract Protocols. Detail discussion for GVL - Atmanirbhar event. Short introduction of Roles. Flow of the Event. Main Agenda Discussion. PR Strategy/How to reach out to max participants. Buffer entertainment discussion. Updates on Posters and Flyers. Assignment of MOC duties. Conclusive summary. Resolution for outsourcing the creative for Atmanirbhar event.  Conclusion. Rotaract Protocols. Adjournment.',0,0,'15','9372373310d5404fb0d616b5c91dc4f1','215769-2020-07','02'),(88,'2020-07-06 00:00:00.000000','S.T.A.R training review by all BODs(100% attendance in training), Discussion about Paper bag making and Sanitary disposable bags events. Discussion about Membership development.',0,0,'13','af76c8d5d3a1468c9a816c00f9d181b2','214181-2020-07','1'),(89,'2020-07-10 00:00:00.000000','Discussion about Club fees as well two Resolutions passed i.e. passing over amount from last year to current RIY in Indian bank and Resolution passed for E-Signature, E-Stamp.',0,0,'13','af76c8d5d3a1468c9a816c00f9d181b2','214181-2020-07','2'),(90,'2020-07-08 00:00:00.000000','First interaction with the BOD\'s and Discussion of events for the month of July.',0,0,'12','a8e59bdc667146b1b4926a1386d34a20','212752-2020-07','1'),(91,'2020-07-07 00:00:00.000000','Introduction of BoD\'s with each other',0,0,'18','79a90852a17f4b58a644b5fa561a0ce3','218034-2020-07','2'),(92,'2020-07-26 00:00:00.000000','Discussion about Bylaws',1,0,'10','305a0e24b2ce4cd0b395770f1bae6b6f','7303-2020-07','1'),(94,'2020-07-19 00:00:00.000000','DISCUSSION ON INSTALLATION GUEST,PLAN AND BANK ACCOUNT OPENING.',1,0,'8','59d0123bd01f4530a6face34ab581fcd','89276-2020-07','1'),(95,'2020-07-25 00:00:00.000000','DISCUSSION ON FUTURE PLAN AVENUE VISE',0,0,'888','59d0123bd01f4530a6face34ab581fcd','89276-2020-07','2'),(96,'2020-07-26 00:00:00.000000','BOD Training',0,0,'18','ec83115d4968402fae02a3e58b5479d7','218200-2020-07','1'),(97,'2020-07-30 00:00:00.000000','About upcoming event \"Let\'s Talk\"',0,0,'12','ec83115d4968402fae02a3e58b5479d7','218200-2020-07','2'),(98,'2020-07-07 00:00:00.000000','Meeting commenced at 8:00 PM introduction activity for directors followed by discussion of roles of each directors, clarification of doubts of directors, introduction to functioning of Rotaract Club. Briefing about Avenue Plans expected from directors and circulation of Bylaws for discussion in next meeting. The meeting adjourned at 9:13 PM. ',0,0,'18','1767b5c5fb96462fb17c0d13d7233e24','214764-2020-07','1'),(99,'2020-07-20 00:00:00.000000','Meeting commenced at 8:00 PM discussion of essence of by-laws and suggestions to make changes to such laws, quiz to be taken up soon. Discussion of district reporting guidelines, discussion of avenue plans briefing of directors about E-DFM and brief discussion on Club dues. Meeting adjourned at 8:57 PM.',0,0,'19','1767b5c5fb96462fb17c0d13d7233e24','214764-2020-07','2'),(100,'2020-07-07 00:00:00.000000','Rotaract Business,Explanation of district guidelines for submitting bid,Explanation of all the activities planned for the EDFM,Voting for the submission for club bid',0,0,'19','d91f2c8cf87d4c8d9c9d824946039399','218252-2020-07','1'),(101,'2020-07-17 00:00:00.000000','Rotaract Business,Review of all the events completed for each avenue till 16th July, 2020,Review and discussion of the upcoming planned/proposed initiative and collaborative avenue events for the upcoming month,Discussion about meeting with sponsor rotary,Discussion and PAO of EDFM,Feedback from BOD',0,0,'17','d91f2c8cf87d4c8d9c9d824946039399','218252-2020-07','2'),(102,'2020-07-28 00:00:00.000000','Rotaract Business,Planning of events taking place in August,Reporting and review of completed events,Announcement of E-DFM timeline,Feedback from all the BOD',0,0,'17','d91f2c8cf87d4c8d9c9d824946039399','218252-2020-07','3'),(103,'2020-07-10 00:00:00.000000','1) Discussion on Project: Rotaract Colloquium 1.0, 2) Discussion on Club Dues, 3) Discussion on future Jt. Projects with RC Kopundol (RID 3292), 4) Upcoming Jt. Projects with RC Panvel Elite, 5) Brainstorming session on upcoming projects, 6) Resolution for Club Pan card & Club Bank account.',0,0,'9','6a296ab4de49466885f1d9cd1c36f39b','217310-2020-07','1'),(104,'2020-07-24 00:00:00.000000','1) Approval for website, 2) Resolution on Club Dues, 3) Allotment of vacant designations, 4) CMD Project for eco - Ganesh Chathurti, 5) Project: Rakshbandhan, 6) Rotaract Colloquium 1.0: Announcement & Discussion.',0,0,'12','6a296ab4de49466885f1d9cd1c36f39b','217310-2020-07','2'),(105,'2020-07-06 00:00:00.000000','1. National anthem followed by four-way test 2.discussing about upcoming events 3.addressing by IPP about roles of board of directors 4.meeting adjourned',0,0,'14','c3e1578a68134694b76fe8d8137a8f5c','216452-2020-07','1'),(106,'2020-07-13 00:00:00.000000','1. National anthem followed by four way test 2. Discussing about upcoming event that is cultural craze 3. Team alloted for event 4. last meeting minutes read by secretary  5.meeting adjoint',0,0,'12','c3e1578a68134694b76fe8d8137a8f5c','216452-2020-07','2'),(107,'2020-07-26 00:00:00.000000','1. National anthem followed by four way test 2. Introducing new event under Avenue PDD \"read more\" 3. Small ice breaking session by CSD  4. Last meeting minutes read by secretary 5 . Meeting adjoint',0,0,'12','c3e1578a68134694b76fe8d8137a8f5c','216452-2020-07','3'),(110,'2020-07-02 00:00:00.000000','1. Planning of Project Aasraa  2. Discussion regarding creation of Bank Account  3. Ideas and planning for Installation',0,0,'12','c202c087a1704a618fb7a1a9b82c93bc','214094-2020-07','1'),(111,'2020-07-10 00:00:00.000000','1. Discussing issues regarding Bank Account  2. Letterhead, Club Banner and badges  3. Installation updates  4. Ideas for events in all avenues  5. Planning GBM  6. Planning Doodling and Mandala workshop',0,0,'11','c202c087a1704a618fb7a1a9b82c93bc','214094-2020-07','2'),(112,'2020-07-21 00:00:00.000000','1. Planning of Mobile Photography Event  2. Ideas for CSD ISD events for Ganpati festival  3. Updates on \"Awakening the Brain in your Body\" event',0,0,'10','c202c087a1704a618fb7a1a9b82c93bc','214094-2020-07','3'),(113,'2020-07-05 00:00:00.000000','Discussion about fees for members, future meeting dates and planing of two future projects',0,1,'11','cfb916abf45e43bfa2d7583b2ea16208','214609-2020-07','1'),(114,'2020-07-19 00:00:00.000000','Talked about new logo designs, participation in other club\'s events, talked about Rakshabandhan event',0,1,'10','cfb916abf45e43bfa2d7583b2ea16208','214609-2020-07','2'),(115,'2020-07-18 00:00:00.000000','Just introduction of everyone,Roles and responsibility,functioning of the club and event discussion',0,0,'14','0ebff91b144d4397a7b532a61696f6a7','217256-2020-07','1'),(116,'2020-07-29 00:00:00.000000','Executing events and other issues',0,0,'10','b9cee8bdfb2c414db184c3c9aeebb8dd','91641-2020-07','1'),(117,'2020-07-17 00:00:00.000000','Introduction of all BOD Members , Discussion of Rotaract Masks and Planing for  FEED THE NEED',0,0,'12','c06da831c6304b8bad6e7a5fa5ff9c53','214473-2020-07','1'),(118,'2020-07-06 00:00:00.000000','DEFM and club assembly planing',0,0,'16','1782bde2075547ac88c84c1f1083a4c6','70787-2020-07','1'),(119,'2020-07-14 00:00:00.000000','Discussion on match club events and club assembly',0,0,'15','1782bde2075547ac88c84c1f1083a4c6','70787-2020-07','2'),(120,'2020-07-06 00:00:00.000000','Discussion of Roles and Responsibilties23',0,0,'23','165e6750b26249a78ac3c7d8895e7e77','217454-2020-07','1'),(121,'2020-07-12 00:00:00.000000','Discussion of list of events for the months19',0,0,'19','165e6750b26249a78ac3c7d8895e7e77','217454-2020-07','2'),(122,'2020-07-19 00:00:00.000000','Discussion of membership fee, list of events',0,0,'20','165e6750b26249a78ac3c7d8895e7e77','217454-2020-07','3'),(125,'2020-07-12 00:00:00.000000','The agenda of the meeting was to meet all the BOD members in person. The agenda further comprised the discussion of the event which were completed, in progress and upcoming in the month of July.',0,0,'8','db1308ebb33b4935a82bbea31a066a22','213166-2020-07','1'),(126,'2020-07-10 00:00:00.000000','1. plans for upcoming months 2. planning of execution of the virtual session in coming week 3. ppts to be discussed 4. dues 5. editing things 6. pr events 7. club administration',0,0,'11','67e4cb7bc089491b922c56974fa29cd0','217267-2020-07','1'),(129,'2020-07-02 00:00:00.000000','10:00 pm - Meeting call to order. 10:02 pm - Brief Introduction of the incoming event &amp;#39;E-khel Mohotsav&amp;#39; by Club Service Director Rtr. Umesh Ombale .  10:05- Finalizing the games to be conducted during the event. 10:20- Allocation of the volunteers to every event. 10:25- Doubts and queries session. 10:33- Meeting Adjourned.',1,0,'19','866515193b8640f7a794a9819b785ccf','215402-2020-07','1'),(130,'2020-07-28 00:00:00.000000','5:00 pm - Meeting call to order. 5:02 pm- Discussion of E-Ryla with the parent club. 5:10 pm - Discussion of Next event on account of Rakshabandhan. 5:15pm- Discussion of Next event on account of Friendship day. 5:23pm - Exchange of views on Installation. 5:37 pm - Meeting Adjourned.',0,0,'21','866515193b8640f7a794a9819b785ccf','215402-2020-07','2'),(133,'2020-07-15 00:00:00.000000','passing of bylaws and buget,discion of upcoming plan',1,1,'23','62b707f26840436b8787087a60a6985f','69048-2020-07','1'),(134,'2020-07-12 00:00:00.000000','Passing of Bylaws and Master Budget, Handing over the letter of appointment.',1,1,'9','f03bf3a5568d4b93bfa606e6be044760','217226-2020-07','1'),(135,'2020-07-12 00:00:00.000000','Work Distribution, events Alignment and Discussion on event to be organized',0,0,'15','3ea408fc1d904a0c96804d8a92f077c6','215661-2020-07','1'),(136,'2020-07-18 00:00:00.000000','August Month Planning, Events Discussion ',0,0,'14','3ea408fc1d904a0c96804d8a92f077c6','215661-2020-07','2'),(137,'2020-07-25 00:00:00.000000','Rotary Project , Installation and Next Month Planning',0,0,'14','3ea408fc1d904a0c96804d8a92f077c6','215661-2020-07','03'),(138,'2020-07-11 00:00:00.000000','Discussion regarding upcoming events for July month',0,0,'18','acf8c0d4bfe149d3a9b1b48ecaa4b1ca','214097-2020-07','1');
/*!40000 ALTER TABLE `SecReport_bod` ENABLE KEYS */;
UNLOCK TABLES;

--
-- Table structure for table `SecReport_event`
--

DROP TABLE IF EXISTS `SecReport_event`;
/*!40101 SET @saved_cs_client     = @@character_set_client */;
/*!40101 SET character_set_client = utf8 */;
CREATE TABLE `SecReport_event` (
  `id` int(11) NOT NULL AUTO_INCREMENT,
  `event0` datetime(6) DEFAULT NULL,
  `event1` varchar(35) NOT NULL,
  `event2` varchar(3) NOT NULL,
  `event3` varchar(5) NOT NULL,
  `event4` varchar(5) NOT NULL,
  `event5` varchar(7) NOT NULL,
  `event6` varchar(700) NOT NULL,
  `event7` varchar(100) NOT NULL,
  `club_id` char(32) NOT NULL,
  `reportId_id` varchar(30) NOT NULL,
  PRIMARY KEY (`id`),
  KEY `SecReport_event_club_id_3349ac0f_fk_Auth_account_id` (`club_id`),
  KEY `SecReport_event_reportId_id_86911902_fk_SecReport` (`reportId_id`),
  CONSTRAINT `SecReport_event_club_id_3349ac0f_fk_Auth_account_id` FOREIGN KEY (`club_id`) REFERENCES `Auth_account` (`id`),
  CONSTRAINT `SecReport_event_reportId_id_86911902_fk_SecReport` FOREIGN KEY (`reportId_id`) REFERENCES `SecReport_report` (`reportId`)
) ENGINE=InnoDB AUTO_INCREMENT=649 DEFAULT CHARSET=utf8;
/*!40101 SET character_set_client = @saved_cs_client */;

--
-- Dumping data for table `SecReport_event`
--

LOCK TABLES `SecReport_event` WRITE;
/*!40000 ALTER TABLE `SecReport_event` DISABLE KEYS */;
INSERT INTO `SecReport_event` VALUES (17,'2020-07-11 00:00:00.000000','Life is a Hobby','CS','250','1','0','President N CSDsigned a match club agreementwith RC Pune Salisbury N RC Pune Shaniwarwad','https://www.instagram.com/p/CDRpwiTJTGV/?utm_source=ig_web_copy_link','ce501ebe815e46089159ac8d3216577f','89857-2020-07'),(18,'2020-07-11 00:00:00.000000','Life is a Hobby','PD','250','1','0','we along with 22 RC hosted a online PD session','https://www.instagram.com/p/CDRpwiTJTGV/?utm_source=ig_web_copy_link','ce501ebe815e46089159ac8d3216577f','89857-2020-07'),(19,NULL,'BDNE','PD','41','3','0','-','https://www.instagram.com/p/CCgmBw9g74t/?utm_source=ig_web_copy_link','ce501ebe815e46089159ac8d3216577f','89857-2020-07'),(20,'2020-07-11 00:00:00.000000','Deboniar voice','PD','15','96','0','We RCSDC organized a writing and poetry competition on the occasion of world skills day.','https://www.instagram.com/p/CCWQ1O5gIon/?utm_source=ig_web_copy_link','ce501ebe815e46089159ac8d3216577f','89857-2020-07'),(21,'2020-07-11 00:00:00.000000','Deboniar voice','CS','15','96','0','We RCSDC organized a writing and poetry competition on the occasion of world skills day.','https://www.instagram.com/p/CC02im3AAeu/?utm_source=ig_web_copy_link','ce501ebe815e46089159ac8d3216577f','89857-2020-07'),(22,'2020-07-19 00:00:00.000000','Tree Plantation','CM','10','1','0','We with 13 other Rc planted a sapling N those could not plant helped creating awareness.','https://www.instagram.com/p/CC0dB2BAFk_/?utm_source=ig_web_copy_link','ce501ebe815e46089159ac8d3216577f','89857-2020-07'),(23,'2020-07-31 00:00:00.000000','Mask Donation','CM','10','2','0','We RCS distributed 70 mask N educated people how to use a mask.','https://www.instagram.com/p/CDTzxWApRIw/?utm_source=ig_web_copy_link','ce501ebe815e46089159ac8d3216577f','89857-2020-07'),(26,'2020-07-01 00:00:00.000000','Fighters of Pan','CM','04','4','0','Distributed Immunity boosters to 25 doctors and  25 cleanliness workers near Tingre nagar  ','https://www.instagram.com/tv/CCG9rlngusp/?igshid=1a46xiejb9ols','1f11904eeebf42878b5f338a0b1a62a6','218100-2020-07'),(27,'2020-07-17 00:00:00.000000','Tambola Night ','CS','10','2','0','Club Bonding session hosted by Rtr Vaishanvi Saraf. A session on numbers, song,virtual interaction ','https://www.instagram.com/p/CC3U7BfgKpG/?igshid=ydx2c1jt7i67','1f11904eeebf42878b5f338a0b1a62a6','218100-2020-07'),(28,NULL,'RRRO meet ','CS','09','2','0','Interactive session with other two sibling Clubs and our sponsoring club ','https://www.instagram.com/p/CC5-R0KA51F/?igshid=1ha4p7m9neuyj','1f11904eeebf42878b5f338a0b1a62a6','218100-2020-07'),(29,'2020-07-23 00:00:00.000000','Maizaan ','PD','10','2','0','We collaborated with RC Humanitas in the initiative by RC Global Youth the session on mental health ','https://www.instagram.com/p/CDI4Xq5gJTG/?igshid=1603zdqwe5bgl','1f11904eeebf42878b5f338a0b1a62a6','218100-2020-07'),(30,'2020-07-07 00:00:00.000000','Twin  Club Agr','IS','10','2','0','We Initiated Twin Club Agreement with RC Singer Srilanka ','-','1f11904eeebf42878b5f338a0b1a62a6','218100-2020-07'),(31,'2020-07-14 00:00:00.000000','Sister club Agr','IS','06','1','0','We Initiated Sister club  agreement with RC KCCOE, Mumbai  ','-','1f11904eeebf42878b5f338a0b1a62a6','218100-2020-07'),(32,'2020-07-31 00:00:00.000000','Surilee ','CS','07','3','0','Bonding session With Sponsoring club and two Sibling clubs ','https://www.instagram.com/rcp_camphorizon/?igshid=1wdgjrx849a7b','1f11904eeebf42878b5f338a0b1a62a6','218100-2020-07'),(33,'2020-08-03 00:00:00.000000','Rakshabandhan ','IS','108','6','0','People had to post their photos with their brother or sister (specially brother giving a mask and sanitizer to sister)','https://www.instagram.com/p/CDee6ZyA2ya/?igshid=inhjeohom3sf','4c29159ebcfa4d0d87c566d226213bf3','216012-2020-07'),(34,'2020-07-01 00:00:00.000000','Behind The White Coat','CM','85','120','0','All the president bachmates of RIY 20202-21 reached out to many doctors and their families to thank them and acknowledge their dedication.','https://www.instagram.com/p/CCqb8ZcAlut/','89000d45fd5c4b168b8272453381af8a','215996-2020-07'),(35,'2020-07-01 00:00:00.000000','Behind The White Coat','IS','85','120','0','All the president bachmates of RIY 20202-21 reached out to many doctors and their families to thank them and acknowledge their dedication.','https://www.instagram.com/p/CCqb8ZcAlut/','89000d45fd5c4b168b8272453381af8a','215996-2020-07'),(36,'2020-07-12 00:00:00.000000','Paper bag day ','CM','08','4','0','ROTARACT CLUB OF DYPIMS organized an event on 12th July 2020, on the occasion of PAPER BAG DAY. RCVN collaborated with them and we made 78 bags and distributed them with precautions.','https://www.instagram.com/p/CCqcepggctd/','89000d45fd5c4b168b8272453381af8a','215996-2020-07'),(37,'2020-07-18 00:00:00.000000','Ludo Tournament','CS','8','2','0','Ice breaking session with RC Salisbury','https://www.instagram.com/p/CDR2Zc2AmII/','89000d45fd5c4b168b8272453381af8a','215996-2020-07'),(38,'2020-07-18 00:00:00.000000','A B C D\'S of Leadership','PD','114','2','0','RCVN and RCKP co-hosted the event along with 7 other clubs. The speaker was Col. Anand. The Parent Rotary was involved. RC PUNE ROYAL, RC PIMPRI, RC BIBWEBADI and RC ZENITH - Match Club Signed.','https://www.instagram.com/p/CC0RTBWg878/','89000d45fd5c4b168b8272453381af8a','215996-2020-07'),(39,'2020-07-26 00:00:00.000000','E zonal Club Orientation','PD','14','2','0','Conducted by district club advisor, Rtr. Umang Shah.','-','89000d45fd5c4b168b8272453381af8a','215996-2020-07'),(40,'2020-07-26 00:00:00.000000','Everything I Never Told You','CS','15','6','0','RCVN hosted this event on the National Parents Day. 4 other clubs - RC Pune Royal, RC Poona Royal, RC Amanora Youngistaan and RC Bulsar CRT 3060 collaborated. Shared family pictures and mentioned the memories attached to them.','https://www.instagram.com/p/CDHCtaVA1JX/','89000d45fd5c4b168b8272453381af8a','215996-2020-07'),(41,'2020-07-26 00:00:00.000000','Everything I Never Told You','IS','15','6','0','RCVN hosted this event on the National Parents Day. 4 other clubs - RC Pune Royal, RC Poona Royal, RC Amanora Youngistaan and RC Bulsar CRT 3060 collaborated. Shared family pictures and mentioned the memories attached to them.','https://www.instagram.com/p/CDHCtaVA1JX/','89000d45fd5c4b168b8272453381af8a','215996-2020-07'),(42,'2020-07-28 00:00:00.000000','Ice breaking session ','CS','15','1','0','Played games and got to know the other club members.','https://www.instagram.com/p/CDMWoMKABZU/','89000d45fd5c4b168b8272453381af8a','215996-2020-07'),(43,'2020-07-01 00:00:00.000000','Behind the white coat','CM','100','720','0','\"Behind the white coat\" was a heartfelt initiative by Presidents and ISDs of different RIDs, to pay respect and as an act of sheer expression of gratefulness Towards the medical fraternity and the amazing job they have been doing during the on going pandemic.','https://www.instagram.com/tv/CCX4es1DNsD/?utm_source=ig_web_copy_link','e37a3c8fd097433e90fd3c0858c17ad3','215650-2020-07'),(44,'2020-07-01 00:00:00.000000','Behind the white coat','IS','100','720','0','\"Behind the white coat\" was a heartfelt initiative by Presidents and ISDs of different RIDs, to pay respect and as an act of sheer expression of gratefulness Towards the medical fraternity and the amazing job they have been doing during the on going pandemic.','https://www.instagram.com/tv/CCX4es1DNsD/?utm_source=ig_web_copy_link','e37a3c8fd097433e90fd3c0858c17ad3','215650-2020-07'),(45,'2020-07-11 00:00:00.000000','Parent Rotary Club Installation','CS','10','4','0','We, the rotaractors of Rotaract club of VIIT were cordially invited to the E-installation ceremony of our supportive Sponsor Rotary, Rotary club of Pune NIBM , via Zoom app.','https://www.instagram.com/p/CCygmBJj1x0/?utm_source=ig_web_copy_link','e37a3c8fd097433e90fd3c0858c17ad3','215650-2020-07'),(46,'2020-07-16 00:00:00.000000','Ice-Breaking Session','CS','45','5','0','We conducted our first GBM meeting. This was an ice breaking session where every member introduced themselves.','https://www.instagram.com/p/CCwL02gDvxR/?utm_source=ig_web_copy_link','e37a3c8fd097433e90fd3c0858c17ad3','215650-2020-07'),(47,'2020-07-19 00:00:00.000000','Match-Club','CS','27','24','0','We along with RCPY and RC Pune Hillside conducted an ice-breaking session where every member first introduced themselves and later narrated their funny \"Technical Glitch\" story, after the event hosted by us \"IN\'s and OUT\'s Of GITHUB\". Following that,  we also signed a Match Club Agreement with both the clubs.','https://www.instagram.com/p/CC3Fp7eDPz6/?utm_source=ig_web_copy_link','e37a3c8fd097433e90fd3c0858c17ad3','215650-2020-07'),(48,'2020-07-19 00:00:00.000000','IN(s) AND OUT(s) OF GITHUB','PD','60','48','0','We along with of RCPY and RC Pune Hillside successfully hosted the event \"IN(s) AND OUT(s) OF GITHUB\" which was conducted by Rtr. Prasad Seth. The insightful session included basics of GitHub.','https://www.instagram.com/p/CC3xY5RDGeo/?utm_source=ig_web_copy_link','e37a3c8fd097433e90fd3c0858c17ad3','215650-2020-07'),(49,'2020-07-19 00:00:00.000000','Peritus 1.0','PD','168','150','0','We along with 7 host clubs from Rotaract District 3131 along with 20 collaborating clubs from various districts hosted this event on the occasion of World Youth\'s Skill Day.','https://www.instagram.com/p/CC3un8MDgfn/?utm_source=ig_web_copy_link','e37a3c8fd097433e90fd3c0858c17ad3','215650-2020-07'),(50,'2020-07-19 00:00:00.000000','Peritus 1.0','IS','168','150','0','We along with 7 host clubs from Rotaract District 3131 along with 20 collaborating clubs from various districts hosted this event on the occasion of World Youth\'s Skill Day.','https://www.instagram.com/p/CC3un8MDgfn/?utm_source=ig_web_copy_link','e37a3c8fd097433e90fd3c0858c17ad3','215650-2020-07'),(51,'2020-07-19 00:00:00.000000','Baaltaru','CM','30','72','0','We collabed with RCSAOE for this, which was on tree plantation & awareness about trees & environment. ','https://www.instagram.com/p/CC1BJv_jFDq/?utm_source=ig_web_copy_link','e37a3c8fd097433e90fd3c0858c17ad3','215650-2020-07'),(52,'2020-07-25 00:00:00.000000','Club Bonding Activity','CS','33','6','0','We conducted a fellowship meet (Club Bonding Activity) on google meet, where we played some fun games fro better bonding of club members.','https://drive.google.com/drive/folders/1KT6pH24t_R-Y3AxCe7lU-XgVVTme_gTD?usp=sharing','e37a3c8fd097433e90fd3c0858c17ad3','215650-2020-07'),(53,'2020-07-26 00:00:00.000000','FamExpresso','CS','6','3','0','We collaborated with RC RSCOE, We posted participants photos with their parents on instagram stories and dedicated this to parents.','https://drive.google.com/drive/folders/1iHJP6LKlibejKsRvAMXuhTW7c8y-OGuB?usp=sharing','e37a3c8fd097433e90fd3c0858c17ad3','215650-2020-07'),(56,'2020-07-12 00:00:00.000000','Product Hype','PD','50','12','0','A competition based on the concept of Shark Tank organised under the PD avenue for our club members. There were 11 teams participating to showcase their products in front of a panel of jury members. At the end of the session 3 winners were announced.','https://www.instagram.com/p/CCkoC0Wgfax/?igshid=amb1of90sh7d','fb64afba86c247ca95fd19554331a175','212790-2020-07'),(57,'2020-07-19 00:00:00.000000','Funky Kona (Dabba Painting)','CS','29','3','0','Funky Kona aimed at making mundane objects,like Dabbas, fun and funky . The session was conducted by Alifiya Haideri who guided the members through the process of painting regular kitchen dabbas. The event was carried out under the CSD avenue. The members got a chance to showcase their creativity at the end of the session.','https://www.instagram.com/p/CC0qY9WgMWI/?igshid=1kfad7afdlbnz','fb64afba86c247ca95fd19554331a175','212790-2020-07'),(58,'2020-07-26 00:00:00.000000','Fact It Out! and Mask Making','CM','37','6','0','The two activities were conducted under the CMD avenue. Rtr. Suparna Sahajwalla ,with the help of a presentation, explained the importance of fact checking information from unbiased sources and gave a few recent examples of viral fake news. Rtr. Zainab Kapasi taught the members how to make three layered cotton face masks using materials found at home.','https://www.instagram.com/p/CDItntFA0o9/?igshid=sf0h9ytldaah','fb64afba86c247ca95fd19554331a175','212790-2020-07'),(59,'2020-07-19 00:00:00.000000','Installation ceremony','CM','50','1','0','Installation Ceremony for RIY 2020-21 in the presence of honorable Chief Guest Rtn.Manojeet Chowdhary Sir, President -  Rotary Club of Pune Sports City and honored by DRR. Rtr. Shradha Lamkhede with their Co-teams and other Rotaractors and members of Rotaract Clubs of District.','https://www.instagram.com/p/CC3h9qegQeF/?igshid=kdn03gvtxijd','ccf827237fe7403aae549fd534692339','215185-2020-07'),(60,'2020-07-22 00:00:00.000000','Art of Startup','PD','11','2','0','RC_DPU has come up with an amazing . Personality development session , which is going to give you the motivation to became an \" Entrepreneur \"','https://www.instagram.com/p/CC6UphXAYlS/?igshid=6ptf7plrnaem','ccf827237fe7403aae549fd534692339','215185-2020-07'),(61,'2020-08-26 00:00:00.000000','Kargil Vijay Diwas ','CM','50','1','0','Lets salute the brave hearts, who laid down their lives for our nation, Lets pay tribute to the real heroes on this auspicious day of Kargil Vijay Diwas. More than 500 soldiers laid down their lives in the Kargil War.','https://www.instagram.com/p/CDFxyVfAIGy/?igshid=1911rluu12x8d','ccf827237fe7403aae549fd534692339','215185-2020-07'),(62,'2020-08-28 00:00:00.000000','World Nature Conservation day !!!!!','CM','40','1','0','Celebrated on July 28 each year, World Nature Conservation Day recognizes that a healthy environment is the foundation for a stable and productive society and to ensure the well-being of present and future generations, we all must participate to protect, conserve, and sustainably manage our natural resources.','https://www.instagram.com/p/CDL-ZMtAhVO/?igshid=1dckrau9uvn0i','ccf827237fe7403aae549fd534692339','215185-2020-07'),(63,'2020-07-01 00:00:00.000000','Doctors day event: Thank you Doctor','CM','12','12','0','thanking doctors for their work','-','a0a237735c3c4bb1b89d983740fa8503','215538-2020-07'),(64,'2020-07-01 00:00:00.000000','Doctors day event: Thank you Doctor','IS','12','12','0','thanking doctors for their work','-','a0a237735c3c4bb1b89d983740fa8503','215538-2020-07'),(65,'2020-07-04 00:00:00.000000','co-ops day meeting','IS','8','8','0','set a goal to help environment have a fresh start','-','a0a237735c3c4bb1b89d983740fa8503','215538-2020-07'),(66,'2020-07-04 00:00:00.000000','District BOD training','PD','11','22','0','BOD members were familierised with their role and rotaract','-','a0a237735c3c4bb1b89d983740fa8503','215538-2020-07'),(67,'2020-07-10 00:00:00.000000','The little paw','CM','5','5','0','Feeding stray animals','-','a0a237735c3c4bb1b89d983740fa8503','215538-2020-07'),(68,'2020-07-10 00:00:00.000000','The little paw','IS','5','5','0','Feeding stray animals','-','a0a237735c3c4bb1b89d983740fa8503','215538-2020-07'),(69,'2020-07-15 00:00:00.000000','Leaning towards good mental health','PD','7','14','0','Mental health awareness','-','a0a237735c3c4bb1b89d983740fa8503','215538-2020-07'),(70,'2020-07-25 00:00:00.000000','Quizvid-19','CS','60','150','700','Online quiz competetion on popular movies and web series','https://www.instagram.com/p/CDRKzK-A4NF/?igshid=19mw6eri4e4s1','a0a237735c3c4bb1b89d983740fa8503','215538-2020-07'),(71,'2020-07-01 00:00:00.000000','BEHIND THE WHITE COAT','CS','70','5','0','BEHIND THE WHITE COAT -110+ videos and 70+ clubs(PR +ISD)','https://www.instagram.com/p/CCOvlTag8e5/','3e8ce8c964564aed8e8f3459de263e98','216018-2020-07'),(72,'2020-07-03 00:00:00.000000','TINY ROTARACT TALES (TRT)','CM','25','7','0','EDITOR /PR/PID (stories about their rotaract journeys)','https://www.instagram.com/p/CDUK_gig7qu/','3e8ce8c964564aed8e8f3459de263e98','216018-2020-07'),(73,'2020-07-09 00:00:00.000000','DUMB CHARADES','CS','16','3','0','DUMB CHARADES - ICE BREAKER','https://www.instagram.com/p/CDUNgq0AGEC/','3e8ce8c964564aed8e8f3459de263e98','216018-2020-07'),(74,'2020-07-04 00:00:00.000000','PRESTO- STAR','PD','14','15','0','DIST BOD TRAINING ','https://www.instagram.com/p/CCTwlnigCSd/','3e8ce8c964564aed8e8f3459de263e98','216018-2020-07'),(75,'2020-07-08 00:00:00.000000','PSYCHE','CS','13','3','0','WEEKLY WEDNESAY CSD EVENT ','https://www.instagram.com/p/CDUNirsAMeK/','3e8ce8c964564aed8e8f3459de263e98','216018-2020-07'),(76,'2020-07-10 00:00:00.000000','NURTYFIT','PD','0','0','0','TIP 1( SPORTS +PR )','https://www.instagram.com/p/CC02VJfA5SG/','3e8ce8c964564aed8e8f3459de263e98','216018-2020-07'),(77,'2020-07-11 00:00:00.000000','BUSINESS DEVELOPMENT  ENTR.SHIP','PD','50','2','0','BUSINESS DEVELOPMENT AND ENTREPRENURESHIP SKILLS COLLABORATION WITH RC DENTAL AND RC BIBWEWADI PUNE ','https://www.instagram.com/p/CCgmBw9g74t/','3e8ce8c964564aed8e8f3459de263e98','216018-2020-07'),(78,'2020-07-15 00:00:00.000000','SCATTERGORIES','CS','16','3','0','WEEKLY WENESSAY CSD','https://www.instagram.com/p/CDUNlEigTBw/','3e8ce8c964564aed8e8f3459de263e98','216018-2020-07'),(79,'2020-07-17 00:00:00.000000','PICTIONARY','CS','10','2','0','CSD ','https://www.instagram.com/p/CDUNovYASRN/','3e8ce8c964564aed8e8f3459de263e98','216018-2020-07'),(80,'2020-07-09 00:00:00.000000','ZONAL MEETING','CS','24','1','0','ZONE 5 MEETING CSD','https://www.instagram.com/p/CCblEpwAkTO/','3e8ce8c964564aed8e8f3459de263e98','216018-2020-07'),(81,'2020-07-19 00:00:00.000000','NUTRIFIT','PD','25','0','0','TIP 2 NUTRIFIT AWARENESS','https://www.instagram.com/p/CC02VJfA5SG/','3e8ce8c964564aed8e8f3459de263e98','216018-2020-07'),(82,'2020-07-20 00:00:00.000000','PLANT FROM HOME','CM','0','0','0','TREE PLANTATION COLLABORATED BY RC URJA','https://www.instagram.com/p/CDUNvLog-32/','3e8ce8c964564aed8e8f3459de263e98','216018-2020-07'),(83,'2020-07-20 00:00:00.000000','BALTARU','CM','0','0','0','TREE PLANTATION INITIATED BY RC SAOE','https://www.instagram.com/p/CDUNwwjgfd8/','3e8ce8c964564aed8e8f3459de263e98','216018-2020-07'),(84,'2020-07-20 00:00:00.000000','DIABETES AWARENESS DRIVE','IS','0','0','0','COLLABORATED BY RC VIZAG CITY RID 3020(MADHUMEHA AWARENESS PROGRAMME)','https://www.instagram.com/p/CDULh89Anrd/','3e8ce8c964564aed8e8f3459de263e98','216018-2020-07'),(85,'2020-07-22 00:00:00.000000','DUMB CHARADES','CS','12','4','0','CLUB BONDING AFTER GBM','https://www.instagram.com/p/CDUPWJ5gzuI/','3e8ce8c964564aed8e8f3459de263e98','216018-2020-07'),(86,'2020-07-23 00:00:00.000000','ZODIAC MENIAC','CS','0','0','0','PR ONLINE ','https://www.instagram.com/p/CC_EDDhAkOP/','3e8ce8c964564aed8e8f3459de263e98','216018-2020-07'),(87,'2020-07-26 00:00:00.000000','IN HER WORDS','PD','90','1','0','PAULA MCGLYNN (COFOUNDER OF BHADIPA) PR + PID (INDEPENDENTLY HOSTED)','https://www.instagram.com/p/CDGbGewgtSN/','3e8ce8c964564aed8e8f3459de263e98','216018-2020-07'),(88,'2020-07-26 00:00:00.000000','NUTRIFIT','PD','0','0','0','TIP 3 IMPORTANT FOR MUSCLE BUILDING','https://www.instagram.com/p/CDHVCvnAzjJ/','3e8ce8c964564aed8e8f3459de263e98','216018-2020-07'),(89,'2020-07-29 00:00:00.000000','MIND YOGA','CM','11','2','0','CSD ACTIVITY AFTER GBM','https://www.instagram.com/p/CDUNpqngvNS/','3e8ce8c964564aed8e8f3459de263e98','216018-2020-07'),(90,'2020-07-29 00:00:00.000000','LETTERHEAD EXCHANGE','IS','0','0','0','RC PES UNIVERSITY RID 3190','https://www.instagram.com/p/CDUL24LgcNy/','3e8ce8c964564aed8e8f3459de263e98','216018-2020-07'),(91,'2020-07-11 00:00:00.000000','Life is a hobby','PD','14','28','0','Milind Tambe sir introduced all of us to a new perspective towards life','https://www.instagram.com/p/CCjJLLogEE3/?igshid=3qhryp5h02op','6690b1952ff845639ef194c379bea35d','217388-2020-07'),(92,'2020-07-11 00:00:00.000000','Life is a hobby','IS','14','28','0','Initiated by RCP Zenith and we co-hosted in this event with other 22 clubs.','https://www.instagram.com/p/CCjJLLogEE3/?igshid=3qhryp5h02op','6690b1952ff845639ef194c379bea35d','217388-2020-07'),(93,'2020-07-12 00:00:00.000000','Fashion & Modelling','PD','12','18','0','Modelling career : Pre & Post covid was discussed','https://www.instagram.com/p/CCwL4oNAdgt/?igshid=1iykj2arn1k58','6690b1952ff845639ef194c379bea35d','217388-2020-07'),(94,'2020-07-12 00:00:00.000000','Fashion & Modelling','CS','12','18','0','We had a match club agreement and interaction with RCSAOE.','https://www.instagram.com/p/CCwL4oNAdgt/?igshid=1iykj2arn1k58','6690b1952ff845639ef194c379bea35d','217388-2020-07'),(95,'2020-07-12 00:00:00.000000','Paper bag day','PD','14','7','0','We learned how to make paper bags.','https://www.instagram.com/p/CCjHz0mALej/?igshid=14e7ap5ir3jrs','6690b1952ff845639ef194c379bea35d','217388-2020-07'),(96,'2020-07-12 00:00:00.000000','Paper bag day','CM','14','7','0','We made paper bags and distributed them in the shops nearby our homes. ','https://www.instagram.com/p/CCjHz0mALej/?igshid=14e7ap5ir3jrs','6690b1952ff845639ef194c379bea35d','217388-2020-07'),(97,'2020-07-12 00:00:00.000000','Paper bag day','IS','14','7','0','This event was initiated by RC DYPIMS and collaborated with 18 other clubs.','https://www.instagram.com/p/CCjHz0mALej/?igshid=14e7ap5ir3jrs','6690b1952ff845639ef194c379bea35d','217388-2020-07'),(98,'2020-07-23 00:00:00.000000','Maizaan','PD','18','27','0','Our resource person, Itu Chandak, gave us some important learnings about it. This event was initiated by RC Global Youth and we collaborated with RC Camp Horizon.','https://www.instagram.com/p/CDBjBUXAQag/?igshid=uccgn2544jw7','6690b1952ff845639ef194c379bea35d','217388-2020-07'),(99,'2020-07-26 00:00:00.000000','Kargil Vijay Divas','PD','23','5','0','This was a PR + PDD event in which we conducted an online quiz on our Instagram page and posted few facts about the day.','https://www.instagram.com/p/CDHUiJRA0U-/?igshid=156ip1wk5wbq3','6690b1952ff845639ef194c379bea35d','217388-2020-07'),(112,'2020-07-01 00:00:00.000000','Gratitude For Doctors','IS','49','1','0','We successfully collaborated with RC Kolhapur and RC Silvercity Mohali on the occasion of Doctor\'s Day on 1st July.','https://www.instagram.com/p/CCKuu9TgcC6/?utm_source=ig_web_copy_link','0ddac7205a31434e831a197492924663','218199-2020-07'),(113,'2020-07-02 00:00:00.000000','What is Rotaract?','PD','20','1','0','We had a session on What is Rotaract, where PP Rtr. Siddhesh Gaikwad and PP Rtr. Parth Jaokar spoke about their rotaract journeys.','https://www.instagram.com/p/CCkkorjA7I9/?utm_source=ig_web_copy_link','0ddac7205a31434e831a197492924663','218199-2020-07'),(114,'2020-07-10 00:00:00.000000','The Little Paw','CM','5','1','0','We collaborated with RC Panvel Central in their initiative. Members of the club fed stray dogs because these furry little creatures have also suffered during the lockdown. We are making sure to feed them not just on one day, but everyday! ','https://www.instagram.com/p/CCknpkjg6Wx/?utm_source=ig_web_copy_link','0ddac7205a31434e831a197492924663','218199-2020-07'),(115,'2020-07-12 00:00:00.000000','Never Have I Ever','CS','19','1','0','We had our first General Body Meeting with all members. We played a fun round of Never Have I Ever and got to know each other even better.','https://www.instagram.com/p/CCjUAGRAG-j/?utm_source=ig_web_copy_link','0ddac7205a31434e831a197492924663','218199-2020-07'),(116,'2020-07-15 00:00:00.000000','Art Workshop','PD','65','2','0','We collaborated with 4 clubs from RID 3131. We all thoroughly enjoyed the process and learnt a lot of new techniques. ','https://www.instagram.com/p/CCsUPxJAoeC/?utm_source=ig_web_copy_link','0ddac7205a31434e831a197492924663','218199-2020-07'),(117,'2020-07-17 00:00:00.000000','International Law and Justice','PD','76','1','0','We collaborated with 8 clubs from various districts, on occasion of International Justice Day. It was a very informative session and all participants were brushed up on a lot of International Laws and Courts.','https://www.instagram.com/p/CCv1lGPgPmP/?utm_source=ig_web_copy_link','0ddac7205a31434e831a197492924663','218199-2020-07'),(118,'2020-07-19 00:00:00.000000','ReLudoEd','CM','156','3','0','With an enthusiastic participation count of 156 people, we donated an amount of Rs.4120  in it\'s first Fundraising event - Re\"Ludo\"Ed conducted from 19-20th July.','https://www.instagram.com/p/CDtSG0PAJhv/?utm_source=ig_web_copy_link','0ddac7205a31434e831a197492924663','218199-2020-07'),(119,'2020-07-22 00:00:00.000000','Musical House Hunt','CS','26','2','0','Rotaract Club of Pune Renaissance had a joint event with our Parent Rotary- Rotary Club of Pune Sarasbaug on 22nd August. We played a game of Musical House Hunt where the host sent snippets of few songs and participants had to search for objects mentioned in that snippet and send pictures!','https://www.instagram.com/p/CC-jGXGAr5V/?utm_source=ig_web_copy_link','0ddac7205a31434e831a197492924663','218199-2020-07'),(128,'2020-07-01 00:00:00.000000','BEHIND THE WHITE COAT','CM','35','350','0','BEHIND THE WHITE COAT Rotaract Club of Panvel Industrial town and the  President Elects of District 3131 collaborated with 65+ clubs from around 11 RI districts from 7 countries to pay our tribute to the covid warriors and spread there opinion.','-','97147f51d2404e569e41cefde4b5b095','213849-2020-07'),(129,'2020-07-05 00:00:00.000000','टोळी Tales','PD','70','48','0','टोळी Tales was a Professional Development event conducted on guru pornima. It shared a story telling importance of the Guru on occasion of Guru Pornima','https://www.instagram.com/p/CCOzOw-AsSz/?igshid=1te87fq7hejw2','97147f51d2404e569e41cefde4b5b095','213849-2020-07'),(130,'2020-08-05 00:00:00.000000','BOD Training','PD','16','160','0','The BoD attended the BoD training on the 4th and 5th of July. The training was hosted by the various district counterparts. The sessions were very informative. The BoD training also consisted of some general lectures. All of the Rotaractors were present for them.  We had the pleasure of listening to our own Rotary International President, Holger Knaack . There were lectures by various PDRRs about their experiences, and any queries we had.  The BoD, and the Rotaract fraternity as a whole benefited a lot from these lectures.','https://www.instagram.com/p/CCOzOw-AsSz/?igshid=1te87fq7hejw2','97147f51d2404e569e41cefde4b5b095','213849-2020-07'),(131,'2020-07-15 00:00:00.000000','World Skills Day','PD','21','42','0','On Occasion of World Skills Day the whole club gather together to share their skills with each other. It was a Club Service event as well as Professional Development Event','https://www.instagram.com/p/CCstO0ngfdb/?igshid=1qt0bmq0867gf','97147f51d2404e569e41cefde4b5b095','213849-2020-07'),(132,'2020-07-18 00:00:00.000000','MANDELA DAY','PD','15','30','0','On born day of Nelson Mandela, we celebrated Mandela Day in which we shared a virtual short story on life of Nelson Mandela. It covered International Service as well as Professional Development Avenue','https://www.instagram.com/p/CCyKbMNAc18/?igshid=1jo4nqk9we8pz','97147f51d2404e569e41cefde4b5b095','213849-2020-07'),(133,'2020-07-23 00:00:00.000000','Tambola','CS','23','46','0','We played online game of Tambola housie on Tambola app','-','97147f51d2404e569e41cefde4b5b095','213849-2020-07'),(134,'2020-07-26 00:00:00.000000','Mind Management Seminar','PD','210','420','0','We arranged a Mind Management Seminar open for all by Dr. Virat Chirania a well known TedX','https://www.instagram.com/p/CC_iVmJgqVo/?igshid=6a9o8ce0d73e','97147f51d2404e569e41cefde4b5b095','213849-2020-07'),(135,'2020-07-30 00:00:00.000000','Roses are Red','CS','35','12','0','We had a fun challenge in the group named as Roses are Red challenge, under this challenge everyone had to converse with each other only thru impromptu Roses are Red Rhyme. This project made member active and lively in just one day.','https://www.instagram.com/s/aGlnaGxpZ2h0OjE3ODkyMDkwNjQ5NTc5OTkz?igshid=w06kzczr2kh2&story_media_id=','97147f51d2404e569e41cefde4b5b095','213849-2020-07'),(148,'2020-07-15 00:00:00.000000','Art Workshop','PD','16','3','0','Joint Event with Renaissance, Global Youth, Pune\'s Yuva','https://www.instagram.com/p/CCqy4LggoEn/?igshid=1b731fkcxh44v','961ae0426023490f8e3df663adb1629e','217270-2020-07'),(149,'2020-07-19 00:00:00.000000','Scavanger Hunt','CS','27','4','0','Scavanger Hunt with all our members and few of the council members to strengthen the bond','https://www.instagram.com/p/CC2uOyvA-IH/?igshid=16kf5gp3x5b8s','961ae0426023490f8e3df663adb1629e','217270-2020-07'),(150,'2020-07-17 00:00:00.000000','Peritus 1.0','IS','22','3','0','Peritus 1.0 - Mega ISD Event, one of the host clubs from RID 3131','https://www.instagram.com/p/CC1BzEqAzlW/?igshid=1xsve1ao9sx3x','961ae0426023490f8e3df663adb1629e','217270-2020-07'),(151,'2020-07-19 00:00:00.000000','Baaltaru','CM','14','1','0','Collaborative online event with RC SAOE for planting or nursuring of trees.','https://www.instagram.com/p/CC0m3BlgBIx/?igshid=iqvypov5hna6','961ae0426023490f8e3df663adb1629e','217270-2020-07'),(152,'2020-07-01 00:00:00.000000','Behind The White Coat - Doctors Day','IS','5','6','0','Behind the White Coat was an ISD/Presidents initiative from 70+ clubs across the Globe wherein videos of Doctors and their families were collected and posted on the YouTube channel Link for our club participation: https://www.youtube.com/watch?v=YE9JF7sc9eM','https://www.instagram.com/p/CDGcGqsAAqz/?utm_source=ig_web_copy_link','799910c44d554622997fa3b04588f310','7295-2020-07'),(153,'2020-07-05 00:00:00.000000','Lockdown Games - Ep 1','CS','14','2','0','Under the initiative of Club Service Avenue, we have started the fun games, bonding activity for the members of the club. In which we were playing some online games, by making two teams and as a competition some point were getting allotted and winners got announced.','https://www.instagram.com/p/CDGhT9ggCCH/?utm_source=ig_web_copy_link','799910c44d554622997fa3b04588f310','7295-2020-07'),(154,'2020-07-09 00:00:00.000000','Feeding the Stray','IS','5','1','0','In collaboration with RaC Panvel Central we had a CMD event conducted under which our club members clicked and shared pictures of them feeding the stray dogs.','https://www.instagram.com/p/CDN0ndTgCAd/?utm_source=ig_web_copy_link','799910c44d554622997fa3b04588f310','7295-2020-07'),(155,'2020-07-11 00:00:00.000000','Khatron Ke Khiladi','CS','16','3','0','We Rotaract Club of Pimpri had our club bonding activity called Khatron ke Khiladi, in which we had different dare challenges given by the host and each the top three will be getting some points. This initiative were taken and hosted by the Rtr. Pushparaj Patel, Secretary of the Club','https://www.instagram.com/p/CDOHE1IAAc7/?utm_source=ig_web_copy_link','799910c44d554622997fa3b04588f310','7295-2020-07'),(156,'2020-07-12 00:00:00.000000','Investor Awareness Session - BIAP','PD','70','2','0','Investor awareness session was an PD+ISD initiative of our club. The Speaker was Ms.Priyanka Acharya. We had two other clubs on board with us viz. RaC RSCOE (RID 3131) and RAC Bombay Juhu beach(RID 3141). The session was attended by 80+ rotaractors and non-rotaractors','https://www.instagram.com/p/CDOJ_PEgHDM/?utm_source=ig_web_copy_link','799910c44d554622997fa3b04588f310','7295-2020-07'),(157,'2020-07-15 00:00:00.000000','One Degree is all we Need','PD','90','2','0','On account of World Youth Skills day we held our second ISD+PD initiative by Mr. founder of Know How Schools. The event was co-hosted by three other clubs namely Rac Sri Aurobindo College, RaC Nagpur and RaC Purullia Central','https://www.instagram.com/p/CDOOcm8gDdC/?utm_source=ig_web_copy_link','799910c44d554622997fa3b04588f310','7295-2020-07'),(158,'2020-07-15 00:00:00.000000','Nelson Mandela Project Sixty Seven','IS','2','1','0','In collaboration with RaC Bombay uptown, our club conducted a CMD event wherein the members shared their pictures while planting seeds near their houses.','https://www.instagram.com/p/CDOUlDwguxb/?utm_source=ig_web_copy_link','799910c44d554622997fa3b04588f310','7295-2020-07'),(159,'2020-07-15 00:00:00.000000','Resilient Youth','IS','0','0','0','We had participated in the PR initiative of RAC Bombay Uptown, this was the PR awareness regarding the youths and skills.','-','799910c44d554622997fa3b04588f310','7295-2020-07'),(160,'2020-07-18 00:00:00.000000','ABCD’s of Leadership','PD','16','1','0','We co-hosted along with RaC Koregaon Park and RaC Viman Nagar as main hosts a PD session on the topic A B C D’s of Leadership on 18th Jul\'20, with a fantastic attendance of 110+ attendees. Other co-hosts were RC Bibwewadi, RC Kalyani Nagar, RC Pune Zenith, RC Panvel Central, RC Nigdi, RC Pune Royal We started with an ice breaker session WOULD YOU RATHER CSD activity for all the participants. Followed by inspiring thoughts, real life stories and examples of leadership by Col. Prem Anand. The session has inspired all of us to stay discipline and practice leadership in our daily life.','https://www.instagram.com/p/CDStuTzAMWt/?utm_source=ig_web_copy_link','799910c44d554622997fa3b04588f310','7295-2020-07'),(161,'2020-07-25 00:00:00.000000','Harry Potter Week - ERYLA','IS','150','28','9000','The E-Ryla was one of a kind Harry Potter theme-based event. The event consisted of a week of fun activities and group discussions including Fan-theory discussions. The amount generated through registration was used towards animal welfare for purchasing medicines. 140 participants from across India and abroad participated in the event. ','https://www.instagram.com/stories/highlights/17901603346503326/','799910c44d554622997fa3b04588f310','7295-2020-07'),(162,'2020-07-22 00:00:00.000000','Enterprise Education Awareness','PD','12','2','0','We had participated in the session by Rotary India Literacy mission and Rotary Club  of Pimpri. Enterprise education is more on practical aspect and more related to using one’s experience over the journey of becoming an Entrepreneur. Keeping this ideology in mind, we along with our parent club, co-hosted a PD+RRRO event on 22 July, 2020 titled “Enterprise Education Awareness Webinar”. The session was taken by Rtn. Dr. Pradeep Wagh, Secretary of Deccan Education (International) Society, and a panel of subject experts in the field of Entrepreneurship, Leadership, Vocational Education and Employment Training.','https://www.instagram.com/p/CDVc7AlgWuS/?utm_source=ig_web_copy_link','799910c44d554622997fa3b04588f310','7295-2020-07'),(163,'2020-07-23 00:00:00.000000','Would You Rather - CSD Game','CS','13','2','0','We had Club bonding activity Lockdown Games Ep 2. In this we had fun time on the game.','-','799910c44d554622997fa3b04588f310','7295-2020-07'),(164,'2020-07-31 00:00:00.000000','Red Woman','CM','0','0','0','We had participated in the project of RC Pune Midest, Red Women, As youth, we have a responsibility to change the conversation and erase the stigma surrounding periods. Rotaract Club of Pune Mid-East came with an awareness project The Red Woman to teach what is menstruation to why women in the world can not afford sanitary napkins to maintain hygiene.  She bleeds, yet she leads!','https://www.instagram.com/p/CDVlYDbAuTh/?utm_source=ig_web_copy_link','799910c44d554622997fa3b04588f310','7295-2020-07'),(165,'2020-07-01 00:00:00.000000','Doctorji Dhanyawad','IS','95','6','0','Week long event for doctors wherein rotaractors from 25 clubs thanked doctors by sending them thank you notes and felicitating them. ','https://www.instagram.com/p/CCY5Gdkg5K8/?utm_source=ig_web_copy_link','bf43d41c50a04740a66244291fc1c7e8','214124-2020-07'),(166,'2020-07-11 00:00:00.000000','The Little Paw','CM','6','1','0','An event wherein members of the club fed stray dogs.','-','bf43d41c50a04740a66244291fc1c7e8','214124-2020-07'),(167,'2020-07-12 00:00:00.000000','Fashion and Modelling','PD','40','2','0','Webinar on fashion and  modelling  by Mr. Adish Rampal(Mr.India\'s fashion icon title 2019). It was interactive and fruitful, jointly hosted with RC Humanities. Match club agreement has been signed for this event.','https://www.instagram.com/p/CDoYol1gfgL/?utm_source=ig_web_copy_link','bf43d41c50a04740a66244291fc1c7e8','214124-2020-07'),(168,'2020-07-12 00:00:00.000000','Paper Bag Day','CM','5','2','00','On the occasion of paper bag day rotaractors made paper bags. We collaborated with RC DYPIMS. ','-','bf43d41c50a04740a66244291fc1c7e8','214124-2020-07'),(169,'2020-07-19 00:00:00.000000','Baltaru','CM','90','4','0','It was basically a tree plantation drive. 13 clubs collaborated with our club where 10 members from our club participated and 80 members from another club.','-','bf43d41c50a04740a66244291fc1c7e8','214124-2020-07'),(170,'2020-07-26 00:00:00.000000','PITARAU','CS','20','2','0','This was PR initiative on the occasion of national parents day. One who participated had to post a picture and caption for their parents.','https://www.instagram.com/p/CDHD-SHgLcA/?utm_source=ig_web_copy_link','bf43d41c50a04740a66244291fc1c7e8','214124-2020-07'),(171,'2020-07-31 00:00:00.000000','Lets Talk','CM','70','6','0','We RC SAOE have collaborated with RC GEM a PD Event along with speaker Mr. Amit Mohite. this was an open talk on women\'s mentruation and role of men in menstruation. 20 members from our club participated.','-','bf43d41c50a04740a66244291fc1c7e8','214124-2020-07'),(172,'2020-07-25 00:00:00.000000','FARMAISH','CS','25','5','0','FARMAISH- The Musical Evening. This was the RRRO initiative by RC ENTC where 4 clubs collaborated including us. This was conducted online on zoom app and facebook . Overall participants count was 230+.','-','bf43d41c50a04740a66244291fc1c7e8','214124-2020-07'),(173,'2020-07-26 00:00:00.000000','Story of Armed Force','PD','12','3','0','On the occasion of Kargil Smruti Diwas, RC SAOE along with Rc Pune Pashan, RC DYPIMER jointly organised a super thrilling PD session on story of armed forces by Mrs. Sumedha Chithade(Founder of SIRF(Soldiers Independent Rehabilitation Foundation)) ','-','bf43d41c50a04740a66244291fc1c7e8','214124-2020-07'),(174,'2020-07-18 00:00:00.000000','Nidra Yoga','PD','15','3','0','Online PD session on Yoga and it benifit jointly hosted by RCPune Shaniwarwada and other 5 clubs. Speaker for the event Mr. Shobhit Raj.','-','bf43d41c50a04740a66244291fc1c7e8','214124-2020-07'),(175,'2020-07-01 00:00:00.000000','International Doctors Day','CM','5','1','0','The event was initiated by RotaNews. The main objective of this event was to felicitate doctors on this International Doctors day','https://www.instagram.com/p/CCSjV5fgi30/?igshid=12xpvcm4zr1y4','dd124ffaac4d458bab1c07ba7eea2a08','82736-2020-07'),(176,'2020-07-01 00:00:00.000000','International Doctors Day','CM','5','1','0','The event was initiated by RC Alumini where we created a Thankyou post for the doctors and circulated on social media handles','https://www.instagram.com/p/CCFs5Rggy5y/?igshid=1csmxncmrmwcm','dd124ffaac4d458bab1c07ba7eea2a08','82736-2020-07'),(177,'2020-07-12 00:00:00.000000','Urban Survival 1.0','PD','35','2','0','PD session hosted by RC Pune Pashan, where speaker was Rtr. Nachiket Aradhye. PD session providing detailed information about disasters and ways of surviving. ','https://www.instagram.com/p/CDtyP5fguaI/?igshid=ucry0y6orlio','dd124ffaac4d458bab1c07ba7eea2a08','82736-2020-07'),(178,'2020-07-07 00:00:00.000000','Annapurna Day','CM','5','1','0','CMD event hosted by RC Pune\'s Yuva for feeding stray dogs','https://www.instagram.com/p/CCGhRdoAIKi/?igshid=c10rckxkm5yq','dd124ffaac4d458bab1c07ba7eea2a08','82736-2020-07'),(179,'2020-07-08 00:00:00.000000','The Little Paw','CM','5','1','0','CMD event hosted by RC Panvel Central for feeding stray dogs','https://www.instagram.com/p/CDN0ndTgCAd/?igshid=m806dujudjmy','dd124ffaac4d458bab1c07ba7eea2a08','82736-2020-07'),(180,'2020-07-09 00:00:00.000000','Annapurna Day','IS','7','1','0','ISD event hosted by RC Silvasa for feeding stray dogs','https://www.instagram.com/p/CCtOCWBgyFt/?igshid=id6ac5y2b7yg','dd124ffaac4d458bab1c07ba7eea2a08','82736-2020-07'),(181,'2020-07-10 00:00:00.000000','Paw Support','IS','10','1','0','ISD event hosted by RC Calcutta for feeding stray dogs','https://www.instagram.com/p/CCrjRKPgyU4/?igshid=19yh2oszilvcz','dd124ffaac4d458bab1c07ba7eea2a08','82736-2020-07'),(182,'2020-07-11 00:00:00.000000','Selfie with Tulsi','IS','7','1','0','Event hosted by RC Nashik Metro where we were to click photos with Tulsi Plant','https://www.instagram.com/p/CDBAFfCgRtJ/?igshid=hgfz2qqbpcfk','dd124ffaac4d458bab1c07ba7eea2a08','82736-2020-07'),(183,'2020-07-11 00:00:00.000000','Paper Bag Making and Donation','CM','9','1','0','Event hosted by RC DYPIMS where we made paper bags and donated to medicals.','https://www.instagram.com/p/CCsJ_CvAPoY/?igshid=1wq859d45vlpl','dd124ffaac4d458bab1c07ba7eea2a08','82736-2020-07'),(184,'2020-07-19 00:00:00.000000','Peritus 1.0','PD','170','3','0','Event to encourage the youth leaders hosted by RC Pune Pashan along with 5 other clubs.','https://www.instagram.com/p/CDMcs92g8e5/?igshid=1lb197qbfdd2y','dd124ffaac4d458bab1c07ba7eea2a08','82736-2020-07'),(185,'2020-07-26 00:00:00.000000','Service before self','PD','60','2','0','PD Session on Service before Self by speaker Mrs. Sumedha Chithade, Founder of SIRF foundation. providing various aspects of soldiers life on borders.','https://www.instagram.com/p/CDRqYFLAFve/?igshid=c95krg5q03d7','dd124ffaac4d458bab1c07ba7eea2a08','82736-2020-07'),(186,'2020-07-01 00:00:00.000000','\"Behind the white coat\"','CM','4','6','0','On the occasion of Doctor\'s day president of RID 3131 took the initiative to thank doctors across the globe. ','https://www.instagram.com/p/CCLOCrzAGTk/?igshid=1ftkylzwrjs75','572fe3a6672d4b3fab0873d178badb84','217518-2020-07'),(187,'2020-07-06 00:00:00.000000',' \"Gracious Monday\"','CS','17','1','0','A member initiative where every Rotaractor gets an opportunity to spread some kind words about fellow rotaractors every Monday. ','https://www.instagram.com/p/CCS4Yt9g1W4/?igshid=8i8yem43n8t2','572fe3a6672d4b3fab0873d178badb84','217518-2020-07'),(188,'2020-07-07 00:00:00.000000','\"AI webinar\"','PD','22','2','0','A collaborated event of a PD session on topia Artificial Intelligence.','-','572fe3a6672d4b3fab0873d178badb84','217518-2020-07'),(189,'2020-07-08 00:00:00.000000','\"Paw support\"','IS','8','48','0','An initiative by Rotaract club of Calcutta to help stary dogs.','-','572fe3a6672d4b3fab0873d178badb84','217518-2020-07'),(190,'2020-07-11 00:00:00.000000','\"Life is a hobby\"','PD','22','1','0','An initiative by Rotaract club of pune zenith where the speaker Mr. Milind Tambe explained how to practice our hobbies in regular life.','https://www.instagram.com/p/CDl-bNSgngF/?igshid=1litf0a8kqgwl','572fe3a6672d4b3fab0873d178badb84','217518-2020-07'),(191,'2020-07-11 00:00:00.000000','\"UnBoxing office\"','CM','36','72','0','A self hosted event and a initiative by women representative. ','https://www.instagram.com/p/CCYFkHWgf95/?igshid=1ublcv1420qab','572fe3a6672d4b3fab0873d178badb84','217518-2020-07'),(192,'2020-07-12 00:00:00.000000','\"Life to E-life\"','IS','17','2','0','An ISD Collaborated event initiated by Rotaract Club of Achievers (Aurangabad) RID-3132','https://www.instagram.com/p/CCgUVOHAsnm/?igshid=qvrenkf0prv','572fe3a6672d4b3fab0873d178badb84','217518-2020-07'),(193,'2020-07-12 00:00:00.000000','\"Paper bag day\"','CM','4','3','0','A collaborated event initiated by Rotaract club of DYPIMS. ','-','572fe3a6672d4b3fab0873d178badb84','217518-2020-07'),(194,'2020-07-12 00:00:00.000000','\"Sucess unlimited\"','CS','26','2','0','A PD session by Mr. Rakesh jain initiated by RC BIBWEWADI. ','https://www.instagram.com/p/CDl9LsFgz2F/?igshid=1m6wdtzffcu2v','572fe3a6672d4b3fab0873d178badb84','217518-2020-07'),(195,'2020-07-13 00:00:00.000000','\"The red women\"','CM','2','1','0','An initiative by RC Pune mideast  came with an awareness project to teach what is menstruation and to why women in the world can not afford sanitary napkins to maintain hygiene. ','https://www.instagram.com/p/CCtNscVA5Zn/?igshid=4nssrhw9mmwf','572fe3a6672d4b3fab0873d178badb84','217518-2020-07'),(196,'2020-07-15 00:00:00.000000','\"My ROTRA story \"','IS','7','3','0','RaC of soch RID-3080 had organized ROTRA STORY EVENT, which was an online photography event wherein club member  had shared a pictureand a writeup  related to that ROTRA MEMORY.','-','572fe3a6672d4b3fab0873d178badb84','217518-2020-07'),(197,'2020-07-15 00:00:00.000000','Leading towards good mental health','IS','21','2','0','Join international professional development initiative.','https://www.instagram.com/p/CCfoKdeAhLd/?igshid=ksnkbt50ougu','572fe3a6672d4b3fab0873d178badb84','217518-2020-07'),(198,'2020-07-16 00:00:00.000000','ATE- Appreciate the efforts.','CM','5','6','0','A initiative by women representative collaborated with DYP ACS thanking all the moms and sisters in the house for all there efforts. ','https://www.instagram.com/p/CCsto4RgG0S/?igshid=1a8d7iqw8ox5e','572fe3a6672d4b3fab0873d178badb84','217518-2020-07'),(199,'2020-07-18 00:00:00.000000','\"Installation Ceremony\"','CS','62','48','0','Club Installation Ceremony in presence of President of parent rotary club and (Rtn. Nitin wagh sir) and Deputy DRR(Rtr.Drishti Singh)','https://www.instagram.com/p/CDB9QUmgVdp/?igshid=1a5yzx85odscm','572fe3a6672d4b3fab0873d178badb84','217518-2020-07'),(200,'2020-07-19 00:00:00.000000','\"HUM TOH POOCHENGE\"','CS','24','48','0','A happy therapy session with DISTRICT CORE TEAM MEMBERS. ','https://www.instagram.com/p/CC0aIbtARl7/?igshid=4wz6gial45el','572fe3a6672d4b3fab0873d178badb84','217518-2020-07'),(201,'2020-07-22 00:00:00.000000','\"Art of Startup\"','PD','24','1','0','A PD session by Dr. Shilpa kankonkar initiated by RC DYPIMS.','-','572fe3a6672d4b3fab0873d178badb84','217518-2020-07'),(202,'2020-07-23 00:00:00.000000','\"Being broke is no joke\"','PD','120','48','0','A member initiative event that was a PD session on financial awareness by Ms. Priyanka Acharya.','https://www.instagram.com/p/CDmCh0KgOKO/?igshid=ek5unxpu9c76','572fe3a6672d4b3fab0873d178badb84','217518-2020-07'),(203,'2020-07-24 00:00:00.000000','RCP- Baner savan festival meet. ','PD','24','2','0','An event initiated by parent rotary club that was a pd session on Maharashtrian savan festivals. ','-','572fe3a6672d4b3fab0873d178badb84','217518-2020-07'),(204,'2020-07-26 00:00:00.000000','Self care Sunday ','CM','2','1','0','An initiative by our club PRO explaining how to make use of sundays.','https://www.instagram.com/p/CDFvs6QAefw/?igshid=1sl6hoz41spaq','572fe3a6672d4b3fab0873d178badb84','217518-2020-07'),(205,'2020-07-26 00:00:00.000000','Corporate leadership and...','PD','25','1','0','A collaborated PD session explaining about corporate leadership and roles and expectations from managers.','-','572fe3a6672d4b3fab0873d178badb84','217518-2020-07'),(206,'2020-07-25 00:00:00.000000','Internal Pubg tournament. ','CS','14','6','0','A internal bonding activity where Pubg tournament was organized for all the club members as well as BOD\'s and was initiated by club editor. ','-','572fe3a6672d4b3fab0873d178badb84','217518-2020-07'),(207,'2020-07-30 00:00:00.000000','N-joy','CS','12','8','0','An internal bonding activity for club members as well as BOD\'S  where some games were organized like gibberish, etc.','-','572fe3a6672d4b3fab0873d178badb84','217518-2020-07'),(208,'2020-07-12 00:00:00.000000','Take a Stand','CS','10','3','0','The Project Take a Stand was done on the occasion on Paper Bag Day. It was a Club Service and Personality Development event.   ','https://www.instagram.com/p/CCh2y_uAJ7d/?utm_source=ig_web_copy_link','06ce2af5cdab46c49ddcae245e21fc2b','91284-2020-07'),(209,'2020-07-14 00:00:00.000000','The Red Women','IS','21','1','0','The project starts from 13th July. Each day the host club which is Rotaract Club of Pune Mid-East Posted a flyer containing some information about menstruation along with write up and we the collaborating clubs need to post those flyers on social media accounts to break taboos and spread awareness about periods.','https://www.instagram.com/p/CCnmqwVASv2/?utm_source=ig_web_copy_link','06ce2af5cdab46c49ddcae245e21fc2b','91284-2020-07'),(210,'2020-07-15 00:00:00.000000','Leading Towards Good Mental Health','PD','6','1','0','Rotaract Club of Laxmi College of Optometry had co-hosted a joint PD session with host club Rotaract Club of Panvel Elite on \"Leading towards good mental health\", was conducted by Ms. Gurpreet Kaur Khalsa, A Social Scientist. For this event, 53+ Clubs spread across 25+ Districts and 11 countries have joined the session.','https://www.instagram.com/p/CCqmRQqASEu/?utm_source=ig_web_copy_link','06ce2af5cdab46c49ddcae245e21fc2b','91284-2020-07'),(211,'2020-07-12 00:00:00.000000','Take a Stand','PD','10','3','0','The Project Take a Stand was done on the occasion on Paper Bag Day. It was a Club Service and Personality Development event.   ','https://www.instagram.com/p/CCh2y_uAJ7d/?utm_source=ig_web_copy_link','06ce2af5cdab46c49ddcae245e21fc2b','91284-2020-07'),(212,'2020-07-01 00:00:00.000000','Behind the White Coat','IS','52','240','0','The president elects of RID 3131 conducted this mega project on the very first day of the RI year. We aimed at voicing the concerns of our frontline warriors on the International Doctors day. We proposed to the participating clubs to collect the videos of as many as doctors as possible. The questionnaires were shared with all of them. Our club interacted with Dr. Kavita Srivastava, who shared her concerns on the COVID-19 pandemic. The videos of all the clubs were uploaded on our You tube channel- BEHIND THE WHITE COAT. In total 114 clubs collaborated for this event out of which 74 clubs were from outside the district.','https://www.instagram.com/p/CCTnM_bgFBo/?igshid=1gcfg3ohh7x6y','f84868151e06483988da8bc582ff0488','85530-2020-07'),(213,'2020-07-01 00:00:00.000000','Day for Doctors 3.0','IS','4','4','0','Rotaract Club of Pune Mid-East participated in A Day for Doctors 3.0, an International Service initiated by RC Alumni (RID 3131). We had to share a picture taken with our friend, a family member who is a doctor or a medical student with a \"Thank you\" note in the caption Or we had to post a background of flyer of a Thank you note provided by to us with our message in it. Then we Posted the flyers on our club official social handles with a hashtag #wesaluteyou. We posted 4 posters on our social media.','https://www.instagram.com/p/CDl4TWpAVeR/?igshid=b67ob464dbjp','f84868151e06483988da8bc582ff0488','85530-2020-07'),(214,'2020-07-01 00:00:00.000000','Gratitude for Doctors','IS','4','8','0','Rotaract Club of Pune Mid-East participated in event named Gratitude for Doctors initiated by RC Kolhapur (RID 3170) and RC Silver City Mohali (RID 3080). Rotaractors sent a thank you note to the very amazing doctors who are fighting head and shoulders to keep all of us healthy. This event was initiated to show some gratitude for the Doctors. The event consisted of 2 phases, PHASE 1 - Sharing of gratitude massage to the selflessly working heroes through placard challenge. PHASE 2 – Virtual session by Rtr. Dr. Parth Doshi on topic, ‘Climate Change and Health’ And the other session was by Rtr. Dr. Shruti Sankpal-Pendekar on topic ‘Meantal Health’ on Google meet.','https://www.instagram.com/p/CDl4tzaAYYH/?igshid=whgztewd46d5','f84868151e06483988da8bc582ff0488','85530-2020-07'),(215,'2020-07-06 00:00:00.000000','The little Paw','IS','2','4','0','Initiated by- RC Panvel Central, RID 3131. Rotaractors from our club RC Mid-East collaborated in this project by feeding the stray dogs affected due to lockdown. The pictures were sent to the host club.','https://www.instagram.com/p/CDl40HeAFn7/?igshid=1i89g5orhal63','f84868151e06483988da8bc582ff0488','85530-2020-07'),(216,'2020-07-11 00:00:00.000000','Ashtang Vinyasa - Yoga Session','PD','62','24','0','On the morning of 11th July, we planned up an online Yoga Session Ashtang Vinyasa.  We learned many Yogasanas taught to us by Ms. Anushka Kuchnure. This session was attended by 60+ Rotaractors, including the Council Members, District Joint - International Service Director Rtr. Rushikesh Dale, District Rotary Rotaract Relationship Officer Rtr Karishma Awari and District General Secretary Rtr. Akash Chikate.','https://www.instagram.com/p/CCgjmQ7gsGW/?igshid=pri4g0y8sj7l','f84868151e06483988da8bc582ff0488','85530-2020-07'),(217,'2020-07-12 00:00:00.000000','Gardening at Home','PD','25','8','0','Rotaract Club of Pune Mid-East collaborated with RC Global Youth who initiated the event by- Kunal a.k.a Madmali on terrace gardening through an instagram live session.  Kunal a.k.a Madmali is a Terrace Gardener and a Video Creator who passionately shares tips, tricks and experiments to achieve that perfect garden one dreams about. n the end he also answered a lot of questions from the audience and we all had an informative session that motivated us to plant more trees.','https://www.instagram.com/p/CCjItxJgzy9/?igshid=1f4cvhv64g4tm','f84868151e06483988da8bc582ff0488','85530-2020-07'),(218,'2020-07-15 00:00:00.000000','Resilient Youth','IS','2','4','0','Initiated By: - Rotaract Club of Bombay Uptown, RID 3141 This project was about the skills which are going to be in demand post covid -19. We had to share across a blog, along with its link, on our various platforms in order to increase awareness. We shared the following drive link along with the flyers on our official Instagram handle. Drive link: - https://drive.google.com/drive/folders/1kkLiR8Tqc163bJR9BORpGbUpynFIDi4P?usp=sharing','https://drive.google.com/drive/folders/1kkLiR8Tqc163bJR9BORpGbUpynFIDi4P?usp=sharing','f84868151e06483988da8bc582ff0488','85530-2020-07'),(219,'2020-07-18 00:00:00.000000','OOPSIE Housie','CS','51','8','0','We Rotaract Club of Pune Mid-East along with Rotaract Club of Global Youth organized a Club Service event – Oopsie Housie. It was a fun-filled and entertaining session for the club members. The club members had a great interaction session and it also strengthen our bonds. We also inducted three new members to our family. We also completed our match club agreement with Rotaract Club of Global Youth. Total 31 members from RC Pune Mid-East attended the meeting which consisted of 11 Board of Directors, 8 Members and 12 Prospective Members. 20 Members from RC Global Youth attended the meeting. 3 prospective members, Neha Deshmane, Ayushi Mehta and Prajakta Shah got inducted in RCPM family. ','https://www.instagram.com/p/CDG8ukRgaic/?igshid=4rm294cn9et5','f84868151e06483988da8bc582ff0488','85530-2020-07'),(220,'2020-07-19 00:00:00.000000','Project Kalacharam','IS','17','18','0','Initiated By: - Rotaract Club of Ethiraj College for Women, RID 3232 Every wanderlust in this lockdown craves to go places now more than ever. So, the Rotaract Club of Ethiraj College for Women initiated a project “KALACHARAM’’- an online meeting, where exchange of culture took place through a short introduction via power point presentation with followed by an amazing karaoke night. Clubs involved in the event were Rotaract club of Pune Mid-East, Rotaract club of Ponda and Rotaract club of Patna City, initiated by Rotaract Club of Ethiraj. Shedding light on some beautiful things about different cultures and traditions.','https://www.instagram.com/p/CDl5EaegN57/?igshid=8it6mez3s08b','f84868151e06483988da8bc582ff0488','85530-2020-07'),(221,'2020-07-24 00:00:00.000000','Strong Ties','IS','5','5','0','Initiated by- RC Salt Lake Metropolitan, RID 3291 To celebrate WORLD COUSIN\'S DAY. This was to make the day special for our special ones. We had to upload a picture with our favourite cousin and write a message for them in 2/3 lines. On any of the social media (Facebook, Instagram) using the following hashtags and tag their page \" Rotaract Club of Salt Lake Metropolitan.\" The hashtags were - #internationalcousinday #RCSM #cousinslove #internationalevent #love #cousins #family #society. ','-','f84868151e06483988da8bc582ff0488','85530-2020-07'),(222,'2020-07-25 00:00:00.000000','Club Orientation','CS','67','18','0','Rotaract Club of Pune Mid-East conducted Club Orientation on the evening of 25th July 2020.  The orientation was attended by more than 60 club members and prospectives.District Zonal Representative (Zone 6) Rtr. Meet Shah, Asistant Zonal Representative (Zone 6) Rtr Riya Gupta and District Rotary Rotaract Relationship Officer Rtr Karishma Awari gave wonderful presentation on Rotaract Workings, its avenues and opportunities.District Rotaract Representative Rtr. Shraddha Lamkhade and Past President Rtr. Shubham Shelke gave insights on Rotaract.Deputy District Rotaract Representative Rtr Drishti Singh and District Director Without Portfolio Rtr. Tulna Gupta also attending our Club Orientation.','https://www.instagram.com/p/CDG9NImAcqZ/?igshid=1jb6rytyrwjrm','f84868151e06483988da8bc582ff0488','85530-2020-07'),(223,'2020-07-26 00:00:00.000000','FAMEXPRESSO','IS','7','7','0','Initiated By: - Rotaract Club of RSCOE, RID 3131 collaborated with Rotaract Club of Pune Mid-East. The Rotaract club of RSCOE came up with an initiative on the occasion of National Parents Day. Details About Event- We had to post a picture with our families on the flyers provided and also fill up the text box with the message of love and gratitude towards the parents and post/story it on the club social media handles, and Tag @rc_rscoe. Minimum 5 posters were required to be uploaded on our social media handles.','https://www.instagram.com/p/CDolShTA1_z/?igshid=lse71nibzsy3','f84868151e06483988da8bc582ff0488','85530-2020-07'),(224,'2020-07-26 00:00:00.000000','Corporate Behaviour','PD','75','12','0','Rotaract Club of Pune Mid-East collaborated with RC Pune Warje\'s educational Swami Vivekananda series of PD sessions for its chapter 1 on 26th July.= The session was taken by Mr. Ajay Hiraskar, who pursued B.A Economics from SIES, Masters in marketing management from JBIMS & Executive MBA from IIM-B The session witnessed more than 70 participants where Mr. Ajay Hiraskar, the speaker shared some really valuable pieces of information on how to be a great leader, what are the expectations from us in the corporates, how can we bridge the gaps between us and our superiors and many more insights. Name of Collaborating Clubs - 1) RC Warje 2) RC Indira College 3) RC Salisbury Park 4) RC ENTC MCOE','https://www.instagram.com/p/CDl5SDZgx_N/?igshid=jsirn3vlowms','f84868151e06483988da8bc582ff0488','85530-2020-07'),(225,NULL,'The Red Woman','IS','60','102','10869','We, Rotaract Club of Pune Mid-East initiated a project called THE RED WOMAN where we were supposed to spread awareness & educate people about Menstruation and tackle the stigma on this natural phenomenon. Where in the clubs were supposed to post the provided 12 posters and respective massage on there club’s social media handles. We received a tremendous response for this initiative. 8 clubs collaborated in this event from outside the district out of 24 clubs collaborated. It was a 12 Days Awareness campaign where each club had to post 12 Flyer (1 flyer/day) on their instagram handle.','https://www.instagram.com/p/CCli8kfgUns/?igshid=1v36txwz0d9jd','f84868151e06483988da8bc582ff0488','85530-2020-07'),(226,'2020-07-01 00:00:00.000000','Doctor ji Dhanyawad','CM','4','3','0','On account of National Doctor day we along with Rotaract club of Sinhagad Academy of Engineering appraise the doctors with their photograph or a video and gave them a small thank you letter to all the doctors who we know. ','https://www.instagram.com/s/aGlnaGxpZ2h0OjE3ODY3MzQwMjQxOTI0MjAz?igshid=1d2dfplukttbc&story_media_id','8986aa170b384276bca1c32cc58f207f','215090-2020-07'),(227,'2020-07-02 00:00:00.000000','A Day for Doctor 3.0','CM','5','3','0','On account of National Doctor day we along with Rotaract club of Alumni appraise the doctors with their photograph and a template provided by the host club. A way of thanking all the doctors who we are aware and related to. ','https://www.instagram.com/s/aGlnaGxpZ2h0OjE3ODY3MzQwMjQxOTI0MjAz?igshid=1wl96y07s9mb&story_media_id=','8986aa170b384276bca1c32cc58f207f','215090-2020-07'),(228,'2020-07-06 00:00:00.000000','Improve Night','CS','18','4','0','The first GBM of our club with an amazing activity of silly situations, scenarios, characters, accents and loads of laughter. It was an Ice-breaking session to know new and old members.','https://www.instagram.com/p/CClIRyaA3XV/?igshid=4zo6umqadjab','8986aa170b384276bca1c32cc58f207f','215090-2020-07'),(229,'2020-07-11 00:00:00.000000','Life is a Hobby','PD','220','2','0','The first PD event of the year was organised in collaboration with Rotaract Club of Pune Zenith. The speaker, Mr. Milind Tambe explain to us the concept of hobby and why it is necessary in our lives. He emphasized the importance of hobbies and also highlighted hobbies to develop life skills. He shared his experience of discovering hobbies in his life and also showcased his collection of photographs.','https://www.instagram.com/p/CCk-3RnAVdo/?igshid=14fz9atfbwncs','8986aa170b384276bca1c32cc58f207f','215090-2020-07'),(230,'2020-07-11 00:00:00.000000','Life is a Hobby','CS','220','2','0','The first PD event was continued with ice-breaking session and was organised in collaboration with Rotaract Club of Pune Zenith. The speaker, Mr. Milind Tambe explain to us the concept of hobby and why it is necessary in our lives. He emphasized the importance of hobbies and also highlighted hobbies to develop life skills. He shared his experience of discovering hobbies in his life and also showcased his collection of photographs.','https://www.instagram.com/p/CCk-3RnAVdo/?igshid=14fz9atfbwncs','8986aa170b384276bca1c32cc58f207f','215090-2020-07'),(231,'2020-07-15 00:00:00.000000','Wednesday games Night','CS','21','5','0','The club bonding activity included various insiders of club members and our D-CSD, DZR and AZR. The games included rapid fire, never have i ever and this or that','https://www.instagram.com/p/CCk-VS_gWNn/?igshid=qhsjqjap66hi','8986aa170b384276bca1c32cc58f207f','215090-2020-07'),(232,'2020-07-17 00:00:00.000000','Is Justice delayed, Justice denied?','PD','80','3','0','The session was conducted on the occasion of ‘International Justice Day’ in collaboration with Rotaract Club of Panvel Elite. The speaker for the session was Adv. Malhar Zatakia elaborated the procedural aspect of justice in India and its needs. He suggested ways for a speedy justice system and different provisions in India.','https://www.instagram.com/p/CCyof5cA18G/?igshid=8z9ffeue9qcr','8986aa170b384276bca1c32cc58f207f','215090-2020-07'),(233,'2020-07-18 00:00:00.000000','Nidra yoga','PD','70','4','0','The event was a very peaceful and soothing session taken by Mr. Shobhit Raj, the Founder & Principal teacher at Cognitive Yoga Academy. The event was organized along with Rotaract Club of Pune Shaniwarwada. The speaker explained the concept of ‘Nidra Yoga’ and its benefits in our lifestyle.','https://www.instagram.com/p/CCzw5ZsABLr/?igshid=l4asipw8fp0w','8986aa170b384276bca1c32cc58f207f','215090-2020-07'),(234,'2020-07-18 00:00:00.000000','Nidra yoga','CS','70','4','0','The event was a very peaceful and soothing session taken by Mr. Shobhit Raj, the Founder & Principal teacher at Cognitive Yoga Academy. The event was organized along with Rotaract Club of Pune Shaniwarwada. The speaker explained the concept of ‘Nidra Yoga’ and its benefits in our lifestyle.','https://www.instagram.com/p/CCzw5ZsABLr/?igshid=l4asipw8fp0w','8986aa170b384276bca1c32cc58f207f','215090-2020-07'),(235,'2020-07-19 00:00:00.000000','Peritus 1.0','IS','180','16','0','On World Youth Skill Day, we along with six other host clubs initiated the mega international service and professional development event. Peritus 1.0 was an opportunity to showcase your skills and also hone them. There were 10 categories, each unique and one of its kind and had one winner who shared his skill and knowledge with the public. It proved to be a platform to inspire many more Rotaractors to polish their skills','https://www.instagram.com/p/CC5p0DGg8pJ/?igshid=16f0gzcphv24p','8986aa170b384276bca1c32cc58f207f','215090-2020-07'),(236,'2020-07-19 00:00:00.000000','Peritus 1.0','PD','180','16','0','On World Youth Skill Day, we along with six other host clubs initiated the mega international service and professional development event. Peritus 1.0 was an opportunity to showcase your skills and also hone them. There were 10 categories, each unique and one of its kind and had one winner who shared his skill and knowledge with the public. It proved to be a platform to inspire many more Rotaractors to polish their skills','https://www.instagram.com/p/CC5p0DGg8pJ/?igshid=16f0gzcphv24p','8986aa170b384276bca1c32cc58f207f','215090-2020-07'),(237,'2020-07-19 00:00:00.000000','बालतरू','CM','5','2','0','We in collaboration with Rotaract club of Sinhagad Academy of Engineering conducted the event of planting a sapling and water it every day. The awarness of planting tree and its benefit was too broad casted on  social media.  ','https://www.instagram.com/s/aGlnaGxpZ2h0OjE3ODY3MzQwMjQxOTI0MjAz?igshid=1vwgoj9m7i1s5&story_media_id','8986aa170b384276bca1c32cc58f207f','215090-2020-07'),(238,'2020-07-24 00:00:00.000000','The Red Woman','CM','5','3','0','\"The first women representative event in collaboration with Rotaract club of Mid-East initiated the awareness campaign to educate every individual on social media platforms. From what Periods actually means upto understanding the importance of hygiene during periods and symptoms, effects, challenges, statistics to what can be done as a partner has been spread in the week. The Red Woman movement commenced from 17th July to 28th July. \"','https://www.instagram.com/p/CDBend1AmCq/?igshid=1jdb58mvwitou','8986aa170b384276bca1c32cc58f207f','215090-2020-07'),(239,'2020-07-24 00:00:00.000000','Club Orientation','CS','149','3','0','The orientation was conducted by Rtr. Umag Shah and our Zonal Representatives Rtr. Meet Shah and Rtr. Riya Gupta. We, along with seven clubs, had a joint orientation. This was a great opportunity for all club members to brush up their knowledge about the workings of Rotaract.  ','https://www.instagram.com/p/CDWVCX9gTYm/?igshid=svjl1djb3yc0','8986aa170b384276bca1c32cc58f207f','215090-2020-07'),(240,'2020-07-26 00:00:00.000000','Everything I never told you','IS','4','2','0','On occasion of National Parents Day we in collaboration with Rotaract club of Viman Nager shared our best memory with our parents and expressed why it is so special.','https://www.instagram.com/p/CDMMhuygu8c/?igshid=1shqnkriows4e','8986aa170b384276bca1c32cc58f207f','215090-2020-07'),(241,'2020-07-26 00:00:00.000000','Dumcharades','CS','14','4','0','GBM was been followed with games like damcharades and guess the movie to bond well with the club members. ','https://www.instagram.com/p/CClIRyaA3XV/?igshid=tmzendqbxdlf','8986aa170b384276bca1c32cc58f207f','215090-2020-07'),(242,'2020-07-28 00:00:00.000000','World Hepatitis Day','CM','4','4','0','On the occasion of World Hepatitis Day observed around the globe to spread awareness about the infectious diseases called hepatitis. We joined hands with Rotaract Club of Bahauddin Zakaria University Multan along with 18 other international clubs in an online awareness campaign regarding hepatitis with an aim to minimize the threats of contacting the disease by giving necessary awareness to the people. An interactive session by Dr. Arif Saeed who gave us insights on how to take care and precautions as hepatitis is a public health threat. According to WHO, viral Hepatitis causes more than one million deaths each year.','https://www.instagram.com/s/aGlnaGxpZ2h0OjE3ODY3MzQwMjQxOTI0MjAz?igshid=15udguucsrdy&story_media_id=','8986aa170b384276bca1c32cc58f207f','215090-2020-07'),(243,'2020-07-28 00:00:00.000000','World Hepatitis Day','PD','4','4','0','On the occasion of World Hepatitis Day observed around the globe to spread awareness about the infectious diseases called hepatitis. We joined hands with Rotaract Club of Bahauddin Zakaria University Multan along with 18 other international clubs in an online awareness campaign regarding hepatitis with an aim to minimize the threats of contacting the disease by giving necessary awareness to the people. An interactive session by Dr. Arif Saeed who gave us insights on how to take care and precautions as hepatitis is a public health threat. According to WHO, viral Hepatitis causes more than one million deaths each year.','https://www.instagram.com/s/aGlnaGxpZ2h0OjE3ODY3MzQwMjQxOTI0MjAz?igshid=15udguucsrdy&story_media_id=','8986aa170b384276bca1c32cc58f207f','215090-2020-07'),(244,'2020-07-28 00:00:00.000000','I pledge','CM','55','22','0','On World Nature Conservation Day we initiated \"I Pledge\" to take an oath to conserve and protect our natural resources. To take a pledge towards conserving nature and take a picture or short video executing the pledge. We believe to have made tiny steps towards a fruitful impact in nature conservation so that we get to live a healthier future.','https://www.instagram.com/s/aGlnaGxpZ2h0OjE3ODY3MzQwMjQxOTI0MjAz?igshid=31d4msbzr0j8&story_media_id=','8986aa170b384276bca1c32cc58f207f','215090-2020-07'),(245,'2020-07-28 00:00:00.000000','I pledge','PD','55','22','0','On World Nature Conservation Day we initiated \"I Pledge\" to take an oath to conserve and protect our natural resources. To take a pledge towards conserving nature and take a picture or short video executing the pledge. We believe to have made tiny steps towards a fruitful impact in nature conservation so that we get to live a healthier future.','https://www.instagram.com/s/aGlnaGxpZ2h0OjE3ODY3MzQwMjQxOTI0MjAz?igshid=31d4msbzr0j8&story_media_id=','8986aa170b384276bca1c32cc58f207f','215090-2020-07'),(246,'2020-07-28 00:00:00.000000','Scavenger Hunt ','CS','20','4','0','An interesting event \"Scavenger Hunt\"on the occasion of our Charter Day. It was filled with game of riddles and puzzles. Once you get the answer of the Riddle take a selfie and share on the Whats App group.','https://www.instagram.com/s/aGlnaGxpZ2h0OjE3ODQ2NzMwMjAwMjUxOTIz?igshid=1p2m4d2zdom6x&story_media_id','8986aa170b384276bca1c32cc58f207f','215090-2020-07'),(247,'2020-07-08 00:00:00.000000','The Little Paw ','CM','20','36','0','Feeding the stray animals daily for 3 days with RC PANVEL CENTRAL ','https://www.instagram.com/p/CDFyufaHz8S/?igshid=14vff3ci614am','1900411fd62348ebb5865d01a9bbe402','217268-2020-07'),(248,'2020-07-11 00:00:00.000000','Life Is A hobby ','PD','24','2','0','Session about making your hobby your career with RC ZENITH (collaboration) ','https://www.instagram.com/p/CDFyizfnasW/?igshid=ieb9p62k4jbj','1900411fd62348ebb5865d01a9bbe402','217268-2020-07'),(249,'2020-07-12 00:00:00.000000','Rise above the stress','PD','22','2','0','Session about how to overcome stress,  symptoms etc with RC AUNDH ( collaboration ISD, WR)  ','https://www.instagram.com/p/CDFzRaDHmxh/?igshid=v8zrt8s0tnmf','1900411fd62348ebb5865d01a9bbe402','217268-2020-07'),(250,'2020-07-12 00:00:00.000000','Paper Bag Day ','CM','8','1','0','Handmade paper bags were donated to medical shop owners with RC DYPIMS ( collaboration) ','https://www.instagram.com/p/CDFyaS0nJRs/?igshid=1xy24rylnz2s8','1900411fd62348ebb5865d01a9bbe402','217268-2020-07'),(251,'2020-07-15 00:00:00.000000','Leading towards good mental health ','PD','24','2','0','Session regarding how to maintain goog mental health always tricks and tactics were told & collaborated with RC PANVEL ELITE','https://www.instagram.com/p/CDFzwQwHocx/?igshid=n8y3lh1ombpd','1900411fd62348ebb5865d01a9bbe402','217268-2020-07'),(252,'2020-07-17 00:00:00.000000','International Justice Day','PD','75','2','0','Session about black lives matter,  rape cases with 7 clubs (RID 3281,  3201, 3292 , 3150 , 3141 ) ','https://www.instagram.com/p/CDF2uh4Htya/?igshid=li5b12vijb2o','1900411fd62348ebb5865d01a9bbe402','217268-2020-07'),(253,'2020-07-18 00:00:00.000000','PROJECT HOPE','IS','10','36','0','Community Service Done for 3 days with RID 3012','https://www.instagram.com/p/CDF9o5snS_l/?igshid=a63nedb3jdnm','1900411fd62348ebb5865d01a9bbe402','217268-2020-07'),(254,'2020-07-19 00:00:00.000000','Baltaru','CM','15','5','0','We planted saplings in our home and nearby areas with RC SAOE','https://www.instagram.com/p/CDF3RGRH04L/?igshid=xjb5e40zgfqt','1900411fd62348ebb5865d01a9bbe402','217268-2020-07'),(255,'2020-07-20 00:00:00.000000','Appreciate the Efforts ','CM','28','36','0','Spending Quality time with women in our home,  WR INITIATIVE WITH RC ICCS','https://www.instagram.com/p/CDFzoBvHqVW/?igshid=8utewac02r34','1900411fd62348ebb5865d01a9bbe402','217268-2020-07'),(256,'2020-07-22 00:00:00.000000','Chefs of RC DYP ACS','CM','65','24','0','Cooked various dishes at home and gave it to watchmens and beggars on street ','https://www.instagram.com/p/CDIrzn2nerz/?igshid=1l8qhdnr9k5zd','1900411fd62348ebb5865d01a9bbe402','217268-2020-07'),(257,'2020-07-22 00:00:00.000000','Art of Startup','PD','20','2','0','Session about starting our own setup with RC DYPIMS ( COLLABORATED AND ISD)  ','https://www.instagram.com/p/CDHMPGMHG6a/?igshid=18hfmly5i5ydx','1900411fd62348ebb5865d01a9bbe402','217268-2020-07'),(258,'2020-07-23 00:00:00.000000','Being broke is not a joke','PD','18','2','0','Financial Awareness session with RC ICCS ','https://www.instagram.com/p/CDHMbYynBf_/?igshid=8sidzu99ca40','1900411fd62348ebb5865d01a9bbe402','217268-2020-07'),(259,'2020-07-19 00:00:00.000000','MADHUMEHA','IS','24','36','0','Diabetes awarness drive with rid 3020,  PD+ CMD covered ','https://www.instagram.com/p/CDWE33JHqkt/?igshid=rn8f3ess7ydu','1900411fd62348ebb5865d01a9bbe402','217268-2020-07'),(260,'2020-07-30 00:00:00.000000','international friendship day ','IS','10','24','0','Friendship Day celebrated with RC THANE DOWNTOWN,  3142 (JOINT BULLETIN)','https://www.instagram.com/p/CDejGU3nQWA/?igshid=8frubexehvgk','1900411fd62348ebb5865d01a9bbe402','217268-2020-07'),(261,'2020-07-31 00:00:00.000000','Let\'s Talk','PD','18','2','0','Talk about menstruation,  problems associated , myths busted with RC GEM & ISD collaboration ','https://www.instagram.com/p/CDYZCggnhws/?igshid=w2wz5p0ji1b','1900411fd62348ebb5865d01a9bbe402','217268-2020-07'),(262,'2020-08-31 00:00:00.000000','-','CM','0','0','0','-','-','afd39471e84e42bca4546127e1872e93','218133-2020-07'),(263,'2020-07-04 00:00:00.000000','BOD Training','PD','15','6','0','The BOD Training that was organized  by the district.','https://www.instagram.com/p/CCgHSwygaGK/','c8540d4632614ba68079ab16526bf7c4','215167-2020-07'),(264,'2020-07-19 00:00:00.000000','Ice Breaker Session','CS','20','0','0','Orientation session for prospective members','-','ac52d90d734443abb9541d877f65ec1d','90983-2020-07'),(265,'2020-07-25 00:00:00.000000','Installation Ceremony','CS','60','0','0','Installation of Rtr Aman Savla and Rtr Dhruv Kolhatkar','https://www.instagram.com/p/CDlvdyig2IQ/?igshid=100fuq5wj36h0','ac52d90d734443abb9541d877f65ec1d','90983-2020-07'),(281,'2020-07-01 00:00:00.000000','Behind the White Coat','IS','20','48','0','On 1st of July we celebrated International Doctor\'s day and on that occasion the participating clubs collected a video from as many doctors as possible, minimum being 1, and collaborated. We also virtually felicitated the doctors under this project.‍','https://www.instagram.com/p/CC0InsqAsrv/?igshid=11hlqfrvyty5x','7e9e23c5ba904711ab5bf9331aa15660','215663-2020-07'),(282,'2020-07-01 00:00:00.000000','Behind the White Coat','CM','20','48','0','On 1st of July we celebrated International Doctor\'s day and on that occasion the participating clubs collected a video from as many doctors as possible, minimum being 1, and collaborated. We also virtually felicitated the doctors under this project.‍','https://www.instagram.com/p/CC0InsqAsrv/?igshid=11hlqfrvyty5x','7e9e23c5ba904711ab5bf9331aa15660','215663-2020-07'),(283,'2020-07-18 00:00:00.000000','ABCD of Leadership','PD','21','5','0','A seminar was delivered by Col. Prem Anand to the participants on Leadership. He discussed the tips for being a great leader. He also discussed how should one achieve his/her dreams. The seminar was concluded with a Q and A.','https://www.instagram.com/p/CCz-m_5A29Z/?igshid=e02jnlifsdic','7e9e23c5ba904711ab5bf9331aa15660','215663-2020-07'),(284,'2020-07-18 00:00:00.000000','ABCD of Leadership','CS','21','5','0','An ice-breaker session was conducted between all the participants before the seminar. A fun game was played where the participants had to answer their preferences.','https://www.instagram.com/p/CCz-m_5A29Z/?igshid=e02jnlifsdic','7e9e23c5ba904711ab5bf9331aa15660','215663-2020-07'),(285,'2020-07-01 00:00:00.000000','Behind the White Coat','IS','114','120','0','On the occasion of International Doctor\'s Day,we approached  Rotaract clubs from various districts. We reached out many doctors and their family by collecting videos in which they shared their experience and we  broadcasted on Youtube Channel. The Attendees mentioned above are the clubs participating in this event','https://www.instagram.com/p/CCWB9nKALen/?igshid=h75o3200o0om','5502ecd454804ae0aa56c90bf961fd7d','215200-2020-07'),(286,'2020-07-15 00:00:00.000000','Leading towards Good Mental Health','PD','13','10','0','A Joint International Professional Development session was conducted on Mental Health and Emotional Intelligence of Youth by Motivational speaker Ms.Gurpreet Kaur Khalsa on the e-platform Zoom.','https://www.instagram.com/p/CClyF3ag24H/?igshid=1c9lnehedoan5','5502ecd454804ae0aa56c90bf961fd7d','215200-2020-07'),(287,'2020-07-20 00:00:00.000000','Plant from Home','CM','10','20','0','A planting initiative taken by our Club to encourage more plantation to be done from home due to current Lockdown situation. We are collecting photos/videos of the plantation. We approached and collaborated with many Rotaract Clubs.','https://www.instagram.com/tv/CCtXgcIABIE/?igshid=fgja1nwu880','5502ecd454804ae0aa56c90bf961fd7d','215200-2020-07'),(288,'2020-07-24 00:00:00.000000','Orientation Program','PD','17','5','0','This Joint Orientation program helped 170+ rotaractors and new members to understand all about Rotaract. All the doubts and queries were cleared and it was an amazing session','https://www.instagram.com/p/CDGoQY6A6dB/?igshid=1ppa6ozidw1qm','5502ecd454804ae0aa56c90bf961fd7d','215200-2020-07'),(289,'2020-07-28 00:00:00.000000','Know Trees Grow trees','CM','6','10','0','An Initiative to plant seeds  and gift plant to our  neighbours by making our planet a better place. The moto was also to share about the importance of that plant. We RCP Urja collaborated for this event and shared the photos with the benefits of that plant','https://www.instagram.com/p/CDLy1grgYpn/?igshid=1cndd9s069rk9','5502ecd454804ae0aa56c90bf961fd7d','215200-2020-07'),(290,'2020-07-01 00:00:00.000000','Behind the white coat','IS','180','72','0','Covid-19 has affected everyone globally. Some of the most important and yet at risk groups in the pandemic include doctors, and Rotaract Club of Amanora Youngistan, along with several others, provided a platform for them to share their views and voice their concerns. A dedicated YouTube channel was set up to host all videos submitted and the audience got to know our Covid-19 warriors a little better. Over 80 clubs joined in this program internationally and it was a huge success.','https://www.instagram.com/p/CChk_DWAKFp/?igshid=c0ss4hysex6t','730cfee2ff9e4c1b9aa68322f165b065','215992-2020-07'),(291,'2020-07-09 00:00:00.000000','LinkedIn Launch','CS','13','2','0','We launched our club\'s LinkedIn profile and took a step forward towards our professional world. Find us at:- https://www.linkedin.com/company/rotaract-club-of-amanora-youngistan So now RC Amanora Youngistan is on Instagram, Facebook, YouTube and LinkedIn.','https://www.instagram.com/stories/rca_youngistan/2373553743472910764?utm_source=ig_story_item_share&','730cfee2ff9e4c1b9aa68322f165b065','215992-2020-07'),(292,'2020-07-07 00:00:00.000000','Declutter','CM','120','15','0','The Pandemic situation hasn\'t been favorable to anyone\'s mental health. Oftentimes it\'s observed that a person might be falling into the clutches of a mental illness but miss the warning signs. Declutter was a project intended to raise awareness about loss of mental wellbeing as well as provide some simple tasks to bring about temporary relief. This event was carried out through our official instagram page @rca_youngistan and got a healthy response.','https://www.instagram.com/p/CCREk9jAdha/?igshid=bvt8pooc1euh','730cfee2ff9e4c1b9aa68322f165b065','215992-2020-07'),(293,'2020-07-11 00:00:00.000000','Fun with Graphology','PD','75','1','0','It can be said that one\'s handwriting is the window to one\'s personality. Keeping this in mind, Rotaract Club of Amanora Youngistan joined hands with Rotaract Club of Pune Camp Pioneers and hosted a professional development session on reading basic traits of one\'s personality based on ones handwriting. The guest speaker invited was the founder of GraphA (a handwriting analysis organization) - Dhwanika Shah - who instructed everyone on what to look for and how to interpret the subtleties on one\'s own handwriting. The session was attended by over 75 Rotaractors and was followed by a club service event.','https://www.instagram.com/p/CCgUPDIgLzS/?igshid=5vju8iippq6t','730cfee2ff9e4c1b9aa68322f165b065','215992-2020-07'),(294,'2020-07-11 00:00:00.000000','Pehchan Kon','CM','35','2','0','This club service session immediately succeeded \"Fun with Graphology\" and involved several clever riddle games such as \"Guess the movie\", \"Guess the brand\" and \"Complete the sentence\". Hosted by Rtr. Tasleem Inamdar, the CSD of RC Pune Camp Pioneers, it served as a relaxing and much needed bonding session for all attending Rotaractors.','https://www.instagram.com/p/CCgUf8JgZ1v/?igshid=1pmwlrvsf9ruf','730cfee2ff9e4c1b9aa68322f165b065','215992-2020-07'),(295,'2020-07-18 00:00:00.000000','The Job Hunt 1.0 ','PD','55','3','1950','The first impression of a candidate when she/he applies for a job is her/his resume. With this in mind, we designed an event to improve resume writing skills of young professionals. A guest talk was given on topis of resume writing by PDRR Rtn Naveen Senna, followed by a resume writing workshop. This event concluded with having participants submit their resumes evaluated by professionals in their respective fields and gain feedback on the same.','https://www.instagram.com/p/CCyqL_yATaj/?igshid=z0byyneezjfc','730cfee2ff9e4c1b9aa68322f165b065','215992-2020-07'),(296,'2020-07-26 00:00:00.000000','Caring Connections','CM','8','1','0','Sometimes life is tough, and not everyone has a listening ear for their problems. This project is aimed to correct that with the help of our parent Rotary Club - Rotary Club of Amanora. There will be anonymous sessions where participants can vent and talk about their troubles to volunteers from Rotary Club of Pune Amanora. It is an year long project and has the potential to help plenty of people through mental and emotional support. Each slot will consist of maximum 5 people and our 2 counselors.','https://www.instagram.com/p/CDHcM9GAYPa/?igshid=13at0615pt996','730cfee2ff9e4c1b9aa68322f165b065','215992-2020-07'),(297,'2020-08-26 00:00:00.000000','Things I\'ve never said','IS','14','3','0',' About - Oftentimes, the gratitude and the love we feel for our parents can go unshared or unsaid. This parents\' day, partenered with Rotaract Club of Viman Nagar, Rotaract Club of Poona Royal \"Everything I Never Told You\" was all about celebrating that love. Participants from various districts shared either an old recreation of a photograph or a greeting card to their parents acknowledging all that\'s been unsaid.','https://www.instagram.com/tv/CDUHf8rlavH/?igshid=5dll36id65c0','730cfee2ff9e4c1b9aa68322f165b065','215992-2020-07'),(298,'2020-07-19 00:00:00.000000','Baltaru','CM','15','5','0','What\'s one of the best way to combat air pollution? Planting your own little tree, of course! This project aimed to have volunteers plant trees and take pics of those tiny beings growing up to share. A joint project with RC SAOE in collaboration with 13 more clubs from RID 3131, this project celebrated all green life and hoped for a healthier planet.','https://www.instagram.com/p/CC02iKagInx/?igshid=ddnzjrbypruh','730cfee2ff9e4c1b9aa68322f165b065','215992-2020-07'),(299,'2020-07-30 00:00:00.000000','Madhumeha','IS','338','7','0','\"Madhumeha\" is another word for diabetes. Millions are afflicted globally and suffer, yet not all of them are very well aware of this disease. Madhumeha aimed to create awareness on diabetes - a terrible disease so that people viewing/participating may be better equipped to deal with it in future. It had 3 main phases - first, an awareness via posters, second, a public opinion survey on type-2 diabetes awareness, third, a placard collage, and we also had a PD session by renowned Doctor A.Mythili MD, DM, FACE. For this project, we collaborated with RAC Vizag City RID 3020, RAC Hyderabad Himayat Nagar RID 3150, RAC Bangalore west RID 3190, RAC Bharathi Vidyapeeth Belapur RID 3142, RAC Laketown','https://www.instagram.com/tv/CDTjybblaPC/?igshid=vn1djg3rherw','730cfee2ff9e4c1b9aa68322f165b065','215992-2020-07'),(300,'2020-07-01 00:00:00.000000','Behind the White Coat','IS','16','120','0','Rotaract club of Pune Zenith in collaboration with 100+ clubs from 7 countries, president elects from district 3131 and healthcare professionals presents a project to pay tribute to our Covid-19 warriors on the occasion of  National Doctors Day and give them a platform to express themselves. We proudly share video by Dr. Jyoti Shinde on the subject of Covid-19 pandemic.','https://www.instagram.com/p/CCv4IpZA2vl/?igshid=sy5nqu4ny9gw','36cfbc4e2ccc48d4a51335f7899aafcd','217271-2020-07'),(301,'2020-07-04 00:00:00.000000','STAR - BOD Training Program','CS','14','8','0','BOD Training Program','https://www.instagram.com/p/CCyZhTHA810/?igshid=1itwpg88huz1z','36cfbc4e2ccc48d4a51335f7899aafcd','217271-2020-07'),(302,'2020-07-05 00:00:00.000000','STAR - BOD Training Program','CS','14','8','0','BOD Training Program','https://www.instagram.com/p/CCyZhTHA810/?igshid=1itwpg88huz1z','36cfbc4e2ccc48d4a51335f7899aafcd','217271-2020-07'),(303,'2020-07-11 00:00:00.000000','Life is a Hobby','PD','14','3','0','We, Rotaract club of Pune Zenith, hosted the first joint event in collaboration with 22 clubs under the avenue of Professional development, Club Services and International Services.  The session was conducted virtually by Mr. Milind Tambe and was attended by 250+ Rotaractors from India and Nigeria. ','https://www.instagram.com/p/CC1OdeYAHro/?igshid=agattvbo1l0k','36cfbc4e2ccc48d4a51335f7899aafcd','217271-2020-07'),(304,'2020-07-11 00:00:00.000000','Life is a Hobby','IS','14','3','0','We, Rotaract club of Pune Zenith, hosted the first joint event in collaboration with 22 clubs under the avenue of Professional development, Club Services and International Services.  The session was conducted virtually by Mr. Milind Tambe and was attended by 250+ Rotaractors from India and Nigeria. ','https://www.instagram.com/p/CC1OdeYAHro/?igshid=agattvbo1l0k','36cfbc4e2ccc48d4a51335f7899aafcd','217271-2020-07'),(305,'2020-07-12 00:00:00.000000','Paper bag Day','CM','16','13','0','We, Rotaract club of Pune Zenith in collaboration with Rotaract club of DYPIMS celebrated, World Paper bag day. The main objective was to distribute paper bags to the nearest medical store as a thank-you gesture. The special touch to this event was members making the bags by themselves and mentioning some quotes on the same. We made and distributed 152 paper bags in a day due to which the event was a great success. The event was done with due safety and care considering the COVID situations.','https://www.instagram.com/p/CCyaTvyg4YW/?igshid=6pnfz3kpgrwi','36cfbc4e2ccc48d4a51335f7899aafcd','217271-2020-07'),(306,'2020-07-18 00:00:00.000000','ABCD of Leadership','PD','11','3','0','RC Pune Zenith in collaboration with Rotaract club of Koregaon Park and Rotaract club of Viman Nagar hosted a PD session on the topic A B C D’s of Leadership with a fantastic attendance of 110+ attendees! It was Co - Hosted By - 1. RC Bibwewadi  2. RC Kalyani Nagar 3. RC Pimpri  4. RC Panvel Central 5. RC Nigdi 6. RC Pune Royal. We started with an ice breaker session \"WOULD YOU RATHER\" CSD activity for all the participants, followed by inspiring thoughts, real life stories and examples of leadership by Col. Prem Anand','https://www.instagram.com/p/CC8cSxggGM2/?igshid=1t3ech353mpb6','36cfbc4e2ccc48d4a51335f7899aafcd','217271-2020-07'),(307,'2020-07-19 00:00:00.000000','Club Orientation Program','CS','13','2','0','We, Rotaract Club of Pune Zenith along with Rotaract club of Pune Warje and Rotaract club of Pune Sinhagad Road successfully conducted a Joint Club Orientation Program. It was a very insightful session wherein our club members and prospectives were enlightened more about Rotaract, it\'s functioning and it\'s opportunities.','https://www.instagram.com/p/CC84akugqtc/?igshid=1jqxq691fzgqh','36cfbc4e2ccc48d4a51335f7899aafcd','217271-2020-07'),(308,'2020-07-24 00:00:00.000000','Vighnaharta','CM','22','45','0','Considering the COVID crisis, we Rotaract club of Pune Zenith have come up with a CMD initiative to create a festive vibe. We are providing an online platform to book your eco friendly bappa. Bookings will start from 24th July, 2020 Friday. To avoid huge crowds, a lot of centers have been arranged. You can pick up the idols from centers near your house. The funds generated from this will be used for women empowerment program.','https://www.instagram.com/p/CDBdsgIAvqz/?igshid=ezhp6g2riim6','36cfbc4e2ccc48d4a51335f7899aafcd','217271-2020-07'),(309,'2020-07-25 00:00:00.000000','Farmaish','CS','8','4','0','Rotaract Club of Pune Zenith along with their Parent Rotary club and the Sibling Rotaract clubs successfully carried out the Musical event \"Farmaish- The Musical eve“ with Singer/Guests for the night- Dr. Aishwarya Sahastrabuddhe, Vallabh Nare & Adv. Shivam Bhouradkar. With more than 160 audience the event was successfully done, where people sent their \'Framaish\' via a google forms.','https://www.instagram.com/p/CDLImtlgNrz/?igshid=119b9wex1vszw','36cfbc4e2ccc48d4a51335f7899aafcd','217271-2020-07'),(310,'2020-07-26 00:00:00.000000','Kargil Divas','IS','22','1','0','Rotaract club of Pune Zenith in collaboration with RC Modern College, Ganeshkhind, pay tribute to our Unsung Warriors on the occasion of Kargil Divas. The Unsung Warrior – Major Mariappan Saravanan.','https://www.instagram.com/p/CDF2jXJgG9V/?igshid=688o5fqc7y9a','36cfbc4e2ccc48d4a51335f7899aafcd','217271-2020-07'),(311,'2020-07-26 00:00:00.000000','Ice Breakers Session','CS','17','5','0','We Rotaract club of Pune Zenith arranged an Ice Breakers session for all the Zenithians to get to know more about each other. We played 2 ice breaker games – How well do you know? and The Memorable Event. It was a successful CSD activity - an evening spent well - knowing each other, filled with fun and laughter.','https://www.instagram.com/p/CDNvAfEArpg/?igshid=ii2th6zumg1s','36cfbc4e2ccc48d4a51335f7899aafcd','217271-2020-07'),(312,'2020-08-29 00:00:00.000000','Caption the Tiger','CS','22','7','0','For all the creative minds, On International Tigers Day, we Rotaract club of Pune Zenith had another fun event - CAPTION THE TIGER - where you have to come up with innovative captions for the pictures posted on our Instagram story. At the end of the day, the winners got featured on our Instagram page.','https://www.instagram.com/p/CDNstHdg2B8/?igshid=625dxy2mazu7','36cfbc4e2ccc48d4a51335f7899aafcd','217271-2020-07'),(313,'2020-07-01 00:00:00.000000','Doctor\'s Day','CM','31','24','0','Dedicated a video made by the members of Rotaract Club of Panvel Central to the Doctors who have relentlessly working since years and especially during the pandemic phase. Certificates of  Appreciation were also given. ','https://www.instagram.com/tv/CCGOvxJp7KN/?igshid=1ovwopx2hty8','4e36f62a5b8e434f8c70337015aee459','214399-2020-07'),(314,'2020-07-12 00:00:00.000000','Little Paw','CM','102','192','0','Rotaract Club of Panvel Central along with 24 collaborating clubs fed the street animals who have been affected the most during the COVID-19 pandemic. ','https://www.instagram.com/tv/CCiDJ9iJjLZ/?igshid=2qhrgb0znm54','4e36f62a5b8e434f8c70337015aee459','214399-2020-07'),(315,'2020-07-12 00:00:00.000000','Little Paw','IS','102','192','0','Rotaract Club of Panvel Central along with 24 collaborating clubs fed the street animals who have been affected the most during the COVID-19 pandemic. ','https://www.instagram.com/tv/CCiDJ9iJjLZ/?igshid=2qhrgb0znm54','4e36f62a5b8e434f8c70337015aee459','214399-2020-07'),(316,'2020-07-19 00:00:00.000000','Bekhauf','IS','63','168','0','Rotaract Club of Panvel Central along with 6 other clubs and an Youtube Channel conducted a Women’s Empowerment project to mark the First Women\'s Rights Movement (19th July, 1848),expressed by dancing their hearts out to \"KUDI NU NACHNE DE\"','https://www.instagram.com/tv/CC0dHMEJQZ7/?igshid=53qkas4geszu','4e36f62a5b8e434f8c70337015aee459','214399-2020-07'),(317,'2020-07-01 00:00:00.000000','Bhagwat Geeta Shlokas','PD','400','8760','0','This ie a year long project , wherein everyday 2 verses/Shlokas of the Bhagwat Geeta are shared on the instagram and facebook page of the club which is needed especially during the pandemic for emotional and mental enlightenment.','https://www.instagram.com/s/aGlnaGxpZ2h0OjE3ODYyODQzNzE1OTE5NTky?igshid=3hhim8olnn0c&story_media_id=','4e36f62a5b8e434f8c70337015aee459','214399-2020-07'),(318,'2020-07-23 00:00:00.000000','Funky Friday','CS','25','2','0','The club members played Housie over a virtual platform that boosted the bonding amongst them','-','4e36f62a5b8e434f8c70337015aee459','214399-2020-07'),(319,'2020-07-11 00:00:00.000000','Abhivyakti','PD','20','1','0','Charter President and Jt. Secretary of Rotaract Club of Panvel Central , Vedang Warange conducted a session , wherein he covered all the aspects about the Rotaract Club and encouraged all members. ','-','4e36f62a5b8e434f8c70337015aee459','214399-2020-07'),(320,'2020-07-12 00:00:00.000000','Urban Survival 1.0','PD','17','2','0','RACPC Co-Hosted a Disaster Management session by Rtr, Nachiket Aradhye, ISD and Past President of RC Pune Pashan','https://www.instagram.com/p/CDtyP5fguaI/?igshid=da7zpto5qnl4','4e36f62a5b8e434f8c70337015aee459','214399-2020-07'),(321,'2020-07-19 00:00:00.000000','Baaltaru','CM','100','96','0','RACPC co-hosted a plantation drive and captured pictures while planting and watering the saplings . Other\'s who couldn\'t do the plantation due to covid lockdown created the awareness by sharing posters on instagram.','-','4e36f62a5b8e434f8c70337015aee459','214399-2020-07'),(322,'2020-07-15 00:00:00.000000','Mental Health','PD','375','2','0','We collaborated Rotaract Club of Panvel Elite  for a mental health webinar by a social scientist and motivational speaker - Ms. Gurpreet Kaur Khalsa','https://www.instagram.com/p/CCwFvwxAD-G/?igshid=vogi9s9lp2w','4e36f62a5b8e434f8c70337015aee459','214399-2020-07'),(323,'2020-07-18 00:00:00.000000','ABCD\'s of Leadership','PD','110','1','0','RACPC co-hosted a PD session on the topic ABCD\'s of Leadership over virtual platform by Col. Prem Anand','-','4e36f62a5b8e434f8c70337015aee459','214399-2020-07'),(324,'2020-07-01 00:00:00.000000','Behind the White Coat','CM','5','2','0','01/07/20 at 12:00pm Behind the white coat  CMD/ISD/PR The RIY 2020-21 Presidents Batchmates took an initiative to dedicate the Guardians of the Society i.e. the doctors. Around 70+ clubs were a part of this initiative. The videos collaboration was done by taking videos from different doctors video about their experience in the pandemic situation. RcAundh gave their contribution by giving the video of Dr. Leena Shah. Doctor gave her insights on the Pandemic situation and gave advices and remedies of staying safe during the pandemic times. This videos were telecasted on Youtube and IGTV as a Part of PR.','https://www.instagram.com/p/CDKDYUAgjZv/?utm_source=ig_web_copy_link','ed5fc573f8494f9fa8705076e1c0eaf4','91876-2020-07'),(325,'2020-07-01 00:00:00.000000','Cake Cutting for New RIY 2020-21','CS','12','1','0','01/07/20 at 5:30pm Cake Cutting CSD As the new year had commenced the PST had planned a surprise meet with the BOD members living in and around Aundh. We met for a Small cake cutting and Later the Pres/ Sec addressed the BOD members about the coming year and events and also guided everyone with some Motivational Speech in the end. Around 12 Bod and members attended the Event. We Were also accompanied by two Prospective members i.e Sanat Bhat and Abhishek Mukherjee.','https://www.instagram.com/p/CDHty4NADuq/?utm_source=ig_web_copy_link','ed5fc573f8494f9fa8705076e1c0eaf4','91876-2020-07'),(326,NULL,'Unnave Maruthu.','IS','5','3','0','01/07/20 Unnave Maruthu. ISD Rtr. Club of Aundh participated in Unnave Maruthu hosted by Rtr. Club of International college of Aviation, RID 3232, Chennai. The Video was shot by Rtr Suyash Darade from Rc aundh. The task was to make a healthy dish for which Suyash had made a Chicken Salmon Quinoa Salad.','https://www.instagram.com/tv/CDHw1n6AAfy/?utm_source=ig_web_copy_link','ed5fc573f8494f9fa8705076e1c0eaf4','91876-2020-07'),(327,'2020-07-08 00:00:00.000000','Dumb Charades','CS','17','3','0','08/07/20 Dumb Charades CSD The Famous game of Dumb Charades was Played by about more than 17-18 members from the club. The Game was Conducted on Zoom. It was highly Great to see the Enthusiasm of the Prospective members involving in the Game and taking the Lead in becoming the teams captain. The event was planned for 45 mins but got extended for more than 2 hrs .','https://www.instagram.com/p/CDSDUbfANjY/?utm_source=ig_web_copy_link','ed5fc573f8494f9fa8705076e1c0eaf4','91876-2020-07'),(328,'2020-07-08 00:00:00.000000','Tshirt Donation','CM','5','4','0','08/07/20 Tshirt Donation CMD/PR Rc Aundh was able to donate about 50 T-shirts to the needy Construction Workers in  Pirangut area. During Lockdown the Workers were unable to Purchse the clothes and were in need of the same so as an extended version of Daan karona the event was taken. This event also marked for the Oflline PR for the club in the Out skirts of Pune City. This event was carried out by Rtr. Shubham navale to deliver it to Construction site.','https://www.instagram.com/p/CDKN_APA4Ms/?utm_source=ig_web_copy_link','ed5fc573f8494f9fa8705076e1c0eaf4','91876-2020-07'),(329,'2020-07-11 00:00:00.000000','Rotary club of Aundh Installation','CS','11','2','0','11/07/20 at 7:00pm Rotary Installation RRRO/CSD Rotary club of Aundh the Parent Rotary club, had its Installation for the RIY 2020-21.  Around 10 members along with President and Secretary of Rotaract club aundh from the club gave their presence with some good wishes and their guidance.','-','ed5fc573f8494f9fa8705076e1c0eaf4','91876-2020-07'),(330,'2020-07-12 00:00:00.000000','Blood Donation','CM','15','5','0','12/07/20 8:00 am to 2:00 pm Blood Donation CMD/RRRO Blood Donation drive was carried out by Rc Aundh along with Rotary Aundh, Om Blood Bank and Baner Balewadi Medical Association. This event was taken out to ensure and help the society in the pandemic situation with the Blood donation. RcAundh was able to Collect around 34 blood bags. This Blood bags will be used in the Covid centres for help of people. Also a PR campaign was carried out inorder to make the masses aware of the Blood Donation and its important.','https://www.instagram.com/p/CDKPKEaAT4t/?utm_source=ig_web_copy_link','ed5fc573f8494f9fa8705076e1c0eaf4','91876-2020-07'),(331,'2020-07-04 00:00:00.000000','District training. S.T.A.R.','CS','17','4','0','The District training was carried out by the District Council for the BOD training and to know the technicalities of the avenues 18 BOD members from the BOD attended the Training session. it was an helpful session to make the BOD their roles and responsibilities as a director.','-','ed5fc573f8494f9fa8705076e1c0eaf4','91876-2020-07'),(332,'2020-07-12 00:00:00.000000','Rise above Stress','IS','80','6','0','12/07/20 at 5:30pm Rise above Stress WR/PDD/ISD During this Lockdown Period many People come across mental stress situation. So as to release that effect Menrtal Awareness Campaign was carried out. This session was conducted by DR. Aditi Deo. She explained the importance of mental health nd the tricks associated for gaining mental relaxations in the pandemic situation. This Session was Hosted by RC Aundh Along with RC DyPACS, RC Thane lake City, RC Madurai North, RC Mumbai mulund South. This Session was attended by 80+ Members.','https://www.instagram.com/p/CDPbHUYgFtg/?utm_source=ig_web_copy_link','ed5fc573f8494f9fa8705076e1c0eaf4','91876-2020-07'),(333,'2020-07-15 00:00:00.000000','Rotary Rotaract Meet','CS','33','2','0','15/07/20 7:00pm Rotary Rotaract meet CSD/RRRO The Rotary Rotaract Meeting was Planned by Rtr. Saket Kodaskar, RRRO 2020-21. Wherein the Rotarians and Rotaractors gave their insights about their Specific year. This session commenced by introduction the Pres/ Sec and all the BODs and all the members. The Session was followed by some fun activities in the end. The session was attended by 15 Rotaractors and 13 Rotarians , also DRRRO Rtr. Karishma Awari and Rotary District Youth director gave their presence.','-','ed5fc573f8494f9fa8705076e1c0eaf4','91876-2020-07'),(334,'2020-07-17 00:00:00.000000','Scribble','CS','18','2','0','17/07/20 at 8:45pm Scribble CSD The event was planned as a surprise game to the members as an unofficial meet. The game was to guess the drawings made by fellow players and gain points. It was attended by 17 rotaractors from the club. People made some weird drawing and gave some hilarious guessing. The event was a lot fun and Rtr. Sanat Bhat was declared the winner.','https://www.instagram.com/p/CDSC5btAM4G/?utm_source=ig_web_copy_link','ed5fc573f8494f9fa8705076e1c0eaf4','91876-2020-07'),(335,'2020-07-18 00:00:00.000000','Virtual youth exchange ','CS','18','2','0','18/07/20 at 6:00pm Virtual youth exchange Water mission programme meeting RRRO/CSD This session was conducted by rtn. Yogini Joshi to know about the cultural exchanges done around the world. The event was later followed with the topic of Water mission Programme. The PST, Core members and the RRRO took a part in this meeting and gave their insights and various aspects related to the topic.','-','ed5fc573f8494f9fa8705076e1c0eaf4','91876-2020-07'),(336,'2020-07-19 00:00:00.000000','Nexus 1.0. Resume writing','PD','78','3','0','19/07/20 Nexus 1.0. Resume writing PDD/PAO This was an inauguration of the Nexus Series for professional development. The topics covered were  -Development of Personality. -Professional Behaviour -Interview discussions He covered various aspects related to the topic. This event was attended by DPDD Vaishnavi DRRRO and various rotaractors and rotarians from the district.  Total people joined in for the event was 78.','https://www.instagram.com/p/CDPbuXhgz1g/?utm_source=ig_web_copy_link','ed5fc573f8494f9fa8705076e1c0eaf4','91876-2020-07'),(337,'2020-07-22 00:00:00.000000','Bollywood Quiz','CS','25','3','0','22/07/20 at 9:00pm Bollywood quiz CSD The game wherein almost 25 rotaractors from the club joined in the whatsapp group . The event was to identify the Bollywood posters and recognise them at the earliest. It was quite funny as some posters were very famous movies and some were very vague. Rtr. Shreyas Kharolkar won the game by a fair margin.','https://www.instagram.com/p/CDSDyOdAckx/?utm_source=ig_web_copy_link','ed5fc573f8494f9fa8705076e1c0eaf4','91876-2020-07'),(338,'2020-07-26 00:00:00.000000','Nexus 2.0. How to win at Networking','PD','85','3','0','26/07/20 at 5:30pm Nexus 2.0. How to win at Networking PDD The session was taken by rtr Tanuj Ulangwar. He discussed some key points in the field of networking and also gave some insights on building network in the real life. Around 90 rotaractors/participants joined in for the event. He gave 7 Golden Rules that one need to follow in order to get benefitted in terms of networking. The audience attending the sessions were delighted by the rules , tricks and tips that he suggested in terms of networking. It was attended by an audience of more han 90+Rotaractors/ Rotarians / Non Rotaractors. Larter a task was allotted spontaneously to the two participants Isha and Rohit to get to know each othe','https://www.instagram.com/p/CDPZVlsAUra/?utm_source=ig_web_copy_link','ed5fc573f8494f9fa8705076e1c0eaf4','91876-2020-07'),(339,'2020-07-29 00:00:00.000000','Womansik Swasthya','PD','63','6','11972','29/07/20 at 7:00pm Womansik Swasthya WR/PDD This event was conducted under the WR initiative and a PDD initiative exclusively for girls and women. The event was conducted by Speaker Ms. Simran Alekar, who is an Mental Health Trainer. This event was focused to deliver some mental help to women who have faced some Mental and Emotional Health complications in their Family and social life. As the lockdown had begun the work of women was increased significantly so as to ease their emotional stability the session was carried out. The session had entry fee of Rs.49 which as a fund raiser for the Donation of Sanitary Napkins in the peripheral parts of Pune. Total amount that was raised from the eve','https://www.instagram.com/p/CDUU-G7gDn2/?utm_source=ig_web_copy_link','ed5fc573f8494f9fa8705076e1c0eaf4','91876-2020-07'),(340,'2020-07-26 00:00:00.000000','Life of an Army man','PD','60','2','0','26/07/20 at 11:00am Life of an Army man PDD Rc Pune Hill Side along with Rc aundh and othe clubs hosted an event on Life of an Army Man” on the occasion of Kargil Vijay Divas. The Speaker were a Rtd. Major General J.P.Nayar Sir. He tought lessons on Leadership, Unquestionability and Integrity. The Session started at 11am followed by national anthem it was a Great Pride to attend session of attending the session of such distinguished Personality.','-','ed5fc573f8494f9fa8705076e1c0eaf4','91876-2020-07'),(341,'2020-07-30 00:00:00.000000','Investors Awareness Programme','PD','53','2','0','30/07/20 Investors Awareness Programme PDD/ISD Money Managemnet is certainly a great technique to save and make money. Rc EMCOE Metro along with Rc Aundh, RcDYPIM, Rc Pune Metro arranged the session. The event was taken by Priyanka Acharya on behalf NSE. She is a registered Trainer in NSE and a Finance manager. She gave her insights on Money handling and its right Investment Strategies.','https://www.instagram.com/p/CDjOtdOgE2O/?utm_source=ig_web_copy_link','ed5fc573f8494f9fa8705076e1c0eaf4','91876-2020-07'),(342,'2020-07-27 00:00:00.000000','Organic fertilizer Donation','CM','15','2','3411','27/07/20 This event was organised by RC Bibwewadi for organizing the donation for Organic Fertilizers for farmers in Mulshi. and as FD initiative we could raise about 3411/-rs for this cause.','-','ed5fc573f8494f9fa8705076e1c0eaf4','91876-2020-07'),(343,'2020-07-09 00:00:00.000000','Say No To Plastic','IS','16','4','0','This was an initiative of the Rotaract Club of Geetanjali,Kolkata. We took a selfie with a jute or cotton bag, made a collage of the members participated from our side to show our support to this movement, while posting it on instagram.','https://www.instagram.com/p/CC6SIiQAycJ/?utm_source=ig_web_copy_link','59de4d891e8742be959eccf7e43a73dc','217239-2020-07'),(344,'2020-07-12 00:00:00.000000','Paper Bag Day','CM','6','5','0','This event was initiated by RC DYPIMS, on the Occasion of Paper Bag Day on 12th of july, each member had made a count of 5-10 paper bags and gave it to there nearest medical store which used plastic bags and asked them to use paper bags mostly as they are nature friendly.','https://www.instagram.com/p/CC6UpMDA8vu/?utm_source=ig_web_copy_link','59de4d891e8742be959eccf7e43a73dc','217239-2020-07'),(345,'2020-07-15 00:00:00.000000','Roses and thorns','CS','12','8','0','It was a fun introductory game for everyone to know each other a bit better through their roses and thorns which are basically their good and bad qualities . Along with it we also played two truths and one lie wherein the participants had to find out which one is the lie and who ever looses had to complete a dare. It was an ice breaker event for everyone to be a bit more comfortable with each other and everyone really enjoyed it!','https://www.instagram.com/p/CC6VS3ugvXR/?utm_source=ig_web_copy_link','59de4d891e8742be959eccf7e43a73dc','217239-2020-07'),(346,'2020-07-16 00:00:00.000000','Plasma Donation Awareness','IS','0','3','0','Plasma Donation Awareness was an initiative of Rotaract Club of Jalgaon West in which we spread the awareness to the masses by posting on Instagram','https://www.instagram.com/p/CDez4dOg-Ft/?utm_source=ig_web_copy_link','59de4d891e8742be959eccf7e43a73dc','217239-2020-07'),(347,'2020-07-17 00:00:00.000000','Introduction to Parent Rotary','CS','7','4','0','We had a fun meeting with Parent Rotary- Rotary Club of Pune Hillside and understood their functioning. They also discussed their upcoming events.','https://www.instagram.com/p/CC6ZbPDgx3X/?utm_source=ig_web_copy_link','59de4d891e8742be959eccf7e43a73dc','217239-2020-07'),(348,'2020-07-19 00:00:00.000000','GitHub ','PD','13','9','0','Mr. Prasad Seth briefed us about GitHub and what it is about, why and where it is used along with its pros and cons. It was truly an enlightening event for all the attendees and the question answer round was also very interactive making sure everyone had a few takeaways from this event! Later we had a fun ice breaker CSD event, \'The Technical Glitch\' where people shared their funny, embarrassing and a few amazing stories while they used different gadgets. Everyone enjoyed this session and bonded over laughter and had an amazing evening together.','https://www.instagram.com/p/CC6aCgnA1rH/?utm_source=ig_web_copy_link','59de4d891e8742be959eccf7e43a73dc','217239-2020-07'),(349,'2020-07-19 00:00:00.000000','\"बेखौफ, आज़ाद है जीना मुझे!\"','IS','7','10','0','This event was an initiative by Rotaract Club of Panvel Central in collaboration with  RC Calcutta, RC Social crew, Jharkhand, RC Thane Towning, RC Pune Hillside,  RC Bombay Queenstown Front, RC Electrical MCOE Metro and Nacho Salsa ( a YouTube Dance Tutorial channel). The First Women\'s Rights Movement was executed on 19th July, 1848. To mark this day we express our much deserved freedom in a fun filled way by dancing our hearts out to the upbeat song,\"KUDI NU NACHNE DE\", a song supporting to de-stigmatize the social views towards women! ','https://www.instagram.com/tv/CC6ePcxAkDw/?utm_source=ig_web_copy_link','59de4d891e8742be959eccf7e43a73dc','217239-2020-07'),(350,'2020-07-19 00:00:00.000000','बालतरू','CM','11','5','0','We Collaborated for the event \'बालतरू\' initiated by Rotaract Club of SAOE in which all the respective RaC Pune HillSide team participated with great enthusiasm. Due to situation all the members planted plants in their home itself as per the guidelines and took pics of the moment. The event was conducted on 19th July 2020. ','https://www.instagram.com/p/CC6cj6ogxtX/?utm_source=ig_web_copy_link','59de4d891e8742be959eccf7e43a73dc','217239-2020-07'),(351,'2020-07-20 00:00:00.000000','Plant From Home','CM','11','5','0','We Collaborated for the event \'Plant From Home\' initiated by RCP Urja in which all the respective RaC Pune HillSide team participated with great enthusiasm. Due to situation all the members planted plants in their home itself as per the guidelines and took pics of the moment. The event duration was from 15th - 20th July 2020. ','https://www.instagram.com/p/CC6fmfAgGKx/?utm_source=ig_web_copy_link','59de4d891e8742be959eccf7e43a73dc','217239-2020-07'),(352,'2020-07-22 00:00:00.000000','Ouchkars','CS','14','12','0','We Rotaract Club of Pune Hillside on the occasion of our FIRST CHARTER BIRTHDAY! celebrated an \'Ouchkars\' awards night! On 22nd of July. Everyone had a great time! and it was an evening worth spending with all our members all dressed up for this evening.','https://www.instagram.com/p/CDe6MwfAS1U/?utm_source=ig_web_copy_link','59de4d891e8742be959eccf7e43a73dc','217239-2020-07'),(353,'2020-07-24 00:00:00.000000','Knowing R','CS','9','4','0','All of the Rotaractors introduced to the members of the Sponsor Rotary for creating a good bond and erasing the boundaries of being two entities.','https://www.instagram.com/p/CDsvBAFARye/?utm_source=ig_web_copy_link','59de4d891e8742be959eccf7e43a73dc','217239-2020-07'),(354,'2020-07-26 00:00:00.000000','Life of an Armyman','PD','12','8','0','We, Rotaract Club of Pune Hillside along with RC Panvel Industrial Town, RC Pune Aundh, RC Panvel Mahanagar, RC Vascodigama Goa, RC Bibwewadi, RC Vibrants, RC Panvel Sunrise, RC Gurugram Midwest conducted an RRRO, ISD and PD event on the occasion of Kargil Vijay Divas, we had a honorary member of our Sponsor Rotary, Major General (Retd) J N Nayar tell us about what life was like during Kargil. He also spoke about what his experience from the Army was and what he learnt from it. We held a Question and Answer session after it where the Audience had a lot of questions for the speaker. ','https://www.instagram.com/p/CDe3nxnAO26/?utm_source=ig_web_copy_link','59de4d891e8742be959eccf7e43a73dc','217239-2020-07'),(355,'2020-07-26 00:00:00.000000','FamExpresso','IS','5','3','0','FamExpresso was an intiative of RSCOE in which we posted our family photos on instagram story by tagging Rotaract Club of RSCOE showing our love and gratitude towards our parents.','https://www.instagram.com/p/CDe43H_g0k9/?utm_source=ig_web_copy_link','59de4d891e8742be959eccf7e43a73dc','217239-2020-07'),(356,'2020-07-29 00:00:00.000000','Juicy Gupshup','CS','10','7','0','Juicy Gupshup was a fun \"Never have I ever\" game night with a small twist! The twist was if you confess that you\'ve done a certain thing you have to tell us the story behind it and if not for the story you have to complete whatever dare the host gives you. All our members came together with a glass of their favourite non alcoholic beverage and played this game. We got to know each other a bit more and everyone really enjoyed a lot! we bonded with our new members while we laughed over our silly stories.','https://www.instagram.com/p/CDswax7gCTL/?utm_source=ig_web_copy_link','59de4d891e8742be959eccf7e43a73dc','217239-2020-07'),(357,'2020-07-01 00:00:00.000000','Doctorji Dhanyawad 3.O','IS','30','8','0','Hosted by: RC Singad Academy of Engineering(SAOE), Pune RID 3131 Virtual Celebration of Doctor\'s Day. Collected videos, screenshot & pictures showing gratitude towards the Doctors','https://www.instagram.com/p/CCRQD4VgHgd/?igshid=6v2fu89so96n','8e4977ea3a674ac19c63eb746a75af25','218244-2020-07'),(358,'2020-07-01 00:00:00.000000','Doctor\'s Day','CM','12','6','0','Doctors, MBBS Students and Members shared their views on the ocassion of Doc\'s Day. Docs: Awarness on Covid19, MBBS Students: Why they chose  this field, Members: Good Wishes for doctors and about their importance. All these were recorded as video and were uploaded in social media.','https://www.instagram.com/p/CCRQD4VgHgd/?igshid=6v2fu89so96n','8e4977ea3a674ac19c63eb746a75af25','218244-2020-07'),(359,'2020-07-10 00:00:00.000000','Little Paw','CM','94','80','0','Hosted by: RC Panvel Central RID 3131, Feeding animals and clicking pictures','https://www.instagram.com/p/CCoa3a2AaGz/?igshid=ed64ml59ctm5','8e4977ea3a674ac19c63eb746a75af25','218244-2020-07'),(360,'2020-07-05 00:00:00.000000','Gurupurnima','CM','21','1','0',' Members wished UBS faculties and screenshots were taken of the same and a video was made too.','-','8e4977ea3a674ac19c63eb746a75af25','218244-2020-07'),(361,'2020-07-11 00:00:00.000000','Life is a Hobby','PD','49','3','0','Hosted by: RC Pune Zenith RID 3131, Lecture on the importance of hobbies','https://www.instagram.com/p/CCdVT4OAkRV/?igshid=7dyl79paqkiw','8e4977ea3a674ac19c63eb746a75af25','218244-2020-07'),(362,'2020-07-14 00:00:00.000000','The Red Women','CM','0','1','0','Hosted by: RC Pune Mid-East, RID 3131, About the Event : To tackle the stigma against menstruation and also to educate people on the same. 12 flyers to be posted in social media handles.','https://www.instagram.com/p/CCnm_WEgsKW/?igshid=1tqr1xv694ha2','8e4977ea3a674ac19c63eb746a75af25','218244-2020-07'),(363,'2020-07-15 00:00:00.000000','Leading towards good mental health','PD','54','2','0','Hosted by: RC Panvel Elite, RID 3131, About the Event: Seminar on Depression','https://www.instagram.com/p/CCoJV8Vgy1z/?igshid=15z0dc2n6gs6b','8e4977ea3a674ac19c63eb746a75af25','218244-2020-07'),(364,'2020-07-18 00:00:00.000000','Sixty Seven','IS','6','1','0','Hosted by: RC Navi Mumbai Hillside, RID 3142, About the event: About the Event : Send pics of seed plantation as a tribute to Nelson Mandela','https://www.instagram.com/p/CCyn6KnAGpW/?igshid=1cgy15omqkfql','8e4977ea3a674ac19c63eb746a75af25','218244-2020-07'),(365,'2020-07-19 00:00:00.000000','Verdict the Debate','IS','6','3','0','Hosted by: RC DYPSBB Satellite City, RID 3142, About the event: Debate Competition & RCUBS stood 3rd.','https://www.instagram.com/p/CCx7fZ0A1Gs/?igshid=1hdiob1g56e8d','8e4977ea3a674ac19c63eb746a75af25','218244-2020-07'),(366,'2020-07-25 00:00:00.000000','The Unsung Warriors','IS','1','10','0','Hosted by: RC Modern College Ganeshkhind, RID 3131, About the Event: To honor the fallen heroes of kargil War on Kargil Divas','-','8e4977ea3a674ac19c63eb746a75af25','218244-2020-07'),(367,'2020-07-28 00:00:00.000000','Unfurling Perception','IS','1','1','0','Hosted by: RC Global Youth, RID 3131, About the Event: Collecting videos and written contents of people who faced discrimination or know someone who faced it ','-','8e4977ea3a674ac19c63eb746a75af25','218244-2020-07'),(368,'2020-07-11 00:00:00.000000','Life is a hobby ','PD','14','2','00','We conducted a Joint PD session on - Life is a hobby by MR Milind Tambe which was hosted by RC Zenith in collaboration with RC Shaniwarwada and 14 other clubs .','https://www.instagram.com/p/CCivfsrg4vl/?utm_source=ig_web_copy_link','87f944413a5c4fa980b92530548ce2aa','45125-2020-07'),(369,'2020-07-17 00:00:00.000000','International Law and Justice','PD','12','3','00','We conducted a joint PD session on International LAw and justice by Adv Janhavi Naik Followed by an ice breaker session which was hosted by RC Renaissance collaborating with RCPSH .','https://www.instagram.com/p/CC3j4gbgUy2/?utm_source=ig_web_copy_link','87f944413a5c4fa980b92530548ce2aa','45125-2020-07'),(370,'2020-07-18 00:00:00.000000','Nidra YOga ','PD','0013','3','00','We conducted a PD session on Yoga Nidra by Mr Shobhit Raj which was hosted by Us in collaboration with 5 other ckubs ','https://www.instagram.com/p/CC0WC9ggjHN/?utm_source=ig_web_copy_link','87f944413a5c4fa980b92530548ce2aa','45125-2020-07'),(371,'2020-07-22 00:00:00.000000','Art of Startup','PD','9','3','00','We conducted a joint Pd session on Art of Startup by Dr Shilpa Kankonkar which was hosted by RC DYPIMS .','https://www.instagram.com/p/CDB60ycAG03/?utm_source=ig_web_copy_link','87f944413a5c4fa980b92530548ce2aa','45125-2020-07'),(372,'2020-07-23 00:00:00.000000','Financial Awarness Program ','PD','10','3','00','We conducted a Joint PD session on Financial Awarness Program By MsPriyanka Acharya which was hosted by RC Indira college  in collaboration with us ','https://www.instagram.com/p/CDB-Tj-AxHl/?utm_source=ig_web_copy_link','87f944413a5c4fa980b92530548ce2aa','45125-2020-07'),(373,'2020-07-26 00:00:00.000000','The chatterbox Colony ','CS','14','3','00','We conducted a joint CSD event - The chatterbox Colony jointly with RC Alumni -It was a fun interactive session conducted by the CSD\'s for our club members.','https://www.instagram.com/p/CDK2Wr9ABn1/?utm_source=ig_web_copy_link','87f944413a5c4fa980b92530548ce2aa','45125-2020-07'),(374,'2020-07-29 00:00:00.000000','Barish ke Nagme - Online Concert ','CS','5','3','00','We conducted a online musical concert - Along with our parent rotary club which consisted of songs related to monsoon and enjoyed a musical evening .','https://www.instagram.com/p/CDVWZZwAT9O/?utm_source=ig_web_copy_link','87f944413a5c4fa980b92530548ce2aa','45125-2020-07'),(381,'2020-07-01 00:00:00.000000','BEHIND THE WHITE COAT','IS','22','5','0',' Behind the White Coat was an ISD/Presidents initiative from 70+ clubs across the Globe wherein videos of Doctors and their families were collected and posted on the YouTube channel. Link for our club participation: https://youtu.be/2hsUUg_yzdM','-','9372373310d5404fb0d616b5c91dc4f1','215769-2020-07'),(382,'2020-07-01 00:00:00.000000','BEHIND THE WHITE COAT','CM','22','5','0',' Behind the White Coat was an ISD/Presidents initiative from 70+ clubs across the Globe wherein videos of Doctors and their families were collected and posted on the YouTube channel. Link for our club participation: https://youtu.be/2hsUUg_yzdM','-','9372373310d5404fb0d616b5c91dc4f1','215769-2020-07'),(383,'2020-07-09 00:00:00.000000','THE LITTLE PAW','IS','19','5','0',' In collaboration with RaC Panvel Central we had a CMD event conducted under which our club members clicked and shared pictures of them feeding the stray dogs.','-','9372373310d5404fb0d616b5c91dc4f1','215769-2020-07'),(384,'2020-07-09 00:00:00.000000','THE LITTLE PAW','CM','19','5','0',' In collaboration with RaC Panvel Central we had a CMD event conducted under which our club members clicked and shared pictures of them feeding the stray dogs.','-','9372373310d5404fb0d616b5c91dc4f1','215769-2020-07'),(385,'2020-07-11 00:00:00.000000','Ice breaker with club BOD','CS','14','4','0','This was our first club service bonding session for the board of members, so that we get to know each other better. We played two games ‘Two Truths & One Lie’ and ‘Guess Who’,For ‘Two Truths & One Lie’, CSD asked everyone to prepare three statements without mentioning which one is a lie and everyone had to guess which statement from the three is false. For ‘Guess Who’, I had asked all the members one day before to send me any kind of embarrassing, funny thing about them. During the game night I randomly sent those statements to anyone and they had to guess whose statement it was.  If they guessed it wrong they had to do a fun punishment which everyone would ask them to do.','https://www.instagram.com/p/CDVCnjygGJh/?igshid=13od302l4wrhf','9372373310d5404fb0d616b5c91dc4f1','215769-2020-07'),(386,'2020-07-11 00:00:00.000000','Life as a Hobby','PD','26','5','0','In collaboration with RCP Zenith an interactive session taken by Mr. Milind Tambe (ex-Navy officer now a consultant) on how having a hobby that brings us joy and enriches our lives. It\'s about how one can practice their hobby on daily basis and in some situations how can they convert their hobby into full time earning! Hence, it\'s said - a hobby a day keeps the doldrums away!','https://www.instagram.com/p/CDQg6WcAsXB/?igshid=xt51bibn92bw','9372373310d5404fb0d616b5c91dc4f1','215769-2020-07'),(387,'2020-07-13 00:00:00.000000','Board of directors meeting','CS','14','2','0','Board registration fees. Resolution and discussion on change of parent rotary and proposed parent rotary. PID,PRO,WR,FD plans and callendar discussion. Resolution for purchanse of online zoom platform for online meetings and events. discussion and resolution which logo to be used for which event. updates on registration of 2 bod each. PERITUS 1.0 discussion. SRDF discussion. Avenue wise budgeting. Orientation. Creatives to be done 3-4 days prior to event. Lacking in PR from bod. GBM meeting plans and date.','-','9372373310d5404fb0d616b5c91dc4f1','215769-2020-07'),(388,'2020-07-16 00:00:00.000000','PLASMA DONATION AWARENESS','IS','43','2','0',' Initiative to post daily social media posts generating awareness on Plasma Donation for COVID-19 patients. Club members participated with great athusiasm and helped in spreading the awareness.','-','9372373310d5404fb0d616b5c91dc4f1','215769-2020-07'),(389,'2020-07-17 00:00:00.000000','Ice breaker with GBM','CS','39','3','0','This was our first club service bonding session for the general body member, so that all of us would get to know each other better. We have a few members that were completely new to Rotaract, so we gave them a short introduction on all the Avenues and what we do, For activity we had prepared a few imaginary questions, where all the GBM’s had to give funny imaginary answers and tell what they think about it.Overall it was a fun activity and an amazing icebreaker since we had some casual & random questions where everyone got involved.','https://www.instagram.com/p/CDfjG7PAIWf/?igshid=dn5e0a8r0hzr','9372373310d5404fb0d616b5c91dc4f1','215769-2020-07'),(390,'2020-07-19 00:00:00.000000','Meditative Mandala','PD','24','6','0','In Collaboration with RC Vibrants this event was hosted, Mandalas are concentric, geometric forms that are easy to design and draw. The benefits of Mandala are - helps calm thoughts and emotions, a fulfilling form of self-expression, becoming cantered and balanced!Session was taken by District Editor Rtr. Amaraja Sathe and then it was followed by an ice breaker session with RC Vibrants.','https://www.instagram.com/p/CDRrf6fANSX/?igshid=10xqpbalni4ec','9372373310d5404fb0d616b5c91dc4f1','215769-2020-07'),(391,'2020-07-19 00:00:00.000000','“PERITUS 1.0 - CREATING THE LEADERS','IS','18','6','0','On the International Youth Skills Day 2020, Rotaract Club of Pune Salisbury Park along with 6 Host Clubs from RID 3131 and over 20 collaborating clubs came up with a Learning &amp; Growing Initiative.A competition for showcasing your skills and then becoming a leader to guide others to take up that skill. 10 Skills~10 Leaders! In 2 Hours we delivered the basics of over 10 Skills like painting, baking, video making, acting, etc. Leaders Creating Event by giving opportunity to grow; aptly Saying,;Rotaract for Excelling ; Growing through Opportunities','https://www.instagram.com/p/CC3mdZ2A3Fa/?igshid=tt7nv37vqj1t','9372373310d5404fb0d616b5c91dc4f1','215769-2020-07'),(392,'2020-07-23 00:00:00.000000','Board of directors meeting','CS','15','2','0','Rotaract Protocols. Detail discussion for GVL - Atmanirbhar event. Short introduction of Roles. Flow of the Event. Main Agenda Discussion. PR Strategy/How to reach out to max participants. Buffer entertainment discussion. Updates on Posters and Flyers. Assignment of MOC duties. Conclusive summary. Resolution for outsourcing the creative for Atmanirbhar event.  Conclusion. Rotaract Protocols. Adjournment.','-','9372373310d5404fb0d616b5c91dc4f1','215769-2020-07'),(393,'2020-07-26 00:00:00.000000','Atmanirbhar Bharat','PD','186','12','0','A session on Atmanirbhar Bharat given by honourable Shri GVL Narsimha Rao ji, who is the member of parliament!Business is something which we all want to do but the current scenario or our financial situation never permitted us to do the same, so this was an interactive session with GVL Narsimha Rao himself teaching on how should we become Atmanirbhar. He also made us all take an oath that we would only purchase things which were local!','https://www.instagram.com/p/CDO_C7zA6Ga/?igshid=1p37qwsgb810m','9372373310d5404fb0d616b5c91dc4f1','215769-2020-07'),(394,'2020-07-26 00:00:00.000000','Vivekananda series chapter 1','PD','8','3','0','In collaboration with RCP warje An amazing session by Mr. Ajay Hiraskar where the session was based on the very need of the hour which is corporate leadership and expectations from managers.  The session was about how to sustain your business in this fast-growing market and how can one promote and expand their business.','-','9372373310d5404fb0d616b5c91dc4f1','215769-2020-07'),(395,'2020-07-01 00:00:00.000000','A Day for Doctors 3.0','IS','0','60','0','\"It is a project in which we honored and appreciated the Doctors and Medical students  who chose this field as their profession, on the occasion of DOCTORS DAY.  We felicitated them by sending E-Greetings.\"','https://www.instagram.com/p/CCG7gyZAvqq/?utm_source=ig_web_copy_link','af76c8d5d3a1468c9a816c00f9d181b2','214181-2020-07'),(396,'2020-07-01 00:00:00.000000','A Day for Doctors 3.0','CM','0','60','0','\"It is a project in which we honored and appreciated the Doctors and Medical students  who chose this field as their profession, on the occasion of DOCTORS DAY.  We felicitated them by sending E-Greetings.\"','https://www.instagram.com/p/CCG7gyZAvqq/?utm_source=ig_web_copy_link','af76c8d5d3a1468c9a816c00f9d181b2','214181-2020-07'),(397,'2020-07-01 00:00:00.000000','Behind the White Coat','IS','0','1','0','\"In this event we reached out many Doctors and their families to thank them for their work  and dedication and have asked some question to doctors and took their video  and then we have posted on youtube\"','-','af76c8d5d3a1468c9a816c00f9d181b2','214181-2020-07'),(398,'2020-07-01 00:00:00.000000','Behind the White Coat','CM','0','1','0','\"In this event we reached out many Doctors and their families to thank them for their work  and dedication and have asked some question to doctors and took their video  and then we have posted on youtube\"','-','af76c8d5d3a1468c9a816c00f9d181b2','214181-2020-07'),(399,'2020-07-10 00:00:00.000000','The Little Paw','IS','6','12','0','\"In this project, Rotaractors fed the street dogs nearby them some food  and clicked photos while feeding them and posted them online\"','-','af76c8d5d3a1468c9a816c00f9d181b2','214181-2020-07'),(400,'2020-07-10 00:00:00.000000','The Little Paw','CM','6','12','0','\"In this project, Rotaractors fed the street dogs nearby them some food  and clicked photos while feeding them and posted them online\"','-','af76c8d5d3a1468c9a816c00f9d181b2','214181-2020-07'),(401,'2020-07-11 00:00:00.000000','Sanitary Disposable Bags','PD','8','40','0','\"We provided around 1000 Sanitary Disposable Bags to Seva Sahayog Foundation . an NGO based in Pune. They are working on a project named ‘Project Urmi’ in  which they will be distributing around Two Lakhs of Sanitary napkins along  with these Disposable bags.\"','https://www.instagram.com/p/CCjWi-SAMms/?utm_source=ig_web_copy_link','af76c8d5d3a1468c9a816c00f9d181b2','214181-2020-07'),(402,'2020-07-11 00:00:00.000000','Sanitary Disposable Bags','CM','8','40','0','\"We provided around 1000 Sanitary Disposable Bags to Seva Sahayog Foundation . an NGO based in Pune. They are working on a project named ‘Project Urmi’ in  which they will be distributing around Two Lakhs of Sanitary napkins along  with these Disposable bags.\"','https://www.instagram.com/p/CCjWi-SAMms/?utm_source=ig_web_copy_link','af76c8d5d3a1468c9a816c00f9d181b2','214181-2020-07'),(403,'2020-07-12 00:00:00.000000','Paper Bag Day','IS','11','22','0','we made handmade paper bags and distributed them to nearby Medical stores ','-','af76c8d5d3a1468c9a816c00f9d181b2','214181-2020-07'),(404,'2020-07-12 00:00:00.000000','Paper Bag Day','PD','11','22','0','we made handmade paper bags and distributed them to nearby Medical stores ','-','af76c8d5d3a1468c9a816c00f9d181b2','214181-2020-07'),(405,'2020-07-12 00:00:00.000000','Paper Bag Day','CM','11','22','0','we made handmade paper bags and distributed them to nearby Medical stores ','-','af76c8d5d3a1468c9a816c00f9d181b2','214181-2020-07'),(406,'2020-07-18 00:00:00.000000','Sixty Seven A Tribute to Nelson Man','IS','5','10','0','\"This project was a tribute to Sir Nelson Mandela on his Birthday.  We planted seeds and saplings in our homes and took pictures while  planting them and posted them online.\"','-','af76c8d5d3a1468c9a816c00f9d181b2','214181-2020-07'),(407,'2020-07-18 00:00:00.000000','Sixty Seven A Tribute to Nelson Man','CM','5','10','0','\"This project was a tribute to Sir Nelson Mandela on his Birthday.  We planted seeds and saplings in our homes and took pictures while  planting them and posted them online.\"','-','af76c8d5d3a1468c9a816c00f9d181b2','214181-2020-07'),(408,'2020-07-19 00:00:00.000000','Baltaru Tree Plantation Drive','PD','3','6','0','\"We Plant a sapling and Capture one Photo while planting and watering  it and we have posted flyer on our social media to create awareness of  Tree Plantation\"','-','af76c8d5d3a1468c9a816c00f9d181b2','214181-2020-07'),(409,'2020-07-19 00:00:00.000000','Baltaru Tree Plantation Drive','CM','3','6','0','\"We Plant a sapling and Capture one Photo while planting and watering  it and we have posted flyer on our social media to create awareness of  Tree Plantation\"','-','af76c8d5d3a1468c9a816c00f9d181b2','214181-2020-07'),(410,'2020-07-16 00:00:00.000000','The Red women','PD','0','2','0','\"We spread awareness and to explain what Menstruation actual is and  why most of the women can’t afford sanitary napkins to maintain hygiene.\"','https://www.instagram.com/p/CCsXC3igTil/?utm_source=ig_web_copy_link','af76c8d5d3a1468c9a816c00f9d181b2','214181-2020-07'),(411,'2020-07-16 00:00:00.000000','The Red women','CM','0','2','0','\"We spread awareness and to explain what Menstruation actual is and  why most of the women can’t afford sanitary napkins to maintain hygiene.\"','https://www.instagram.com/p/CCsXC3igTil/?utm_source=ig_web_copy_link','af76c8d5d3a1468c9a816c00f9d181b2','214181-2020-07'),(412,'2020-07-23 00:00:00.000000','Sustainibility and 5R Project','IS','6','6','0','\"we clicked pictures of things that are recycled and reused  by us in our lives and posted them online\"','-','af76c8d5d3a1468c9a816c00f9d181b2','214181-2020-07'),(413,'2020-07-23 00:00:00.000000','Sustainibility and 5R Project','CM','6','6','0','\"we clicked pictures of things that are recycled and reused  by us in our lives and posted them online\"','-','af76c8d5d3a1468c9a816c00f9d181b2','214181-2020-07'),(414,'2020-07-15 00:00:00.000000','Plant From Home','CM','6','18','0','\"We planted saplings in their homes, recorded their videos while  doing it and even clicked pictures and posted them online.\"','-','af76c8d5d3a1468c9a816c00f9d181b2','214181-2020-07'),(415,'2020-07-15 00:00:00.000000','Plant From Home','IS','6','18','0','\"We planted saplings in their homes, recorded their videos while  doing it and even clicked pictures and posted them online.\"','-','af76c8d5d3a1468c9a816c00f9d181b2','214181-2020-07'),(416,'2020-07-28 00:00:00.000000','Eco-Bandhan','IS','5','10','0','\"We made handmade Eco- friendly Rakhi’s from Biodegradable material,  clicked photos of them and later tied them to our pot of plants in our  homes and posted the pictures online. \"','-','af76c8d5d3a1468c9a816c00f9d181b2','214181-2020-07'),(417,'2020-07-28 00:00:00.000000','Eco-Bandhan','CM','5','10','0','\"We made handmade Eco- friendly Rakhi’s from Biodegradable material,  clicked photos of them and later tied them to our pot of plants in our  homes and posted the pictures online. \"','-','af76c8d5d3a1468c9a816c00f9d181b2','214181-2020-07'),(418,'2020-07-12 00:00:00.000000','GBM and Paper making workshop with ','PD','38','76','0','\"On the occasion of Paper Bad Day, we make paper bags and then  we give it to medical shops as they are really working hard\"','https://www.instagram.com/p/CCjb3puAbVU/?utm_source=ig_web_copy_link','af76c8d5d3a1468c9a816c00f9d181b2','214181-2020-07'),(419,'2020-07-12 00:00:00.000000','GBM and Paper making workshop with ','CS','38','76','0','\"On the occasion of Paper Bad Day, we make paper bags and then  we give it to medical shops as they are really working hard\"','https://www.instagram.com/p/CCjb3puAbVU/?utm_source=ig_web_copy_link','af76c8d5d3a1468c9a816c00f9d181b2','214181-2020-07'),(420,'2020-07-11 00:00:00.000000','Life is Hobby','PD','250','500','0','\"A PD session by ‘Mr. Milind Tambe’ It was about how one can practice  their hobby on a daily basis and in some situations how one can convert  their hobby into a full time earning. \"','https://www.instagram.com/p/CCjasrdA01G/?utm_source=ig_web_copy_link','af76c8d5d3a1468c9a816c00f9d181b2','214181-2020-07'),(421,'2020-07-11 00:00:00.000000','Life is Hobby','CS','250','500','0','\"A PD session by ‘Mr. Milind Tambe’ It was about how one can practice  their hobby on a daily basis and in some situations how one can convert  their hobby into a full time earning. \"','https://www.instagram.com/p/CCjasrdA01G/?utm_source=ig_web_copy_link','af76c8d5d3a1468c9a816c00f9d181b2','214181-2020-07'),(422,'2020-07-19 00:00:00.000000','Ice Break chat show and GBM','PD','30','45','0','\"Ice Breaking Session for all the members of RC Alumni 2020-21. Also,  an introduction to all the Rotaract Organization & welcoming the new  members. Club Bonding session for fun & interactive session with Chat Show.\"','-','af76c8d5d3a1468c9a816c00f9d181b2','214181-2020-07'),(423,'2020-07-19 00:00:00.000000','Ice Break chat show and GBM','CS','30','45','0','\"Ice Breaking Session for all the members of RC Alumni 2020-21. Also,  an introduction to all the Rotaract Organization & welcoming the new  members. Club Bonding session for fun & interactive session with Chat Show.\"','-','af76c8d5d3a1468c9a816c00f9d181b2','214181-2020-07'),(424,'2020-07-26 00:00:00.000000','The Chatter Box Colony chat show','PD','29','58','0','\"Ice Breaking Session for all the members of RC Alumni & RC Pune Shaniwarwada.  Also, RCP Shaniwarwada Club Bonding session for fun & interactive session with Chat Show.\"','https://www.instagram.com/p/CDLL_yggVOo/?utm_source=ig_web_copy_link','af76c8d5d3a1468c9a816c00f9d181b2','214181-2020-07'),(425,'2020-07-26 00:00:00.000000','The Chatter Box Colony chat show','CS','29','58','9','\"Ice Breaking Session for all the members of RC Alumni & RC Pune Shaniwarwada.  Also, RCP Shaniwarwada Club Bonding session for fun & interactive session with Chat Show.\"','https://www.instagram.com/p/CDLL_yggVOo/?utm_source=ig_web_copy_link','af76c8d5d3a1468c9a816c00f9d181b2','214181-2020-07'),(426,'2020-07-24 00:00:00.000000','Ice Break Chain Reaction Game','CS','10','15','0','\"An interactive game project The Chain Reaction to let all the old &  new members invovle to bond with each other for a virtual arcade  game i.e. Chain Reaction.\"','-','af76c8d5d3a1468c9a816c00f9d181b2','214181-2020-07'),(427,'2020-07-03 00:00:00.000000','Say No to Plastic','IS','2','2','0','An online slogan writing competition on aborting plastic so that it will create awareness among peoples','-','af76c8d5d3a1468c9a816c00f9d181b2','214181-2020-07'),(428,'2020-07-01 00:00:00.000000','WTD - What\'s The Day','PD','0','5','0','\"We are posting about each day\'s facts via posting flyers and writing content about the importance of that particular day on social media accounts via putting stories and  broadcasting same via WhatsApp groups to create awareness as well as to let the  Rotaractors know about it.\"','-','af76c8d5d3a1468c9a816c00f9d181b2','214181-2020-07'),(429,'2020-07-01 00:00:00.000000','Mangal Bela','IS','0','15','0','\"Activity wherein whatever activity or event our club is organising in the first week  of July i.e. from 1st July-7th July, 2020,will be considered as done in Mangal Bela.  Certificate was given by RID 3030\"','-','af76c8d5d3a1468c9a816c00f9d181b2','214181-2020-07'),(430,'2020-07-01 00:00:00.000000','Charge Handover Ceremony','CS','60','48','0','We had our charge handover ceremony jointly with RC Poona Royal. It was graced by DRR Rtr. Shraddha Lamkhade and  other guest Rotarians from Rotary.  ','https://www.instagram.com/p/CDvpoLcA3KD/','a8e59bdc667146b1b4926a1386d34a20','212752-2020-07'),(431,'2020-07-01 00:00:00.000000','Know your Vocab ','CS','20','24','0','On the Rota New Year, we welcomed all our members and celebrated it through Know Your Vocab activity. We had a nice ice breaking session with our members. ','https://www.instagram.com/p/CDvp-NyA6ny/','a8e59bdc667146b1b4926a1386d34a20','212752-2020-07'),(432,'2020-07-04 00:00:00.000000','STAR-Presidents and BOD Training','PD','12','48','0','We participated in this training program organised by our district , training created a huge platform for the newly elected Presidents and their team to learn their roles and gain some knowledge from their fellow council mates and Other Speakers from Rotary and Rotaract.','https://www.instagram.com/p/CDvsJmqgFKH/','a8e59bdc667146b1b4926a1386d34a20','212752-2020-07'),(433,'2020-07-11 00:00:00.000000','Life is a Hobby','PD','250','96','0','We had a joint PD with RCP Zenith along with 21 other clubs , Session was taken by Milind Tambe. Milind Sir taught us how a hobby is not just something to pass time, but lot more than that! He said a quote - A Hobby a day keeps doldrums away','https://www.instagram.com/p/CDv0DMwAKYk/','a8e59bdc667146b1b4926a1386d34a20','212752-2020-07'),(434,'2020-07-11 00:00:00.000000','Life is a Hobby','IS','250','96','0','We had a joint PD with RCP Zenith along with 21 other clubs , Session was taken by Milind Tambe. Milind Sir taught us how a hobby is not just something to pass time, but lot more than that! He said a quote - A Hobby a day keeps doldrums away','https://www.instagram.com/p/CDv0DMwAKYk/','a8e59bdc667146b1b4926a1386d34a20','212752-2020-07'),(435,NULL,'An evening with the Grand Master','PD','65','48','0','We had a joint PD Session with our sponsoring Rotary club - Rotary club of Pune Kothrud : An Evening with The Chess Grand Master - Abhijit Kunte.','https://www.instagram.com/p/CDv0VWLgbYr/','a8e59bdc667146b1b4926a1386d34a20','212752-2020-07'),(436,'2020-07-21 00:00:00.000000','BINGO Night','CS','29','72','0','We had A CSD event named Bingo Night for our enthusiastic members. The vision behind this event was to build better connectivity with all the new members.','https://www.instagram.com/p/CDv1pC9gTen/','a8e59bdc667146b1b4926a1386d34a20','212752-2020-07'),(437,'2020-07-27 00:00:00.000000','Membership PR Drive ','CS','0','35','0','We had a PR Drive on increasing our club membership.This PR drive was for people to make them aware about Rotaract more','https://www.instagram.com/p/CDv7yCJAaLe/','a8e59bdc667146b1b4926a1386d34a20','212752-2020-07'),(438,'2020-07-27 00:00:00.000000','Talk with Neeta and Geeta Ma\'am','PD','40','72','0','We conducted a career guidance session with Nita Patil Ma\'am and Geeta Patil ma\'am.Not only did they guide for career opportunities but also cleared all the doubts of the participants.','https://www.instagram.com/p/CDwo1DcgBmg/','a8e59bdc667146b1b4926a1386d34a20','212752-2020-07'),(439,'2020-07-28 00:00:00.000000','Bringing the outside in','CM','11','48','0','From 28 July onwards we came up with an event named Bringing the Outside In and asked our fellow Rotaractors to plant a sapling at their home and to take care of it till it can grow.Our motto is to plant a life, not just a tree.','https://www.instagram.com/p/CDwvF6cg4Mc/','a8e59bdc667146b1b4926a1386d34a20','212752-2020-07'),(440,'2020-07-01 00:00:00.000000','Doctorji Dhanyavad','CM','2','2','0','Thank you message to doctors on the frontline, collab with RC Sinhagad Academy of Engineering','-','79a90852a17f4b58a644b5fa561a0ce3','218034-2020-07'),(441,'2020-07-03 00:00:00.000000','Paper bag distribution','CM','8','10','0','Distributing paper bags to medical stores, collab with RCDYPIMS','https://www.instagram.com/p/CCinMLTD5iy/','79a90852a17f4b58a644b5fa561a0ce3','218034-2020-07'),(442,'2020-07-11 00:00:00.000000','World Population Day','IS','96','10','0','Webinar and mythbusters on hazards of growing population, co-hosted with with RC ML Dahanukar, Vile Parle','https://www.instagram.com/p/CCc7MXWJb1q/','79a90852a17f4b58a644b5fa561a0ce3','218034-2020-07'),(443,'2020-07-15 00:00:00.000000','Stress management in covid pandemic','PD','100','5','0','Webinar, co-hosted with parent Rotary RCPK','https://www.instagram.com/p/CCnQDfyDrpk/','79a90852a17f4b58a644b5fa561a0ce3','218034-2020-07'),(444,'2020-07-18 00:00:00.000000','Icebreakers','CS','68','2','0','Icebreakers to foster bonds between club members','-','79a90852a17f4b58a644b5fa561a0ce3','218034-2020-07'),(445,'2020-07-15 00:00:00.000000','Mental health webinar','PD','10','2','0','Mental health webinar by Ms. Gurpreet kaur khalsa','-','305a0e24b2ce4cd0b395770f1bae6b6f','7303-2020-07'),(446,'2020-07-17 00:00:00.000000','Is justice delayed, justice denied','PD','7','2','0','Is justice delayed, justice denied by Adv.Malhar Zatakia','-','305a0e24b2ce4cd0b395770f1bae6b6f','7303-2020-07'),(447,'2020-07-26 00:00:00.000000','Rotaract & Journey to Rotary','PD','40','2','0','Rotaract & Journey to Rotary by Rtn.PDRR. Dr. Nikhil Manohar, alongwith RAC LCO','-','305a0e24b2ce4cd0b395770f1bae6b6f','7303-2020-07'),(448,'2020-07-21 00:00:00.000000','Letterhead exchange','IS','2','00','0','Letterhead exchange with RAC NASHIK METRO, RID 3030','-','305a0e24b2ce4cd0b395770f1bae6b6f','7303-2020-07'),(455,'2020-07-11 00:00:00.000000','WORLD POPULATION DAY AWARNESS','CM','15','24','0','AWARNESS ON BIRTH CONTROL ON THE OCASION OF WORLD POPULATION DAY ','https://www.instagram.com/p/CCfOD_BAim8/?igshid=1nkmhc1vnozqi','59d0123bd01f4530a6face34ab581fcd','89276-2020-07'),(456,'2020-07-12 00:00:00.000000','LIFE IS A HOBBY','IS','6','2','0','we had collaborated with RC Pune Zenith for the the event \"Life is a hobby\"  in which we learnt how we can lead our passion for learning to make it a hobby and also gain a lot out it.','https://www.instagram.com/p/CDHBRk3AEzl/?igshid=1w4y8k3wk9jdxhttps://www.instagram.com/p/CDHBRk3AEzl','59d0123bd01f4530a6face34ab581fcd','89276-2020-07'),(457,'2020-07-16 00:00:00.000000','LEADING TOWARDS GOOD MENTAL HEALTH','IS','10','2','0','we had collaborated with Rotaract club of Panvel Elite which hosted a webinar on \"leading towards good mental health\" conducted by Ms.Gurpreet Kaur Khalsa.5 members from our club actively participated in this webinar.','https://www.instagram.com/p/CCtZvyXAJzc/?igshid=t8cu3s1mpgbg','59d0123bd01f4530a6face34ab581fcd','89276-2020-07'),(458,'2020-07-26 00:00:00.000000','KARGIL VIJAY DIVAS','CM','10','0','0','We Rotaract club of Panvel Midtown saluted Kargil War Heroes and celebrated the 21st Kargil Vijay Divas (26 th JULY 1999) through small video from our members.Special thanks to DZR Tejal Naik and AZR Keadr Mitakri .','https://www.instagram.com/tv/CDFsQSpA-8J/?igshid=1351rcfe9c0b9','59d0123bd01f4530a6face34ab581fcd','89276-2020-07'),(459,'2020-07-31 00:00:00.000000','ROTARY ROTARACT MEET','CS','10','2','0','INTERACTIVE SESSION WITH ROTARY ROTARACT','https://www.instagram.com/p/CDHBRk3AEzl/?igshid=1w4y8k3wk9jdx','59d0123bd01f4530a6face34ab581fcd','89276-2020-07'),(460,'2020-07-11 00:00:00.000000','Life to E-Life','PD','07','2','0','In collaboration with Rotaract Club Of Achievers , A session on cyber security and cyber law','https://www.instagram.com/p/CCYcw7tjE8I/?igshid=upxzt93ffqp9','ec83115d4968402fae02a3e58b5479d7','218200-2020-07'),(461,'2020-07-30 00:00:00.000000','F.R.I.E.N.D.S','IS','12','08','0','In collaboration with Rotaract club of Karunya School of management','-','ec83115d4968402fae02a3e58b5479d7','218200-2020-07'),(462,'2020-07-31 00:00:00.000000','Let\'s Talk','PD','73','10','0',' Session on Menstruation Hygiene by Amit Mohite','https://www.instagram.com/p/CDYuYz8gTK5/?igshid=1xmonik6cgb5b','ec83115d4968402fae02a3e58b5479d7','218200-2020-07'),(463,'2020-07-31 00:00:00.000000','Let\'s Talk','CM','73','10','0',' Session on Menstruation Hygiene by Amit Mohite','https://www.instagram.com/p/CDYuYz8gTK5/?igshid=1xmonik6cgb5b','ec83115d4968402fae02a3e58b5479d7','218200-2020-07'),(464,'2020-07-31 00:00:00.000000','Let\'s Talk','CS','73','11','0',' Session on Menstruation Hygiene by Amit Mohite followed by ice-breaking session','https://www.instagram.com/p/CDYuYz8gTK5/?igshid=1xmonik6cgb5b','ec83115d4968402fae02a3e58b5479d7','218200-2020-07'),(465,'2020-07-31 00:00:00.000000','Installation of sponsor club','CS','12','01','0','Installation of RC Pune Uptown ','https://www.instagram.com/s/aGlnaGxpZ2h0OjE3OTE4MzI3NjE0NDQ3MzM2?igshid=n9b6xnp55dfp&story_media_id=','ec83115d4968402fae02a3e58b5479d7','218200-2020-07'),(466,'2020-07-01 00:00:00.000000','Behind the White Coat ','IS','1','2','0','Conducted by RC Pune MCOE amongst the President elects of 2020-21. RCGY participated by contributing a video of a doctor from Kolkata based on the ongoing pandemic and the conditions of work. ','https://www.instagram.com/p/CDqcPnZghmH/?utm_source=ig_web_copy_link','1767b5c5fb96462fb17c0d13d7233e24','214764-2020-07'),(467,'2020-07-01 00:00:00.000000','Gratitude for Doctors','IS','0','2','0','An event organized by RC Kolhapur and RC Silvercity Mohali requiring members to send in pictures with placards with quotes for doctors.  ','https://www.instagram.com/p/CDqbR95gSHO/?utm_source=ig_web_copy_link','1767b5c5fb96462fb17c0d13d7233e24','214764-2020-07'),(468,'2020-07-06 00:00:00.000000','Monday Trivia-Hunger Games v.Potter','CS','36','3','0','A PR initiative of weekly trivia posted for open participation on the club\'s instagram story. Trivia 1 based on Hunger Games v. Harry Potter. Detail description in the Club Bulletin.','https://www.instagram.com/p/CCt2qcQAVND/?utm_source=ig_web_copy_link','1767b5c5fb96462fb17c0d13d7233e24','214764-2020-07'),(469,'2020-07-12 00:00:00.000000','Growing your own Kitchen Garden','PD','121','4','0','Instagram live session by Kunal a.k.a. Mad Mali on RCGY Instagram handle to demonstrate the basic steps of planting a sapling and answering all doubts pertaining to gardening. ','https://www.instagram.com/p/CCt31Khg2S8/?utm_source=ig_web_copy_link','1767b5c5fb96462fb17c0d13d7233e24','214764-2020-07'),(470,'2020-07-12 00:00:00.000000','Growing your own Kitchen Garden','CS','121','4','0','A PR initiative in the nature of Instagram live session by Kunal a.k.a. Mad Mali on RCGY Instagram handle to demonstrate the basic steps of planting a sapling and answering all doubts pertaining to gardening. Intended to increase page visits by non-club members. ','https://www.instagram.com/p/CCt31Khg2S8/?utm_source=ig_web_copy_link','1767b5c5fb96462fb17c0d13d7233e24','214764-2020-07'),(471,'2020-07-13 00:00:00.000000','Monday Trivia-Simplicity Checklist ','CS','31','3','0','A PR initiative of weekly trivia posted for open participation on the club\'s instagram story. Trivia 2 based on a Simplicity Checklist in furtherance of World Simplicity Day to encourage rotaractors to take a break and spend time with oneself. Detail description in the Club Bulletin.','https://www.instagram.com/p/CCt2qcQAVND/?utm_source=ig_web_copy_link','1767b5c5fb96462fb17c0d13d7233e24','214764-2020-07'),(472,'2020-07-15 00:00:00.000000','Art Workshop ','PD','26','4','0','A PD initiative on Birds and Florals - By Rtr Prachi Deshmukh (RCGY) in collaboration with RC Pune Renaissance, RC Punes Yuva and RC Camp Next Gen. Attended by 10 RCGY members. ','https://www.instagram.com/p/CCt3QwYAWQb/?utm_source=ig_web_copy_link','1767b5c5fb96462fb17c0d13d7233e24','214764-2020-07'),(473,'2020-07-17 00:00:00.000000','Monsoon Memories ','CS','18','3','0','A PR and Club Snapper Initiative encouraging rotaractors to post stories of Monsson memories and tag club oage i order to increase involvement through club page. ','https://www.instagram.com/p/CDZhuDigxnI/?utm_source=ig_web_copy_link','1767b5c5fb96462fb17c0d13d7233e24','214764-2020-07'),(474,'2020-07-18 00:00:00.000000','Oopsie Housie','CS','48','4','0','A Joint CSD event followed by a joint meeting with RC Pune Mid East. Attended by 21 RCGY members.  ','https://www.instagram.com/p/CDCfpsuAgIo/?utm_source=ig_web_copy_link','1767b5c5fb96462fb17c0d13d7233e24','214764-2020-07'),(475,'2020-07-20 00:00:00.000000','Monday Trivia - Decoding Illusions','CS','39','2','0','A PR initiative the 3rd Trivia based on decoding illusions meant to increase online involvement of rotaractors through the club\'s Instagram page. Further details are present in the Club bulletin.  ','https://www.instagram.com/p/CCt2qcQAVND/?utm_source=ig_web_copy_link','1767b5c5fb96462fb17c0d13d7233e24','214764-2020-07'),(476,'2020-07-23 00:00:00.000000','Maizaan ','PD','52','3','0','A PD initiative of RCGY by resource person Mrs Itu Chandak who runs a mental health support group. She shared her experiences and answered mental health related doubts of rotaractors.  Event conducted in collaboration with RC Humanitas and RC Camp Horizon.','https://www.instagram.com/p/CDCgP5SAdVq/?utm_source=ig_web_copy_link','1767b5c5fb96462fb17c0d13d7233e24','214764-2020-07'),(477,'2020-07-24 00:00:00.000000','Little Things','CS','17','2','0','A WR and Editors initiative encouraging women to share stories of their escapes from a  hectic day and to tag the club page to increase activity. All the participating women were presented with an Artistic journal curated by the editor. Link attached with the Club bulletin. https://drive.google.com/file/d/1Q8tkQ6Re52GWPAZH-GrgEpVkWyr3RLUg/view?usp=sharing','https://www.instagram.com/p/CDZiUq8A6-M/?utm_source=ig_web_copy_link','1767b5c5fb96462fb17c0d13d7233e24','214764-2020-07'),(478,'2020-07-27 00:00:00.000000','Shaad','CM','11','2','0','A CMD initiative of Feeding the Stray and sharing pictures as stories and tagging the club page','https://www.instagram.com/p/CDZitONg---/?utm_source=ig_web_copy_link','1767b5c5fb96462fb17c0d13d7233e24','214764-2020-07'),(479,'2020-07-27 00:00:00.000000','Monday Trivia - Nature Conservation','CS','34','2','0','A PR initiative of weekly trivia, trivia 4 based on Nature conservation theme posted on the Club\'s Instagram Story to increase involvement of rotaractors. Details of the same have been mentioned in the club bulletin. ','https://www.instagram.com/p/CCt2qcQAVND/?utm_source=ig_web_copy_link','1767b5c5fb96462fb17c0d13d7233e24','214764-2020-07'),(480,'2020-07-30 00:00:00.000000','Amigos','CS','17','4','0','A Club CSD Activity in light of National Friendship Day to encourage members to interact and get to know each other better. ','https://www.instagram.com/p/CDcOlv5AQuG/?utm_source=ig_web_copy_link','1767b5c5fb96462fb17c0d13d7233e24','214764-2020-07'),(481,'2020-07-30 00:00:00.000000','Make a Wish','CM','17','2','0','RC Global Youth has come up with an year long community project wherein we seek to celebrate each of our members and we wish to spread out this happiness to the ones who deserve a chance at it too! We cut a birthday cake at the end of every month and distribute it amongst the kids and less privileged out on the streets. ','https://www.instagram.com/p/CDrjpSOAvn6/?utm_source=ig_web_copy_link','1767b5c5fb96462fb17c0d13d7233e24','214764-2020-07'),(482,'2020-07-30 00:00:00.000000','Frame\'D','IS','10','4','0','RC Global Youth along with RC Calcutta Avyanna conducted a Photography Competition themed as ‘Your Best Shot’.','https://www.instagram.com/p/CDqc_Cvg2Pd/?utm_source=ig_web_copy_link','1767b5c5fb96462fb17c0d13d7233e24','214764-2020-07'),(483,'2020-07-17 00:00:00.000000','Birthday Peek-a-boo','CS','1','1','0','A CSD Initiative to surprise the club members on their birthday with a fun video to wish them. Birthday video for Rtr Rochak Singla. ','-','1767b5c5fb96462fb17c0d13d7233e24','214764-2020-07'),(484,'2020-07-19 00:00:00.000000','Birthday Peek-a-boo','CS','1','1','0','A CSD Initiative to surprise the club members on their birthday with a fun video to wish them. Birthday video for Rtr Ahmed Kareem. ','-','1767b5c5fb96462fb17c0d13d7233e24','214764-2020-07'),(485,'2020-07-05 00:00:00.000000','S.T.A.R District Training','PD','19','0','0','All the BODs of our club attended this two day District training for Presidents and the Board of Directors. It was a great platform for all the newly elected Board of  Directors to learn about their roles and gain some knowledge from their fellow council mates as well as attend sessions by some phenomenal speakers and trainers','-','d91f2c8cf87d4c8d9c9d824946039399','218252-2020-07'),(486,'2020-07-06 00:00:00.000000','Idea Camp','CS','19','1','0','A year round activity where all the members of the club have a chance to share any idea for future events so that we can brainstorm on it together','-','d91f2c8cf87d4c8d9c9d824946039399','218252-2020-07'),(487,'2020-07-08 00:00:00.000000','HeyAlly','PD','18','30','0','A training session was conducted in which the newly elected members of the BOD learnt about their roles and responsibilities for RIY 2020-2021 from their  preceding counterparts.','https://www.instagram.com/p/CCl1Dsmgl4K/','d91f2c8cf87d4c8d9c9d824946039399','218252-2020-07'),(488,'2020-07-11 00:00:00.000000','Fun With Graphology','PD','70','20','0','Cohosted a session on Graphology with Rotaract Club of Amanora Youngistan.  The session was conducted by Rtr. Dhwanika Shah, a professional graphologist and the members learnt how to analyse the characteristics and patterns of one’s  handwriting as well as how to identify an individual’s personality or  characteristics through it in this session.','https://www.instagram.com/p/CCl2IASgOve/','d91f2c8cf87d4c8d9c9d824946039399','218252-2020-07'),(489,'2020-07-11 00:00:00.000000','Pehchan Kaun?','CS','70','20','0','Cohosted a fun quiz with RCA Youngistan, for the participants. It was based  on various topics like brands, food, movies and sports.','https://www.instagram.com/p/CCl3J6pAw-1/','d91f2c8cf87d4c8d9c9d824946039399','218252-2020-07'),(490,'2020-07-12 00:00:00.000000','Paper Bag Making and Distribution','CM','22','48','0','Rotaract Club of Pune Camp Pioneers in collaboration with RC DYPIMS and 17  other clubs celebrated Paper Bag Day by making and distributing paper bags to  medical shops nearby their homes. A total of 55 bags from our club and a total  of 1200 paper bags from all the clubs were made and distributed as a part of this  event.','https://www.instagram.com/p/CCl9AvEAZ_m/','d91f2c8cf87d4c8d9c9d824946039399','218252-2020-07'),(491,'2020-07-12 00:00:00.000000','Cyber Security Awareness','PD','40','10','0','Cohosted an informative webinar on Cyber Security Awareness with Rotaract Club of Panvel Elite and 9 other clubs for the members with an aim to spread awareness about Cyber Security and preventive measures that need to be taken  in order to prevent one’s data from being breached.','https://www.instagram.com/p/CCoEqnAAhG7/','d91f2c8cf87d4c8d9c9d824946039399','218252-2020-07'),(492,'2020-07-12 00:00:00.000000','Interpret the Hinglish','CS','20','15','0','A fun event was organized for the club members in which they had to guess the name of the Bollywood song from its lyrics which were translated in English.','https://www.instagram.com/p/CCoFts-AarL/','d91f2c8cf87d4c8d9c9d824946039399','218252-2020-07'),(493,'2020-07-13 00:00:00.000000','Tackle the Emoji','CS','14','15','0','An emoji guessing game was organized for the club members where they had to guess the name of the Bollywood movie from the emojis that were displayed on the screen.','https://www.instagram.com/p/CCoGZhRA3j0/','d91f2c8cf87d4c8d9c9d824946039399','218252-2020-07'),(494,'2020-07-15 00:00:00.000000','Resilient Youth','IS','21','16','0','This was a public awareness event which was done in collaboration with Rotaract Club of Bombay Uptown and 19 other clubs. This event spread light on  skills which one should learn during lockdown which would be in demand after the  Covid-19 pandemic','https://www.instagram.com/p/CCqzdfegoom/','d91f2c8cf87d4c8d9c9d824946039399','218252-2020-07'),(495,'2020-07-16 00:00:00.000000','Jaan Pehchan','IS','3','6','0','We exchanged our first letterhead with the Rotaract Club of Institute of Excellence in Higher Education(IEHE), Bhopal RID 3040.','https://www.instagram.com/p/CCvv2bogeYY/','d91f2c8cf87d4c8d9c9d824946039399','218252-2020-07'),(496,'2020-07-17 00:00:00.000000','Rota-Actors ','CS','24','8','0','We celebrated World Emoji Day, by having a fun activity for the club members in which they had to mirror the five emojis that were displayed on the screen and they had to click a selfie while mimicking their favourite emoji and post it as their Instagram story.','https://www.instagram.com/p/CC6S-YFA6OY/','d91f2c8cf87d4c8d9c9d824946039399','218252-2020-07'),(497,'2020-07-18 00:00:00.000000','Nidra Yoga ','PD','15','8','0','A session on Nidra Yoga was organized in collaboration with RC Pune Shaniwarwada, RC SAOE, RC Pune’s Yuva, RC Poona Royal and RC Colombo North. It was conducted by Mr. Shobhit Raj, Founder and Principal Teacher at Cognitive Yoga Academy wherein the club members were taught the procedure of practicing this ancient yogic practice which helps in relaxation,healing, creativity and self enquiry.','https://www.instagram.com/p/CC_BIRegboW/','d91f2c8cf87d4c8d9c9d824946039399','218252-2020-07'),(498,'2020-07-18 00:00:00.000000','Nidra Yoga ','CS','15','8','0','A session on Nidra Yoga was organized in collaboration with RC Pune Shaniwarwada, RC SAOE, RC Pune’s Yuva, RC Poona Royal and RC Colombo North. It was conducted by Mr. Shobhit Raj, Founder and Principal Teacher at Cognitive Yoga Academy wherein the club members were taught the procedure of practicing this ancient yogic practice which helps in relaxation, healing, creativity and self enquiry. There was also an Club Service activity conducted in which the members had to guess the song that was played by the host.','https://www.instagram.com/p/CC_BIRegboW/','d91f2c8cf87d4c8d9c9d824946039399','218252-2020-07'),(499,'2020-07-18 00:00:00.000000','Nidra Yoga ','IS','15','8','0','A session on Nidra Yoga was organized in collaboration with RC Pune Shaniwarwada, RC SAOE, RC Pune’s Yuva, RC Poona Royal and RC Colombo North. It was conducted by Mr. Shobhit Raj, Founder and Principal Teacher at Cognitive Yoga Academy wherein the club members were taught the procedure of practicing this ancient yogic practice which helps in relaxation, healing, creativity and self enquiry. There was also an Club Service activity conducted in which the members had to guess the song that was played by the host.','https://www.instagram.com/p/CC_BIRegboW/','d91f2c8cf87d4c8d9c9d824946039399','218252-2020-07'),(500,'2020-07-19 00:00:00.000000','Peritus 1.0 ','PD','160','30','0','We cohosted this event with RC Poona Royal, RC Pune Salisbury Park, RC Pune   Pashan, RC DYPIMS, RC Pune Camp Next Gen and RC VIIT and in collaboration with 20 other clubs. The participants had to choose a skill and send in their respective entries. The winner got an opportunity to present their skill infront of all the rotaractors and take a session to teach their skills.','https://www.instagram.com/p/CDMcs92g8e5/','d91f2c8cf87d4c8d9c9d824946039399','218252-2020-07'),(501,'2020-07-19 00:00:00.000000','Peritus 1.0 ','IS','160','30','0','We cohosted this event with RC Poona Royal, RC Pune Salisbury Park, RC Pune Pashan, RC DYPIMS, RC Pune Camp Next Gen and RC VIIT and in collaboration with 20 other clubs. The participants had to choose a skill and send in their respective entries. The winner got an opportunity to present their skill infront of all the rotaractors and take a session to teach their skills.','https://www.instagram.com/p/CDMcs92g8e5/','d91f2c8cf87d4c8d9c9d824946039399','218252-2020-07'),(502,'2020-07-23 00:00:00.000000','Being Broke is no Joke','PD','16','15','0','A session focusing on financial awareness was organized by us in collaboration with RC Indira College, RC Pune Shaniwarwada, RC DYPACS, RC DYPIMS and RC Pune Kalyani Nagar. It was conducted by Mrs. Priyanka Acharya wherein she explained the rotaractors the various ways to achieve financial independence and the advantages and disadvantages of each investment opportunity.','https://www.instagram.com/p/CDMffOGA_Ed/','d91f2c8cf87d4c8d9c9d824946039399','218252-2020-07'),(503,'2020-07-24 00:00:00.000000','Club Orientation','CS','118','18','0','We completed our Club Orientation along with RC Nigdi, RC Pune Camp Next Gen, RC Bibewadi Pune, RC Pune Kalyaninagar, RC Poona Royal, RC Salisbury Park and RC Pune Urja. It was conducted by a panel of District council  members like the DCA Rtr. Umang Shah, DZR Zone 6 Rtr. Meet Shah, AZR Zone 6 Rtr. Riya Gupta, Jt.DCSD Rtr. Pratyush Das and DPID Rtr. Purab Oswal wherein the members were explained all about Rotaract, the executive hierarchy of Rotaract and strategies for membership development of a club.','https://www.instagram.com/p/CDWVyXIAHir/','d91f2c8cf87d4c8d9c9d824946039399','218252-2020-07'),(504,'2020-07-25 00:00:00.000000','What’s Your Rashi?','PD','18','20','0','Ms. Sakshi Gupta, a professional tarot card reader explained members the basics of tarot card reading and cleared doubts of members regarding the same. She also gave a personal reading for each member and all the members bonded with each other during this session. ','https://www.instagram.com/p/CDWX8IlglWF/','d91f2c8cf87d4c8d9c9d824946039399','218252-2020-07'),(505,'2020-07-25 00:00:00.000000','What’s Your Rashi?','CS','18','20','0','Ms. Sakshi Gupta, a professional tarot card reader explained members the basics of tarot card reading and cleared doubts of members regarding the same. She also gave a personal reading for each member and all the members bonded with each other during this session. ','https://www.instagram.com/p/CDWX8IlglWF/','d91f2c8cf87d4c8d9c9d824946039399','218252-2020-07'),(506,'2020-07-26 00:00:00.000000','Tech Saathi','CM','19','25','0','We conducted a session on WhatsApp features for the female senior citizens of Learning Resource Center, Pune as they had very little knowledge regarding usage of WhatsApp so that they could get in touch with each other during this period of pandemic. This was a WR event too as all the female senior citizens of LRC were taught Whatsapp features so that they do not have to be dependent on others when it comes to using technology','https://www.instagram.com/p/CDvt5_Pgg74/','d91f2c8cf87d4c8d9c9d824946039399','218252-2020-07'),(507,'2020-07-26 00:00:00.000000','Tech Saathi','PD','19','25','0','We conducted a session on WhatsApp features for the female senior citizens of Learning Resource Center, Pune as they had very little knowledge regarding usage of WhatsApp so that they could get in touch with each other during this period of pandemic. It was a WR event too as we taught all the female senior citizens of LRC to use Whatsapp so they do not have to be dependent on others when it comes to using technology','https://www.instagram.com/p/CDvt5_Pgg74/','d91f2c8cf87d4c8d9c9d824946039399','218252-2020-07'),(508,'2020-07-29 00:00:00.000000','Nazariya','CM','27','16','0','This was a public awareness event wherein an introspective quiz aimed at promoting  awareness of how people treat women around them and the issues women face was posted as a story on our Instagram account and other rotaractors were nominated to fill and share it on their Instagram accounts as well. We had also made a video that was circulated to all the rotaractors to raise awareness regarding the same. This was a WR initiative and really helped to shed a light on the problems women face on a day to day basis','https://www.instagram.com/p/CDy9ZPRguag/','d91f2c8cf87d4c8d9c9d824946039399','218252-2020-07'),(509,'2020-07-31 00:00:00.000000','Surilee- The Whistling Melodies','CS','13','8','0','Our Sponsor Rotary, Rotary Club of Pune Camp organized a unique musical show which was conducted by Mr. Sunil Godbole as a way for the participants to explore and enjoy this new concept of Music that uses whistling as an instrument to deliver a unique musical experience to the audience. This was a RRRO event as well and a total of 130+ participants attended this event.','https://www.instagram.com/p/CDy_WYgA48t/','d91f2c8cf87d4c8d9c9d824946039399','218252-2020-07'),(510,'2020-07-05 00:00:00.000000','1 Minute Fitness by Rotaract','CS','0','1','0','A PR initiative by RC Patalganga, fitness aficionado Rtr. Siddhesh Bhojane enlightens viewers by the means of official instagram handle of Rotaract club of Patalganga about the bodybuilding myths and facts about male body within one minute.','https://www.instagram.com/p/CCPxExHh9GE/?igshid=lkzpo69ku5hb','6a296ab4de49466885f1d9cd1c36f39b','217310-2020-07'),(511,'2020-07-12 00:00:00.000000','1 Minute Fitness by Rotaract','CS','0','2','0','A PR initiative by RC Patalganga, fitness lover Rtr. Siddhesh Bhojane enlightens viewers by the means of official instagram handle of Rotaract club of Patalganga about the exercising the front delt muscles of the shoulders in a detailed manner, without gym equipment by improvising with household items.','https://www.instagram.com/p/CChoocsBV3e/?igshid=3qd6i0iih7vw','6a296ab4de49466885f1d9cd1c36f39b','217310-2020-07'),(512,'2020-07-12 00:00:00.000000','Mass Orientation (Host)','CS','53','4','0','Rotaract Club of Patalganga has successfully hosted and completed the Rotaract orientation, with the participation of more than 7 Rotaract clubs. The District Council members were present as well and guided us for the same. The speaker for the orientation Rtr. Umang Shah enlightened us on the Rotaract movement. Nearly 53 participants attended the spectacular orientation.','https://www.instagram.com/p/CCjW48pBem9/?igshid=r9ozkca2hpl','6a296ab4de49466885f1d9cd1c36f39b','217310-2020-07'),(513,'2020-07-15 00:00:00.000000','LEADING TOWARDS GOOD MENTAL HEALTH.','PD','10','1','0','A workshop on ‘Leading towards good Mental Health’ by Ms. Gurpreet Kaur Khalsa, a Motivational speaker was organized, which was hosted by the Rotaract Club of Panvel Elite.  Our club, Rotaract Club of Patalganga, along with more than 50+ clubs successfully co-hosted this webinar.  More than 380 participants from various clubs, from various RI Districts, marked their presence.  The session was very essential in this pandemic situation. The speaker signified the importance of good Mental Health and how to keep in up these times of uncertainty. The webinar was an interactive session and the speaker answered many queries raised by the participants.','-','6a296ab4de49466885f1d9cd1c36f39b','217310-2020-07'),(514,'2020-07-15 00:00:00.000000','LEADING TOWARDS GOOD MENTAL HEALTH.','CM','10','1','0','A workshop on ‘Leading towards good Mental Health’ by Ms. Gurpreet Kaur Khalsa, a Motivational speaker was organized, which was hosted by the Rotaract Club of Panvel Elite.  Our club, Rotaract Club of Patalganga, along with more than 50+ clubs successfully co-hosted this webinar.  More than 380 participants from various clubs, from various RI Districts, marked their presence.  The session was very essential in this pandemic situation. The speaker signified the importance of good Mental Health and how to keep in up these times of uncertainty. The webinar was an interactive session and the speaker answered many queries raised by the participants.','-','6a296ab4de49466885f1d9cd1c36f39b','217310-2020-07'),(515,'2020-07-16 00:00:00.000000','You Being You.','CM','0','2','0','Rotaract Club of Patalganga executed a self-love drive named YOU BEING YOU initiated by club\'s Women Representative. We initiated this drive on 16th July, 2020 and ended on 18th July ,2020.  The objective of this drive was to  break the myths about being beautiful; kicking stereotyped beauty and to encourage and  promote  self-love,  self acceptance among all the women out there. All we asked them to post their selfie with the #iambeautiful feeling confident strong and beautiful. We posted and tagged in around 20 selfie which we reposted on our Instagram page with 8 beauty myths to be broken.','https://www.instagram.com/s/aGlnaGxpZ2h0OjE3ODk4NDI5ODgzNTE3Nzk1?igshid=u55977o4z0qr','6a296ab4de49466885f1d9cd1c36f39b','217310-2020-07'),(516,'2020-07-17 00:00:00.000000','IS JUSTICE DELAYED, JUSTICE DENIED?','PD','9','1','0','Our club, Rotaract club of Patalganga, along with nine other clubs, successfully Co-hosted an online PD session titled “ IS JUSTICE DELAYED, JUSTICE DENIED ? ” hosted by Rotaract Club of Panvel Elite’s. The session was conducted by Adv. Malhar Zatakia. The speaker possessed fine knowledge about law and he is a counsel at chambers of senior advocate Ravi kadam. A total 140+ people attended it. The interactive session was on theme of the law & justice. This session was followed by extensive session of Q&A round. The session was very informative and it will contribute to the knowledge of Rotaractors','-','6a296ab4de49466885f1d9cd1c36f39b','217310-2020-07'),(517,'2020-07-24 00:00:00.000000','INTER-DISTRICT E-RYLA (co-host)','IS','10','3','0','The eRYLA event was conducted very much. Many of the Rotaractors were new to this kind of session and were amazed to join the event. The guest speaker, Rtn. PNN Iyer who is a corporate trainer & mentor spoke on the topic of Inspire, Integrate, Innovate. The eRYLA session was hosted by Rotary Club of Pune Vibrant East along with the Rotaract Club of Pune Vibrant East. Our sponsor club Rotary Club of Patalganga and our club Rotaract Club of Patalganga, and various other Rotary-Rotaract clubs such as clubs of Kharaghar-Midtown, Mehsana, Navi-Mumbai Sunrise and few more co-hosted this eRYLA session.','-','6a296ab4de49466885f1d9cd1c36f39b','217310-2020-07'),(518,'2020-07-24 00:00:00.000000','INTER-DISTRICT E-RYLA (co-host)','PD','10','3','0','The eRYLA event was conducted very much. Many of the Rotaractors were new to this kind of session and were amazed to join the event. The guest speaker, Rtn. PNN Iyer who is a corporate trainer & mentor spoke on the topic of Inspire, Integrate, Innovate. The eRYLA session was hosted by Rotary Club of Pune Vibrant East along with the Rotaract Club of Pune Vibrant East. Our sponsor club Rotary Club of Patalganga and our club Rotaract Club of Patalganga, and various other Rotary-Rotaract clubs such as clubs of Kharaghar-Midtown, Mehsana, Navi-Mumbai Sunrise and few more co-hosted this eRYLA session.','-','6a296ab4de49466885f1d9cd1c36f39b','217310-2020-07'),(519,'2020-07-25 00:00:00.000000','Self-Assessment','CS','18','4','0','Our club conducted our very first  club bonding (team building) activity for the Rotaract year 2020-2021 where  BOD\'S & members of our club were present . A quick assessment of all our members was done, where our members openly talked about their strong & weak points they also shared their goals which they wanted to achieve. Because of this assessment members got to know each other and were very understanding when we all shared our weak points. ','-','6a296ab4de49466885f1d9cd1c36f39b','217310-2020-07'),(520,'2020-07-26 00:00:00.000000','1 Minute Fitness by Rotaract','CS','0','2','0','A PR initiative by RC Patalganga, fitness enthusiast Rtr. Siddhesh Bhojane enlightens viewers by the means of official instagram handle of Rotaract club of Patalganga about the exercising the side delt muscles of the shoulders in an elaborate, without gym equipments by improvising with household items.','https://www.instagram.com/p/CDF1IyNBvM9/?igshid=antt0qfl087r','6a296ab4de49466885f1d9cd1c36f39b','217310-2020-07'),(521,'2020-07-29 00:00:00.000000','Cognizance ','CM','0','1','0','Rotaract club of Patalganga collaborated with RAC SILVERCITY MIDTOWN (RID 3080) for year long awareness program. From 29th July to 31st July, we created awareness among masses by the means of social media like our official club instagram handles, we laid emphasis on “Cord Blood Awareness”, its collection, importance & significance, uses, etc.','https://www.instagram.com/p/CDPFGCepXro/?igshid=2gn71j9rf2lg','6a296ab4de49466885f1d9cd1c36f39b','217310-2020-07'),(522,'2020-07-29 00:00:00.000000','Cognizance','IS','0','1','0','Rotaract club of Patalganga collaborated with RAC SILVERCITY MIDTOWN (RID 3080) for year long awareness program. From 29th July to 31st July, we created awareness among masses by the means of social media like our official club instagram handles, we laid emphasis on “Cord Blood Awareness”, its collection, importance & significance, uses, etc.','https://www.instagram.com/p/CDPFGCepXro/?igshid=2gn71j9rf2lg','6a296ab4de49466885f1d9cd1c36f39b','217310-2020-07'),(523,'2020-07-31 00:00:00.000000','Let\'s Talk','PD','10','2','0','Our club, Rotaract Club of Patalganga and other club like RC Nasik Metro, RC Khopoli, RC DYPACS, RC SAOE jointly collaborated on this PD session Let’s Talk hosted by Rotaract Club of GEM. This interactive session was addressed by Mr. Amit Mohite who is on community advisory board of National AIDS research institute Spark, a fellow of youth ACATA, SRHR facilitator. The session was attended by more than 60+ audience. The interaction session was on topics like women hygiene, women menstruation, sexual health rights and men’s role in women menstruation. The session was followed by extensive Q&A segment.  This session was conducted in a Joint Meeting (GBM-3) setting.','https://www.instagram.com/s/aGlnaGxpZ2h0OjE3ODY1MzM1MTgyOTY4OTA0?igshid=lz8q9s7l5412','6a296ab4de49466885f1d9cd1c36f39b','217310-2020-07'),(524,'2020-07-31 00:00:00.000000','Let\'s Talk','CM','10','2','0','Our club, Rotaract Club of Patalganga and other clubs like RC Nasik Metro, RC Khopoli, RC DYPACS, RC SAOE jointly collaborated on this PD session Let’s Talk hosted by Rotaract Club of GEM. This interactive session was addressed by Mr. Amit Mohite who is on community advisory board of National AIDS research institute Spark, a fellow of youth ACATA, SRHR facilitator. The session was attended by more than 60+ audience. The interaction session was on topics like women hygiene, women menstruation, sexual health rights and men’s role in women menstruation. The session was followed by extensive Q&A segment. This session was conducted in a Joint Meeting (GBM-3) setting.','https://www.instagram.com/s/aGlnaGxpZ2h0OjE3ODY1MzM1MTgyOTY4OTA0?igshid=lz8q9s7l5412','6a296ab4de49466885f1d9cd1c36f39b','217310-2020-07'),(525,'2020-07-05 00:00:00.000000','Rotract guru','PD','10','10','0','Express your thoughts to guru which help you in rotract life','https://www.instagram.com/p/CCQNF8-gh0M/?igshid=vvq4eyk9dhqr','c3e1578a68134694b76fe8d8137a8f5c','216452-2020-07'),(526,'2020-07-13 00:00:00.000000','Cultural craze','PD','10','24','0','Representing cultural with the help of food ','https://www.instagram.com/p/CCktMjpAx0-/?igshid=10nxaw60wz6qt','c3e1578a68134694b76fe8d8137a8f5c','216452-2020-07'),(527,'2020-07-19 00:00:00.000000','Baltaru','PD','14','1','0','Along with RAC sale and using social handle it\'s small awareness drive about tree plantation','https://www.instagram.com/p/CC0A4DlAcVa/?igshid=dvep4mnfd417','c3e1578a68134694b76fe8d8137a8f5c','216452-2020-07'),(528,'2020-07-26 00:00:00.000000','Unsung warrior','PD','10','5','0','We rcmcgk assign each club one warrior and that club collect information about assigned warriors','https://www.instagram.com/p/CDF1156g83q/?igshid=dtqzbqw7w0dv','c3e1578a68134694b76fe8d8137a8f5c','216452-2020-07'),(529,'2020-07-05 00:00:00.000000','Rotract Guru','IS','10','10','0','Express your thoughts to guru which help you in rotract life','https://www.instagram.com/p/CCQNF8-gh0M/?igshid=nln4vnf7qhlp','c3e1578a68134694b76fe8d8137a8f5c','216452-2020-07'),(530,'2020-07-13 00:00:00.000000','Cultural craze','IS','10','24','0','Representing cultural with the help of food ','https://www.instagram.com/p/CCktMjpAx0-/?igshid=10nxaw60wz6qt','c3e1578a68134694b76fe8d8137a8f5c','216452-2020-07'),(531,'2020-07-26 00:00:00.000000','Unsung warrior','IS','10','5','0','We rcmcgk assign each club one warrior and that club collect information about assigned warriors','https://www.instagram.com/p/CDF1156g83q/?igshid=16sl4inbmn4mx','c3e1578a68134694b76fe8d8137a8f5c','216452-2020-07'),(532,'2020-07-28 00:00:00.000000','Know trees grow trees','IS','10','5','0','Rcmcgk take initiative to plants sapling and gift it to our neighbours','https://www.instagram.com/p/CDLze5zglEB/?igshid=n09cvk451otc','c3e1578a68134694b76fe8d8137a8f5c','216452-2020-07'),(533,'2020-08-14 00:00:00.000000','Know trees grow trees','CM','10','5','0','Rcmcgk take initiative to plants sapling and gift it to our neighbours','https://www.instagram.com/p/CDLze5zglEB/?igshid=n09cvk451otc','c3e1578a68134694b76fe8d8137a8f5c','216452-2020-07'),(534,'2020-07-19 00:00:00.000000','Baltaru','CM','14','1','0','Along with RAC sale and using social handle it\'s small awareness drive about tree plantation','https://www.instagram.com/p/CC0A4DlAcVa/?igshid=i7t6aroxrgal','c3e1578a68134694b76fe8d8137a8f5c','216452-2020-07'),(542,'2020-07-18 00:00:00.000000','Club Installation','CS','45','30','0','On the 18th of July, we RC Vibrants conducted our Installation ceremony with a quirky Beach Party theme. Our parent Rotary President Rtn. Umesh Naik and DRR Shraddha Lamkhade were our Guests of Honour. We officially announced our theme for the RIY 2020-21 as \"Accept, Nurture, Bloom\".','https://www.instagram.com/p/CC2YA9ggTWg/?igshid=1qbeq5pixj3e, https://www.instagram.com/p/CC2YFzOAzM','c202c087a1704a618fb7a1a9b82c93bc','214094-2020-07'),(543,'2020-07-01 00:00:00.000000','Project Aasraa','CM','33','50','20000','We are helping families, particularly in the village Pachavali of the Dapoli taluka of Ratnagiri under the able guidance of RSS President Mr. Ajay Mehta who has been providing the much needed manual labour and funds for the raw materials to start the rebuilding process. Hence, our project Aasraa. We\'re collecting funds for the same from everyone who wishes to donate. ','--','c202c087a1704a618fb7a1a9b82c93bc','214094-2020-07'),(544,'2020-07-19 00:00:00.000000','Meditative Mandala Workshop','PD','72','15','0','\"The mandala, a Sanskrit word for \"magic circle\", is a centering space for the self and the soul, an art therapy tool for making order out of disorder.\" In collaboration with RC Pune Salisbury Park, we conducted a meditative mandala workshop, a PDD session, and a fun dumb charades CSD session on the 19th of July, 2020.','https://www.instagram.com/p/CC3yULAAeGm/?utm_source=ig_web_copy_link','c202c087a1704a618fb7a1a9b82c93bc','214094-2020-07'),(545,'2020-07-19 00:00:00.000000','Dumb Charades','CS','19','3','0','Joint CSD session- A fun dumb charades session was exactly what we needed as an icebreaker between the two clubs RC Pune Salisbury Park and RC Vibrants','https://www.instagram.com/p/CC3yULAAeGm/?utm_source=ig_web_copy_link','c202c087a1704a618fb7a1a9b82c93bc','214094-2020-07'),(546,'2020-07-26 00:00:00.000000','Art of Mobile Photography & Editing','PD','31','8','0','We, at RC Vibrants, conducted a workshop on the Art of Mobile Photography and Editing on the 26th of July, 2020. It was conducted by @i_am_ameyazing and @somu.22 , and it was definitely a fun way to spend our Sunday morning learning how to make our instagrams more aesthetic! The session gave us a hands on experience of editting photos with various editing tools such as Snapseed and Lightroom, as well as more clarity about technical settings for clicking better pictures. We\'re grateful to @i_am_ameyazing and @somu.22 for conducting such a fun and creative event and all the fellow rotaractors who attended the session!','https://www.instagram.com/p/CDGX2CjggQn/?utm_source=ig_web_copy_link','c202c087a1704a618fb7a1a9b82c93bc','214094-2020-07'),(547,'2020-07-26 00:00:00.000000','Life of An Army Man','PD','15','2','0','In commemoration of Kargil Vijay Diwas, on the 26th of July 2020, we at RC Vibrants, in collaboration with • RC Panvel Industrial • RC Aundh • RC Panvel Mahanagar • RC Vascodigama Goa • RC Bibwewadi • RC Pune Hillside • RC Panvel Sunrise • RC Gurugram Midwest  we conducted an event called \"Life of an army man\", in which Major General JP Nayar sir, a retired army man, shared his life experience and journey of being one of the military personnel.','https://www.instagram.com/p/CDGJMclgf-y/?utm_source=ig_web_copy_link','c202c087a1704a618fb7a1a9b82c93bc','214094-2020-07'),(548,'2020-07-26 00:00:00.000000','Life of An Army Man','IS','15','2','0','In commemoration of Kargil Vijay Diwas, on the 26th of July 2020, we at RC Vibrants, in collaboration with • RC Panvel Industrial • RC Aundh • RC Panvel Mahanagar • RC Vascodigama Goa • RC Bibwewadi • RC Pune Hillside • RC Panvel Sunrise • RC Gurugram Midwest  we conducted an event called \"Life of an army man\", in which Major General JP Nayar sir, a retired army man, shared his life experience and journey of being one of the military personnel.','https://www.instagram.com/p/CDGJMclgf-y/?utm_source=ig_web_copy_link','c202c087a1704a618fb7a1a9b82c93bc','214094-2020-07'),(549,'2020-08-26 00:00:00.000000','Joint project-Life of an Army Man','CS','50','1','0','Major General JP Nayyar shared his life experience and journey of being an army man with us. This was a joint project in association with RC of Pune Hillside','-','cfb916abf45e43bfa2d7583b2ea16208','214609-2020-07'),(550,'2020-07-01 00:00:00.000000','Behind The white coat','IS','02','4','0','A collaborated event to pay respect and as a act of sheer expression of gratefulness towards the medical fraternity.The aim of the event was to felicitate the doctors but also talk to their families and have their word on the ongoing pandemic.','https://www.instagram.com/p/CD2-zK0AZ05/?igshid=17pcoucjgbaea','0ebff91b144d4397a7b532a61696f6a7','217256-2020-07'),(551,'2020-07-01 00:00:00.000000','National Doctor\'s Day','CM','10','3','0','Along with rotary club of Pune Sunrise we celebrated this day with distribution of Arsenic ALB 30 Homeopathic medicine to labourers at Nigdi construction site.The box of pills was distributed to 15+ labourers.','https://www.instagram.com/p/CD2-zK0AZ05/?igshid=17pcoucjgbaea','0ebff91b144d4397a7b532a61696f6a7','217256-2020-07'),(552,'2020-07-07 00:00:00.000000','AI','PD','20','3','0','The club collaborated with Rotaract club of young souvenirs who took initiative to organise an Amazing session on Webinar on Artificial Intelligence.Teamed up with CETPA Infotech Pvt Ltd.','https://www.instagram.com/p/CD2-zK0AZ05/?igshid=17pcoucjgbaea','0ebff91b144d4397a7b532a61696f6a7','217256-2020-07'),(553,'2020-07-07 00:00:00.000000','Installation ceremony','CS','60','3','0','Club installation ','https://www.instagram.com/p/CD2-zK0AZ05/?igshid=17pcoucjgbaea','0ebff91b144d4397a7b532a61696f6a7','217256-2020-07'),(554,'2020-07-12 00:00:00.000000','Paper Bag day','CM','120','48','0','This was a collaborated event by 17 clubs ,  the paper bag distribution started at 11 am with all the precautionary measures.','https://www.instagram.com/p/CD2-zK0AZ05/?igshid=17pcoucjgbaea','0ebff91b144d4397a7b532a61696f6a7','217256-2020-07'),(555,'2020-07-11 00:00:00.000000','Life is a hobby','PD','25','1','0','We RC-DYPIMS collaborated with Rotaract club of Pune Zenith who took the initiative to organize an Amazing &amp; Interesting Personality Development Session on Life Is A Hobby. Not only RC- DYPIMS but 20 other clubs also collaborated for the event.','https://www.instagram.com/p/CD3aj1zgen0/','0ebff91b144d4397a7b532a61696f6a7','217256-2020-07'),(556,'2020-07-18 00:00:00.000000','Nelson Mandela','IS','40','24','0','We took the initiative to organize this event by asking every members to post some great quotes from Nelson Mandela, some great &amp; inspiring stories, some unkown facts about them &amp; some great achievements from them on our club Instagram handle. We got a great response and lots of quotes ,inspiring stories, achievements &amp; unknown facts of Nelson Mandela','https://www.instagram.com/s/aGlnaGxpZ2h0OjE3ODgyMTA2MDcwNjU3Mjgy?igshid=re8wu95glnnf','0ebff91b144d4397a7b532a61696f6a7','217256-2020-07'),(557,'2020-07-15 00:00:00.000000','Peritus 1.0','PD','81','24','0','ON 15 TH JULY 2020 WE RC-DYPIMS ON THE OCCASSION OF “WORLD YOUTH SKILL DAY” ORGANISED COMPETTITION AND PERSONALITY DEVELOPMENT SESSION “PERITUS 1.0” CO- HOSTED BY 7 CLUBS FROM RID 3131 AND 20 COLLABORATING CLUBS. PERITUS PROVIDED AN PLATFORM FOR ROTARACTORS TO SHOWCASE THEIR SKILLS AND ALSO HONE AND POLISH SKILLS. PERITUS GAVE THE PLATFORM TO INSPIRE MANY MORE ROTARACTORS TO PRESENT THEIR SKILL.','https://www.instagram.com/p/CD3niKpgu-T/','0ebff91b144d4397a7b532a61696f6a7','217256-2020-07'),(558,'2020-07-17 00:00:00.000000','Emoji Day','IS','0','24','0','In this event we just need to pick up favourite emoji and click a pic by expressing that emoji and elaborate how does it suits you. After this you just need to put it as a story on your respected instagram handle and tag our club page rc_dypims_3131 . More than 12 members participated in the event.','https://www.instagram.com/s/aGlnaGxpZ2h0OjE3ODQ1MzI1ODUyMjYyNjcx?igshid=1mcxor0symm','0ebff91b144d4397a7b532a61696f6a7','217256-2020-07'),(559,'2020-07-22 00:00:00.000000','Art of startup','PD','140','2','0','On 22 nd July We Rotaract club of DYPIMS took the initiative to organize an Amazing &amp; Interesting Personality Development Session On –Art Of Startup. Not only RC-DYPIMS and 08 other clubs also collaborated for the event The session was arrange on22 nd July at 8:20 PM –9:50 PM on Zoom Meeting app. The name of the speaker of webinar is Dr. Shilpa Kankonkar as the expert Speaker among us.','-','0ebff91b144d4397a7b532a61696f6a7','217256-2020-07'),(560,'2020-07-23 00:00:00.000000','Being broke is no joke','PD','28','2','0','On 23 rd July We RC-DYPIMS collaborated with Rotaract club of Indira who took the initiative to organize an Amazing &amp; Interesting Personality Development Session On – Being broke is no joke. Not only RC- DYPIMS but 04 other clubs also collaborated for the event.','-','0ebff91b144d4397a7b532a61696f6a7','217256-2020-07'),(561,'2020-07-26 00:00:00.000000','Kargil Vijay Divas','PD','60','2','0','On the occasion of Kargil Vijay Divas ie 26 July 2020. Our Parent Club, Rotary Club of Pune Sunrise organized an PD session to pay the tribute to the heroes who sacrifice their lifes in the Kargil War. Along with our parent club we RC-DYPIMS also collaborated to this event to pay the tribute. This event is hosted in the presence of the Chief Guest Lt. Gen. (Dr) DB Shekatkar (Retd) who addressed everyone &amp; shared his experience in the 1965 &amp; 1971 wars, paying homage to kargil war heroes and the current analysis of Indo china situation.','-','0ebff91b144d4397a7b532a61696f6a7','217256-2020-07'),(562,'2020-07-28 00:00:00.000000','Nature Conservation Day','IS','45','24','0','On the occasion of Nature Conversation Day we RC-DYPIMS organize an event to celebrate this day and make the awareness in the society. Our ISD took the initiative to organize this event in a very unique way. Everyone showed a great response and helped the club to spread the awareness . There were total 45 members who participated in this event.','https://www.instagram.com/s/aGlnaGxpZ2h0OjE3ODY4MzgyNDcxODkwMjcz?igshid=1ca7wybymq7','0ebff91b144d4397a7b532a61696f6a7','217256-2020-07'),(563,'2020-07-30 00:00:00.000000','Electrical MCOE','PD','25','2','0','On 30 th July We RC-DYPIMS collaborated with Rotaract club of Electrical MCOE METRO who took the initiative to organize an Amazing &amp; Interesting Awareness Program – On Behalf Of National Stock Exchange Of India. Not only RC-DYPIMS but 02 other clubs also collaborated for the event. The session was arrange on 30 th July at 5:00 PM on Zoom Meeting app. The name of the speaker of webinar is Ms. PriyankaAcharya, as the expert Speaker among us. The session was very interesting &amp;helpful.The speaker gave the clear idea about the National Stock Exchange also she gave many investing ideas which are surely going to help all the participants.','-','0ebff91b144d4397a7b532a61696f6a7','217256-2020-07'),(564,'2020-07-13 00:00:00.000000','Red Women','IS','1','288','0','Awareness campaign','-','0ebff91b144d4397a7b532a61696f6a7','217256-2020-07'),(565,'2020-07-01 00:00:00.000000','Behind the WhiteCoat ','IS','100','50','00','Sharing experience of doctors treating COVID ','https://www.instagram.com/p/CA-iNBFACun/?igshid=tpk8be8c2ju1','b9cee8bdfb2c414db184c3c9aeebb8dd','91641-2020-07'),(566,'2020-07-01 00:00:00.000000','Behind the WhiteCoat ','CM','100','50','00','Sharing experience of doctors treating COVID ','https://www.instagram.com/p/CA-iNBFACun/?igshid=tpk8be8c2ju1','b9cee8bdfb2c414db184c3c9aeebb8dd','91641-2020-07'),(567,'2020-07-14 00:00:00.000000','Red Woman','CM','4','0','0','Mensuration awareness','https://www.instagram.com/p/CCoL7m8g9zN/?igshid=l9tkgj7k8rvc','b9cee8bdfb2c414db184c3c9aeebb8dd','91641-2020-07'),(568,'2020-07-17 00:00:00.000000','International Law and Justice','PD','10','2','0','Session on International Law and Justice','- ','b9cee8bdfb2c414db184c3c9aeebb8dd','91641-2020-07'),(569,'2020-07-17 00:00:00.000000','Is Justice Delayed, Justice Denied','PD','5','1','0','Session on Justice','-','b9cee8bdfb2c414db184c3c9aeebb8dd','91641-2020-07'),(570,'2020-07-11 00:00:00.000000','Janasankhya Niyantran','IS','5','1','0','Online Population Awareness event','-','b9cee8bdfb2c414db184c3c9aeebb8dd','91641-2020-07'),(571,'2020-07-11 00:00:00.000000','Janasankhya Niyantran','CM','4','0','0','Online Population Awareness event','-','b9cee8bdfb2c414db184c3c9aeebb8dd','91641-2020-07'),(572,'2020-07-26 00:00:00.000000','Corporate leadership','PD','70','10','0','A groming session on corporate life/career','https://www.instagram.com/p/CDSlivJgM-u/?igshid=19p5zkfb0rjjx','b9cee8bdfb2c414db184c3c9aeebb8dd','91641-2020-07'),(573,'2020-07-01 00:00:00.000000','Collar exchange','CS','12','1','0','it was Rotaract- Rotary meeting, where presidents and secretary collar was exchanged','https://www.instagram.com/rcpuneroyal/','c06da831c6304b8bad6e7a5fa5ff9c53','214473-2020-07'),(574,'2020-07-04 00:00:00.000000','PST Training','PD','5','6','0','district event','https://www.instagram.com/p/CCAzeDrAn0z/','c06da831c6304b8bad6e7a5fa5ff9c53','214473-2020-07'),(575,'2020-07-05 00:00:00.000000','PST Training','PD','5','6','0','district event','https://www.instagram.com/p/CCAzeDrAn0z/','c06da831c6304b8bad6e7a5fa5ff9c53','214473-2020-07'),(576,'2020-07-18 00:00:00.000000','ABCDs  of  Leadership','PD','12','2','0','Joint meet organised by RC Viman Nagar, RC Koregaon Park, where RC Pune Royal was one of seven the Co- Organisers ','https://www.instagram.com/p/CC-thG8AlNo/','c06da831c6304b8bad6e7a5fa5ff9c53','214473-2020-07'),(577,'2020-07-25 00:00:00.000000','Meme Battle','CS','24','1','0','First GBM, Ice breaker , Meme battle','https://www.instagram.com/p/CDIkzkcgsMd/','c06da831c6304b8bad6e7a5fa5ff9c53','214473-2020-07'),(578,'2020-07-01 00:00:00.000000','Behind the white coat','CM','85','120','0','All prez batchmates of RIY 2020-21 reached out to many dr. and their families tothank them and acknowledge their dedication','https://www.instagram.com/royalrotaract3131/','c06da831c6304b8bad6e7a5fa5ff9c53','214473-2020-07'),(579,'2020-07-01 00:00:00.000000','ANUPURNA DAYS','CM','20','7','0','This was our joint event with Rotaract club of Chandigarh northern winds rid3080.it was 7 day event','https://www.instagram.com/p/CCGOR7QAdUX/?igshid=1up85eptqmdci','1782bde2075547ac88c84c1f1083a4c6','70787-2020-07'),(580,'2020-07-12 00:00:00.000000','Paper bag making Nd distribution','CS','76','2','0','It was our match club agreement with Rotaract club of alumni','https://www.instagram.com/p/CCk6ct5gcBD/?igshid=1h71aqkufjlmy','1782bde2075547ac88c84c1f1083a4c6','70787-2020-07'),(581,'2020-07-15 00:00:00.000000','Mandala art','CS','70','2','0','This was also match club agreement with RC GLOBAL YOUTH','https://www.instagram.com/tv/CCsUzVCgTw3/?igshid=vr53zhetfuj7','1782bde2075547ac88c84c1f1083a4c6','70787-2020-07'),(582,'2020-07-18 00:00:00.000000','Yoga nidra','CS','80','2','0','This was also match club events with ARCP SHANIDWADA','https://www.instagram.com/p/CC2qmZ6gVEU/?igshid=1a5vhdq13jafv','1782bde2075547ac88c84c1f1083a4c6','70787-2020-07'),(583,'2020-07-19 00:00:00.000000','INS&OUTS OF GITHUB','PD','70','3','0','This event was host by RCpy.in this event our speaker RTR.prasad have the DISCRIPTION about GITHUB.','https://www.instagram.com/p/CC3tL-AAQfM/?igshid=9vf128v6vjif','1782bde2075547ac88c84c1f1083a4c6','70787-2020-07'),(584,'2020-07-17 00:00:00.000000','Quiz competition-Instagram','IS','25','20','0','International Day of Justice - Quiz competition on Instagram. Virtual Quiz on social media platform ','- ','165e6750b26249a78ac3c7d8895e7e77','217454-2020-07'),(585,'2020-07-05 00:00:00.000000','Kirtans by Shri. Kirtankar Vajrang ','CM','30','1','0','RCPH takes pride with the first event which aired live on Instagram in association with Rejoice Events. The event provided the joy of listening blissful kirtans by Shri. Kirtankar Vajrang Charudatta Aphale. This event was conducted on 5th July 2020.','https://www.instagram.com/events.rejoice/live/18150162364055077?igshid=l8dxe6nlzaub','db1308ebb33b4935a82bbea31a066a22','213166-2020-07'),(586,'2020-07-12 00:00:00.000000','Whats on your Mind?','PD','30','1','0','An interview with a stunning personality and that too with an actor is always provides an insight for Rataractors. RCPH conducted an interview titled as “Whats on your Mind?” with Aditi Dravid in association with Rejoice events.','https://www.instagram.com/p/CCduCJeAXPg/','db1308ebb33b4935a82bbea31a066a22','213166-2020-07'),(587,'2020-07-15 00:00:00.000000','Maskivity','CM','10','2','0','In the midst of the COVID-19 era, RCPH conducted “MASKIVITY” an online mask making competition. Rotaractors as well as non-rotaractors were encouraged to create their own mask with some creativity. The entries were supported by Time lapse video or Photo. Maskivity started on 15th July, all entries were posted on RCPH’s official Instagram account. The winner (Siddhi Date) was declared based on the maximum number of likes. ','https://www.instagram.com/p/CCplH4NgF3j/','db1308ebb33b4935a82bbea31a066a22','213166-2020-07'),(588,'2020-07-18 00:00:00.000000','Icebreaker Session on Zoom','CS','16','2','0','RCPH conducted its first online CSD activity on 18th July 2020.  A total of 16 rotaractors joined and interacted with each other through Zoom App. The session was also accompanied by playing  Dumsheraj and people enjoyed it very well.','https://www.instagram.com/p/CC34k02g5_j/','db1308ebb33b4935a82bbea31a066a22','213166-2020-07'),(589,NULL,'Interview with Purva barve','PD','35','1','0','Even in the section of sports, RCPH took a brief Interview with Purva barve. The interview was conducted by Rtr. Ameya Oak. Purva Barve is an international badminton player and has won several gold medals for India. She currently holds the 7th Rank in Women’s Singles India. Rotaractors were pleased to listen her blissful journey of excellence.','https://www.instagram.com/p/CC1Cps0AXGX/','db1308ebb33b4935a82bbea31a066a22','213166-2020-07'),(590,'2020-07-01 00:00:00.000000','National doctors day','IS','15','0','0',' felicitating Doctors in our neighborhood and family with the instincts of our creativity','https://www.instagram.com/p/CC6PQlIgVIE/','67e4cb7bc089491b922c56974fa29cd0','217267-2020-07'),(591,'2020-08-10 00:00:00.000000','The Little Paw','CM','11','0','0','We did our bit for the animals and feed them','https://www.instagram.com/p/CC6RnadgV2_/','67e4cb7bc089491b922c56974fa29cd0','217267-2020-07'),(592,'2020-07-11 00:00:00.000000','LIFE IS A HOBBY','PD','10','0','0','live session by dr. milind tambe','https://www.instagram.com/p/CC6UbxGA1az/','67e4cb7bc089491b922c56974fa29cd0','217267-2020-07'),(593,'2020-07-12 00:00:00.000000','PAPER BAG DAY','CM','9','0','0','to make paper bags and distribute it to stores ','https://www.instagram.com/p/CC6U-Y-APvL/','67e4cb7bc089491b922c56974fa29cd0','217267-2020-07'),(594,'2020-07-10 00:00:00.000000','The Little Paw','IS','11','0','0','We did our bit for the animals and feed them','https://www.instagram.com/p/CC6RnadgV2_/','67e4cb7bc089491b922c56974fa29cd0','217267-2020-07'),(595,'2020-08-18 00:00:00.000000','A B C D’s of Leadership','PD','10','1','0','live session on leadership by col. prem anand','https://www.instagram.com/p/CC6c8d_AsZo/','67e4cb7bc089491b922c56974fa29cd0','217267-2020-07'),(596,'2020-07-19 00:00:00.000000','बालतरू','CM','9','0','0','tree plantation drive','https://www.instagram.com/p/CDHDFLpAF2i/','67e4cb7bc089491b922c56974fa29cd0','217267-2020-07'),(597,'2020-08-22 00:00:00.000000','ART OF STARTUP .','PD','9','2','0','a session by speaker Dr. Shilpa Kankonkar','https://www.instagram.com/p/CDHNG7qAp7O/','67e4cb7bc089491b922c56974fa29cd0','217267-2020-07'),(598,'2020-08-30 00:00:00.000000','yarana','CS','18','0','0','share a picture with your friend and a memory associated with it','https://www.instagram.com/rotaractclubofnigdi/','67e4cb7bc089491b922c56974fa29cd0','217267-2020-07'),(599,'2020-08-30 00:00:00.000000','yarana','IS','18','0','0','share a picture with your friend and a memory associated with it','https://www.instagram.com/rotaractclubofnigdi/','67e4cb7bc089491b922c56974fa29cd0','217267-2020-07'),(610,'2020-07-01 00:00:00.000000','Mask Distribution','CM','6','2','1625','We distributed 500 masks in the Pimpri area to the needy people in slum area.','https://www.instagram.com/p/CCIkQwpg-CP/','866515193b8640f7a794a9819b785ccf','215402-2020-07'),(611,'2020-07-20 00:00:00.000000','E-khel Mahotsav - 7 days- 7 games','CS','567','9','0','We conducted games for all rotaractors and non rotaractors','https://www.instagram.com/p/CCnENg1AdLS/','866515193b8640f7a794a9819b785ccf','215402-2020-07'),(612,'2020-07-27 00:00:00.000000','Fam-Expresso','IS','42','2','0','Post a picture of yourself with your family on the flyer that will be provided and also give massage full of love and gratitude towards your parents and post/story it on your club social media handles','-','866515193b8640f7a794a9819b785ccf','215402-2020-07'),(613,'2020-07-15 00:00:00.000000','Paws for the cause','IS','17','2','0','In collaboration with RaC Bombay uptown, our club conducted a CMD event wherein the members shared their pictures while feeding street animals near their houses. ','-','866515193b8640f7a794a9819b785ccf','215402-2020-07'),(614,'2020-07-08 00:00:00.000000','https://www.instagram.com/p/CCTnU9s','PD','63','2','0','We had organised a GRE session for students to know exactly what GRE is','https://www.instagram.com/p/CCTnU9sgZ-z/','866515193b8640f7a794a9819b785ccf','215402-2020-07'),(615,'2020-07-11 00:00:00.000000','POST COVID-19 RECRUITMENT PROCESS','PD','58','2','0','As we all know that this pandemic will change the face of recruiting process and getting placed is the need of every engineer. As you all will be waiting for how the recruitment will be held after pandemic and how to face it.All of this plus more questions will be answered in session.','https://www.instagram.com/p/CCWKjC5AnLU/','866515193b8640f7a794a9819b785ccf','215402-2020-07'),(623,'2020-07-12 00:00:00.000000','Success unlimited','PD','5','1','0','A very informative session by MR. RAKESH PRAKHAR JAIN was conducted by Rotaract Club of Bibewadi and we participated as a collaborative club. In this session the speaker shared his experiences as an Industrialist, Serial Entrepreneur, start up and Scale up Trainer & Mentor, Motivational Speaker.','https://www.instagram.com/p/CD0o7MDAcnn/?utm_source=ig_web_copy_link','62b707f26840436b8787087a60a6985f','69048-2020-07'),(624,'2020-07-18 00:00:00.000000','ABCD OF LEADERSHIP','PD','23','2','0','Rotaract club of Koregaon Park and Rotaract club of Viman Nagar hosted a PD session, Co - Hosted by RC Bibwewadi, RC  Kalyani Nagar, RC Pimpri, RC Pune Zenith,RC Panvel Central  RC Nigdi ,RC Pune Royal. We started with an ice breaker session WOULD YOU RATHER  CSD activity for all the participants. Followed by inspiring  thoughts, real life stories and examples of leadership by Col.  Prem Anand.','https://www.instagram.com/p/CD0pMfSAKQj/?utm_source=ig_web_copy_link','62b707f26840436b8787087a60a6985f','69048-2020-07'),(625,'2020-07-23 00:00:00.000000','Being Broke is no Joke','PD','19','1','0','RC INDIRA COLLEGE In collaboration with RCPC PIONEERS, RC DYPIMS, RC DYP ACS, RC KALYANI NAGAR Focusing on the financial scenario has become a crucial thing in today\'s life. Financial crises are on the edge to knocks our door due to this pandemic so let\'s find out what opportunities it has opened up too. Ms. Priyanka Acharya conducted an amazing and informative session, helping us to make wise future financial choice.','https://www.instagram.com/p/CD0pbUZAT9t/?utm_source=ig_web_copy_link','62b707f26840436b8787087a60a6985f','69048-2020-07'),(626,'2020-07-01 00:00:00.000000','Behind the white court','IS','100','0','0','We felicitated doctors for the their contribution during this pandemic','-','62b707f26840436b8787087a60a6985f','69048-2020-07'),(627,'2020-07-14 00:00:00.000000','Seed bomb','IS','12','0','0','This was tree plantation drive for the travellers','-','62b707f26840436b8787087a60a6985f','69048-2020-07'),(628,'2020-07-15 00:00:00.000000','Manavta 2.0','CM','2','1','0','Rtr. Limbraj and Rtr. Nikhil distributed tea and masks to police officer','https://www.instagram.com/p/CCsSNvCgecY/?utm_source=ig_web_copy_link','62b707f26840436b8787087a60a6985f','69048-2020-07'),(629,'2020-07-19 00:00:00.000000','Tambola Night','CS','24','2','12300','We had event on Sunday, 19th JULY  with the rotary club where we played housie  game . And last but not the least we collected 12,300/- which were donated by club for mask donation for the privilege ','https://www.instagram.com/p/CDejd1vgWmh/?utm_source=ig_web_copy_link','62b707f26840436b8787087a60a6985f','69048-2020-07'),(630,'2020-07-01 00:00:00.000000','AppreciationCertificatetoDoctors,CA','CM','4','20','0','Certificates to Doctors and Chartered Accountants','https://www.instagram.com/p/CCTK5iJgvR9/?utm_source=ig_web_copy_link','f03bf3a5568d4b93bfa606e6be044760','217226-2020-07'),(631,'2020-08-01 00:00:00.000000','Dhanyavad To Doctors','CM','3','5','0','In collaboration with Rotaract Club Of SAOE, RID 3132','https://www.instagram.com/rotaractclubofpanvelelite/','f03bf3a5568d4b93bfa606e6be044760','217226-2020-07'),(632,'2020-07-08 00:00:00.000000','Awareness Event','CM','0','5','0','Awareness on World Population Day','https://www.instagram.com/tv/CCfyMGnAEcs/?utm_source=ig_web_copy_link','f03bf3a5568d4b93bfa606e6be044760','217226-2020-07'),(633,'2020-07-12 00:00:00.000000','Seminar on Cyber Security','PD','12','25','0','Seminar on Cyber Security','https://www.instagram.com/rotaractclubofpanvelelite/','f03bf3a5568d4b93bfa606e6be044760','217226-2020-07'),(634,'2020-08-15 00:00:00.000000','Joint Int. P.D. Session','PD','18','72','0','Joint Int. P.D. Session on Mental Health','https://www.instagram.com/p/CCwFvwxAD-G/?utm_source=ig_web_copy_link','f03bf3a5568d4b93bfa606e6be044760','217226-2020-07'),(635,'2020-07-17 00:00:00.000000','Seminar on Justice','PD','12','20','0','Seminar on Justice','https://www.instagram.com/rotaractclubofpanvelelite/','f03bf3a5568d4b93bfa606e6be044760','217226-2020-07'),(636,'2020-07-18 00:00:00.000000','Charter Day Celebration','CS','13','48','0','Charter Day Celebration','https://www.instagram.com/p/CDklVAHgHzN/?utm_source=ig_web_copy_link','f03bf3a5568d4b93bfa606e6be044760','217226-2020-07'),(637,'2020-07-01 00:00:00.000000','Doctor Ji Dhanyawad','CM','30','8','00','Virtual Discussion with Doctors about Precautions to be taken in pandemic ','https://drive.google.com/folderview?id=1O1sJYjFjwBdbxBiPwQmHzc1rKCRknIYy','3ea408fc1d904a0c96804d8a92f077c6','215661-2020-07'),(638,'2020-07-06 00:00:00.000000','Paper Bag Event','CM','6','5','00','A Paper Bags are made By Our BODs and Distribute To Medical Shops ','https://www.instagram.com/p/CChtyTbgmM5/?igshid=150htfa7yrm89','3ea408fc1d904a0c96804d8a92f077c6','215661-2020-07'),(639,'2020-07-13 00:00:00.000000','Frame It ','CS','60','8','00','A photography Competition Was arranged by Jitesh Narkhede ans theme of photo was Nature','https://www.instagram.com/p/CCkXqUIAUJG/?igshid=1i08v1dklzrm','3ea408fc1d904a0c96804d8a92f077c6','215661-2020-07'),(640,'2020-07-25 00:00:00.000000','Online Treasure hunt ','CS','70','10','00','A treasure Hunt Competition Was arranged To increase Club Members count and To create interest among them about Rotaract Club','https://www.instagram.com/p/CDGjgQeAa6E/?igshid=1fcej0ei27ppl','3ea408fc1d904a0c96804d8a92f077c6','215661-2020-07'),(641,'2020-07-30 00:00:00.000000','Investment Awareness Program','PD','40','9','00','A program was arranged To spread awareness about share market And How To Invest in share market','https://www.instagram.com/p/CDVkIHDA9lJ/?igshid=tupjikyy1nbs','3ea408fc1d904a0c96804d8a92f077c6','215661-2020-07'),(642,'2020-07-11 00:00:00.000000','BTWC','IS','2','120','0','Presidents of Rotaract clubs of District 3131 hosted a joint ISD event. The voice of our brave doctors has been shared on YouTube','https://www.instagram.com/p/CCTe8cwgvaZ/?utm_source=ig_web_copy_link','acf8c0d4bfe149d3a9b1b48ecaa4b1ca','214097-2020-07'),(643,'2020-07-08 00:00:00.000000','A day for doctors 3.0','CM','3','0','0','The activity is all about being thankful to the doctors and appreciating them for what they are doing in this pandemic.','https://www.instagram.com/p/CCWglHzAboP/?utm_source=ig_web_copy_link','acf8c0d4bfe149d3a9b1b48ecaa4b1ca','214097-2020-07'),(644,'2020-07-10 00:00:00.000000','My Quarantine Happy Place','CS','18','6','0','The things we did in lockdown without regret and thinking about the happiest places & things which gave you relief and courage to ease it.','https://www.instagram.com/p/CCeFENOAb4J/?utm_source=ig_web_copy_link','acf8c0d4bfe149d3a9b1b48ecaa4b1ca','214097-2020-07'),(645,'2020-07-12 00:00:00.000000','Success Unlimited','PD','16','1','0','Our speaker for the day was MR. RAKESH PRAKHAR JAIN. 10 Success Mantras that he stated are definitely going to be very useful in our path of success. Collab with RC Bibewadi.','https://www.instagram.com/p/CCqoloTAUQd/?utm_source=ig_web_copy_link','acf8c0d4bfe149d3a9b1b48ecaa4b1ca','214097-2020-07'),(646,'2020-07-15 00:00:00.000000','Leading towards good mental health','IS','18','1','0','We all took with us some great piece of advice and something new we will remember throughout our lives. Successful collaboration with RC Panvel Elite','https://www.instagram.com/p/CCwFvwxAD-G/?utm_source=ig_web_copy_link','acf8c0d4bfe149d3a9b1b48ecaa4b1ca','214097-2020-07'),(647,'2020-07-19 00:00:00.000000','Nano-Gyan','CM','18','5','0','You have to comment down what you feel and what your understanding is about the word or the topic.','https://www.instagram.com/p/CC0WITwAEb-/?utm_source=ig_web_copy_link','acf8c0d4bfe149d3a9b1b48ecaa4b1ca','214097-2020-07'),(648,'2020-07-26 00:00:00.000000','Corporate Leadership','PD','14','1','0','Very informative and interesting event by Mr. Ajay Hiraskar, in collab with RC Pune Warje','https://www.instagram.com/p/CDSlivJgM-u/?utm_source=ig_web_copy_link','acf8c0d4bfe149d3a9b1b48ecaa4b1ca','214097-2020-07');
/*!40000 ALTER TABLE `SecReport_event` ENABLE KEYS */;
UNLOCK TABLES;

--
-- Table structure for table `SecReport_futureevent`
--

DROP TABLE IF EXISTS `SecReport_futureevent`;
/*!40101 SET @saved_cs_client     = @@character_set_client */;
/*!40101 SET character_set_client = utf8 */;
CREATE TABLE `SecReport_futureevent` (
  `id` int(11) NOT NULL AUTO_INCREMENT,
  `futureEvent0` datetime(6) DEFAULT NULL,
  `futureEvent1` varchar(35) NOT NULL,
  `futureEvent2` varchar(700) NOT NULL,
  `club_id` char(32) NOT NULL,
  `reportId_id` varchar(30) NOT NULL,
  `futureEvent3` varchar(3) NOT NULL,
  PRIMARY KEY (`id`),
  KEY `SecReport_futureevent_club_id_243d66bc_fk_Auth_account_id` (`club_id`),
  KEY `SecReport_futureeven_reportId_id_47f1f9b4_fk_SecReport` (`reportId_id`),
  CONSTRAINT `SecReport_futureeven_reportId_id_47f1f9b4_fk_SecReport` FOREIGN KEY (`reportId_id`) REFERENCES `SecReport_report` (`reportId`),
  CONSTRAINT `SecReport_futureevent_club_id_243d66bc_fk_Auth_account_id` FOREIGN KEY (`club_id`) REFERENCES `Auth_account` (`id`)
) ENGINE=InnoDB AUTO_INCREMENT=133 DEFAULT CHARSET=utf8;
/*!40101 SET character_set_client = @saved_cs_client */;

--
-- Dumping data for table `SecReport_futureevent`
--

LOCK TABLES `SecReport_futureevent` WRITE;
/*!40000 ALTER TABLE `SecReport_futureevent` DISABLE KEYS */;
INSERT INTO `SecReport_futureevent` VALUES (16,'2020-10-15 00:00:00.000000','HBV N TT ','We would vaccinate our new members with HBV N TT','ce501ebe815e46089159ac8d3216577f','89857-2020-07','CM'),(17,'2020-08-16 00:00:00.000000','Bollyquiz','Our CSD planned a fun N interesting Bollywood quiz with RC Pune Heritage','ce501ebe815e46089159ac8d3216577f','89857-2020-07','CS'),(20,'2020-08-05 00:00:00.000000','Sister club ','initiated sister club agreement with RC Hillside Nave Mumbai had joint GBM ','1f11904eeebf42878b5f338a0b1a62a6','218100-2020-07','IS'),(21,'2020-08-12 00:00:00.000000','sister club ','PD session RC KCCOE mumbai ','1f11904eeebf42878b5f338a0b1a62a6','218100-2020-07','IS'),(22,'2020-08-25 00:00:00.000000','Ganapati Idol making competition','Competition of eco friendly ganapati making and decoration ','4c29159ebcfa4d0d87c566d226213bf3','216012-2020-07','CM'),(23,'2020-08-25 00:00:00.000000','Sketch competition','Competition of making sketch of Lord Ganesha','4c29159ebcfa4d0d87c566d226213bf3','216012-2020-07','CM'),(24,'2020-08-08 00:00:00.000000','Installation ceremony','Installation ceremony of BODs','4c29159ebcfa4d0d87c566d226213bf3','216012-2020-07','CS'),(25,'2020-08-03 00:00:00.000000','Rakshabandhan','Sharing pictures of club members celebrating Rakhi.','89000d45fd5c4b168b8272453381af8a','215996-2020-07','CS'),(26,'2020-08-09 00:00:00.000000','THE VIVEKANANDA SERIES','RC PUNE WARJE hosted the event in collaboration with 8 other clubs. Chapter 2 - DISSOLVE YOUR CONFLICTS, BY DR. CHANDRASHEKAR DP','89000d45fd5c4b168b8272453381af8a','215996-2020-07','PD'),(27,'2020-08-09 00:00:00.000000','THE CHARTER DAY ','Post write-ups for all the BOD members.','89000d45fd5c4b168b8272453381af8a','215996-2020-07','CS'),(28,'2020-08-10 00:00:00.000000','Girls X Tech Design Bootcamp','We are conducting a booth camp under avenues PDD and WR in Collaboration with GirlsXtech and Canva on designing using Canva app only for girls. It is going to a free session wherein you can learn designing skills. ','e37a3c8fd097433e90fd3c0858c17ad3','215650-2020-07','PD'),(29,'2020-08-22 00:00:00.000000','Breast Cancer Awareness','We have a fundraiser project under avenues CMD and WR planned on 22nd August in regards to spreading awareness of breast cancer.','e37a3c8fd097433e90fd3c0858c17ad3','215650-2020-07','CM'),(30,'2020-08-29 00:00:00.000000','Club Installation Ceremony','We have our club installation ceremony on 29th August at 5 p.m. ','e37a3c8fd097433e90fd3c0858c17ad3','215650-2020-07','CS'),(33,'2020-08-02 00:00:00.000000','Dance Pe Chance','A Zumba session with choreographer Grusha Krishnani will be organized for the members.','fb64afba86c247ca95fd19554331a175','212790-2020-07','CS'),(34,'2020-08-09 00:00:00.000000','Intrigue Away with RCPC','A talk by the founder of Life is Art ,Tehrin Ali Shaikh, will be organized in collaboration with 4 other clubs.','fb64afba86c247ca95fd19554331a175','212790-2020-07','PD'),(35,'2020-08-02 00:00:00.000000','Celebrating Friendship Day','Friendship is the hardest thing in the world to explain. It\'s not something youlearn in school. But if you haven\'t learned the meaning of friendship, You really haven\'t learned anything.RCDPU Team celebrates the friendship day by playing virtual games together !!!','ccf827237fe7403aae549fd534692339','215185-2020-07','CS'),(36,'2020-08-20 00:00:00.000000','ECO-BAPPA','The Dream for life Foundation (NGO) presents \"Eco-Bappa\" an eco-friendly Ganesh festival celebration 2020 with the collaboration Matrix warriors org. @matrix_warriors and RCDPU.','ccf827237fe7403aae549fd534692339','215185-2020-07','CM'),(37,'2020-08-15 00:00:00.000000','Independence day','Celebrating Independence virually with all the BOD members','ccf827237fe7403aae549fd534692339','215185-2020-07','CM'),(38,'2020-08-15 00:00:00.000000','Ice breaking session','Ice breaking activities to improve club members bonding','a0a237735c3c4bb1b89d983740fa8503','215538-2020-07','CM'),(39,'2020-08-22 00:00:00.000000','IN HER WORDS','WR+PDD','3e8ce8c964564aed8e8f3459de263e98','216018-2020-07','PD'),(40,'2020-08-12 00:00:00.000000','CSD','WEEKLY CSD ACTIVITY','3e8ce8c964564aed8e8f3459de263e98','216018-2020-07','CS'),(41,'2020-08-11 00:00:00.000000','Ro-Talk Session','This event will be regarding having a balanced and healthy diet to increase our immunity.','6690b1952ff845639ef194c379bea35d','217388-2020-07','PD'),(42,'2020-08-11 00:00:00.000000','Ro-Talk Session','This event will be regarding having a balanced and healthy diet to increase our immunity.','6690b1952ff845639ef194c379bea35d','217388-2020-07','IS'),(43,'2020-08-01 00:00:00.000000','Rakhi Workshop','We conducted an eco-friendly rakhi making workshop on 1st August.','0ddac7205a31434e831a197492924663','218199-2020-07','PD'),(48,'2020-08-23 00:00:00.000000','शैली','Collaboration for a cultural exchange project .','97147f51d2404e569e41cefde4b5b095','213849-2020-07','IS'),(49,'2020-08-23 00:00:00.000000','Never have I ever','Never have I ever with a twist','961ae0426023490f8e3df663adb1629e','217270-2020-07','CS'),(50,'2020-08-09 00:00:00.000000','Charter Day Celebration','We will be celebrating 40th Charter Day of the Rotaract Club of Pimpri at our Venue, RCC Pimpri.','799910c44d554622997fa3b04588f310','7295-2020-07','CS'),(51,'2020-08-23 00:00:00.000000','Rainbow','PD session for special child.','bf43d41c50a04740a66244291fc1c7e8','214124-2020-07','CM'),(52,'2020-08-15 00:00:00.000000','Dear Soldiers','Writing letters and sending Rakhis to Soldiers posted on Indian Borders','dd124ffaac4d458bab1c07ba7eea2a08','82736-2020-07','CM'),(53,'2020-08-14 00:00:00.000000','E-DFM','An E district fellowship meet jointly hosted by RC PIONEERS. ','572fe3a6672d4b3fab0873d178badb84','217518-2020-07','CS'),(54,'2020-08-15 00:00:00.000000','Proud to Be an Indian','On the occasion on 73rd Independence Day we will be organizing a project under which we have to post our memorable Flag Hoisting in the lockdown and along with that post a thought which makes you independent in 21st century on social media.','06ce2af5cdab46c49ddcae245e21fc2b','91284-2020-07','CS'),(55,'2020-08-02 00:00:00.000000','Club Assembly','We will present our plans to our club members, District Executive Council and Parent Rotary.','f84868151e06483988da8bc582ff0488','85530-2020-07','CS'),(56,'2020-08-09 00:00:00.000000','Law for Corporate Success','Rotaract Club of Pune Mid-East along with Rotaract Club of Indira College and Rotaract Club of ENTC MCOE is here with an insightful grooming session named LAW for Corporate Success by Mrs. Snehal Sarkar. ','f84868151e06483988da8bc582ff0488','85530-2020-07','PD'),(57,'2020-08-23 00:00:00.000000','Signature Analysis','To know about your signature and rectify if change is needed. Our speaker will consult as many as possible with their signature','8986aa170b384276bca1c32cc58f207f','215090-2020-07','PD'),(58,'2020-08-26 00:00:00.000000','Women Equality Rights','The speaker on occasion of Women Equality Day will elaborate about the rights and history of the day','8986aa170b384276bca1c32cc58f207f','215090-2020-07','CM'),(59,'2020-08-15 00:00:00.000000','Shukriya-e-Watan','Appreciation of workers who serves the nation 24*7','1900411fd62348ebb5865d01a9bbe402','217268-2020-07','CM'),(60,'2020-08-23 00:00:00.000000','Fearless Talk','Discussion and vomiting out the fear in oneself ( WR INITIATIVE) ','1900411fd62348ebb5865d01a9bbe402','217268-2020-07','CM'),(61,'2020-08-02 00:00:00.000000','Friendship','virtual get together  ','afd39471e84e42bca4546127e1872e93','218133-2020-07','CS'),(62,'2020-08-15 00:00:00.000000','Independence Day','Collaboration with Parent Rotary Club for celebrating Independence Day. RRRO Event','c8540d4632614ba68079ab16526bf7c4','215167-2020-07','CS'),(63,'2020-08-08 00:00:00.000000','Game Night','Fun game night for club bonding','ac52d90d734443abb9541d877f65ec1d','90983-2020-07','CS'),(65,'2020-08-20 00:00:00.000000','Project Annapurna','In this time of a Global Pandemic.,there are people and animals who may not be privileged to get food. RCKP has planned an initiative to donate food to them individually.','7e9e23c5ba904711ab5bf9331aa15660','215663-2020-07','CM'),(66,'2020-08-02 00:00:00.000000','Paw-fi','We are planning to play Virtual Treasure Hunt with the other participating clubs. ','7e9e23c5ba904711ab5bf9331aa15660','215663-2020-07','CS'),(67,'2020-08-02 00:00:00.000000','Paw-fi','Our guest speaker, Mrs. Vijaya Tecksingani (an author, a poetess, India\'s former dart champion and an animal lover ) will share her inspiring stories and experiences with us.','7e9e23c5ba904711ab5bf9331aa15660','215663-2020-07','PD'),(68,'2020-08-01 00:00:00.000000','Online Pictionary Game','CSD Event with Online Pictionary','5502ecd454804ae0aa56c90bf961fd7d','215200-2020-07','CS'),(69,'2020-08-03 00:00:00.000000','Knot of Promise','This is an initiative on occasion of Raksha Bandhan where we posted photos of our caring brothers gifting sanitizer and masks to their sisters by promising to protect them in this ongoing pandemic.','5502ecd454804ae0aa56c90bf961fd7d','215200-2020-07','CM'),(70,'2020-08-07 00:00:00.000000','Donut Making Session','A Donut Making session to be organised','5502ecd454804ae0aa56c90bf961fd7d','215200-2020-07','PD'),(71,'2020-08-08 00:00:00.000000','Keynote with Keegan','PD session to be organised','5502ecd454804ae0aa56c90bf961fd7d','215200-2020-07','PD'),(72,'2020-08-09 00:00:00.000000','SWOT Analysis','Rtr. Akshay introduced the topic of SWOT analysis and explained its ins and outs to us. We had an instructional lecture while we wrote down our strengths and weaknesses, followed by a doubt clearing session. It was a wonderful and illuminating workshop.','730cfee2ff9e4c1b9aa68322f165b065','215992-2020-07','PD'),(73,'2020-08-09 00:00:00.000000','Bonding Session','Interaction with RC Pune Camp Next Gen and RC Interaction with RC Pune Camp Next Gen and RC Guzelayali. ISD joint meeting and CSD event.','730cfee2ff9e4c1b9aa68322f165b065','215992-2020-07','CS'),(74,'2020-08-25 00:00:00.000000','Cityzens Giving','Cityzens Giving: For Recovery, Mumbai City FC will be supporting the OSCAR Foundation and has taken up a project that will allow underprivileged and economically challenged children to continue their education amidst the COVID 19 pandemic. We have set up our crowdfunding link where everyone can get more details about this project and donate. ','730cfee2ff9e4c1b9aa68322f165b065','215992-2020-07','CM'),(75,'2020-08-12 00:00:00.000000','Happiness Webinar','PD event on happiness to discover a happy you while destressing.','730cfee2ff9e4c1b9aa68322f165b065','215992-2020-07','CM'),(76,'2020-08-09 00:00:00.000000','Friendship\'s week','This pandemic it cannot stop us from making new bonds and hence we, Rotaract club of Pune Zenith are celebrating the friendships week from 3rd August 2020 to 9th August 2020 with 7 different clubs from India and abroad - 7 days of fun filling with talks, joint e-meetings, ice breaker games and much more.','36cfbc4e2ccc48d4a51335f7899aafcd','217271-2020-07','IS'),(77,'2020-08-12 00:00:00.000000','Decoding job via LinkedIn','Decoding job via LinkedIn - Speaker : Mr. Gaurav Ghewade,  Date : 12th August ,2020 (Wednesday), Time : 6pm-7pm Platform : Zoom Meeting','36cfbc4e2ccc48d4a51335f7899aafcd','217271-2020-07','PD'),(78,'2020-08-14 00:00:00.000000','Share Marketing session','Share Marketing session by Rotaland.','36cfbc4e2ccc48d4a51335f7899aafcd','217271-2020-07','PD'),(79,'2020-09-01 00:00:00.000000','Motivational Talk','An address by reputed motivational speaker','4e36f62a5b8e434f8c70337015aee459','214399-2020-07','PD'),(80,'2020-08-02 00:00:00.000000','Funky Friday - Dumb Charades','Game night for Rotaracters','4e36f62a5b8e434f8c70337015aee459','214399-2020-07','CS'),(81,NULL,'Nexus 5.0','Nexus 5.0 is an PDD intiative and the topic is going to be Entreprenuership development.','ed5fc573f8494f9fa8705076e1c0eaf4','91876-2020-07','PD'),(82,'2020-08-22 00:00:00.000000','Shivanshu 2.0','This is our Flagship event wherein we spread awareness about how to celebrate Ganpati Festival in a Eco- friendly manner. Along with awareness we also sell Ganpati Murtis and collect donation which is later on given for a cause.','59de4d891e8742be959eccf7e43a73dc','217239-2020-07','CM'),(83,'2020-08-03 00:00:00.000000','A knot of Promise','In Collaboration with RC DYPIEMR, RID 3131, About the Event: Taking the picture with your brother & upload on instagram','8e4977ea3a674ac19c63eb746a75af25','218244-2020-07','CM'),(84,'2020-08-07 00:00:00.000000','Donut Making Session','In Collaboration with RC MITCON, RID 3131, webinar on how to make donut','8e4977ea3a674ac19c63eb746a75af25','218244-2020-07','PD'),(85,'2020-08-08 00:00:00.000000','Keynotes with Keegan','Virtual Webinar on the journey of Creative head Mr. Keegan Pereira','8e4977ea3a674ac19c63eb746a75af25','218244-2020-07','PD'),(86,'2020-08-12 00:00:00.000000','Decoding job via Linkedin','In collaboration with RC MITCON, RID 3131, Webinar by Mr. Gaurav Ghewade on Linkedin','8e4977ea3a674ac19c63eb746a75af25','218244-2020-07','PD'),(87,'2020-08-13 00:00:00.000000','Redesign your Life','In collaboration with RC Kalyaninagar, RID 3131, PD session by Vedanta Academy on how to handle life challenges','8e4977ea3a674ac19c63eb746a75af25','218244-2020-07','PD'),(88,'2020-08-13 00:00:00.000000','Sankalp Taru','In Collaboration with RC CIIT, RID 3291, About the event: Clicking a picture while planting a sampling','8e4977ea3a674ac19c63eb746a75af25','218244-2020-07','CM'),(89,'2020-08-02 00:00:00.000000','Aabhar','In collaboration with RC Silvercity Mohali, RID 3080, About the event: Thanking your Rotaract leader via message or video','8e4977ea3a674ac19c63eb746a75af25','218244-2020-07','PD'),(90,'2020-08-09 00:00:00.000000','dissolve your conflicts ','pd session on the topic - dissolve your conflicts ','87f944413a5c4fa980b92530548ce2aa','45125-2020-07','PD'),(91,'2020-08-08 00:00:00.000000','Keynotes and keyGan','Mr. Keegan pereira will be the speaker of this event and will share his journey of being a script writer to became a creative director., in collaboration with 17 clubs this event will be followed by CSD ice breaker event.','9372373310d5404fb0d616b5c91dc4f1','215769-2020-07','PD'),(92,'2020-08-19 00:00:00.000000','Photography session','Basics of DSLR and much more by speaker Shraddha Mutha.','9372373310d5404fb0d616b5c91dc4f1','215769-2020-07','PD'),(93,'2020-08-22 00:00:00.000000','Cultural Exchange','On occasion of Ganesh Charturthi ','9372373310d5404fb0d616b5c91dc4f1','215769-2020-07','IS'),(94,'2020-08-30 00:00:00.000000','Badlapur - The dare Game','A GBM followed by a hunt game on whatsapp application','9372373310d5404fb0d616b5c91dc4f1','215769-2020-07','CS'),(95,'2020-08-22 00:00:00.000000','GajDrishti','Drawing Competition during Ganpati festival','af76c8d5d3a1468c9a816c00f9d181b2','214181-2020-07','IS'),(96,'2020-08-20 00:00:00.000000','Faculty - Exchange Programme','We are planning to have a faculty exchange program in 4th week of august with other countries.','a8e59bdc667146b1b4926a1386d34a20','212752-2020-07','IS'),(97,'2020-08-15 00:00:00.000000','Independence Day celebration ','Celebrating IndependenceDay online','79a90852a17f4b58a644b5fa561a0ce3','218034-2020-07','CS'),(98,'2020-08-15 00:00:00.000000','Independence day','Independence day celebration','305a0e24b2ce4cd0b395770f1bae6b6f','7303-2020-07','CS'),(99,'2020-01-08 00:00:00.000000','RAKHI EVENT','HANDMADE RAKHI EVENT','59d0123bd01f4530a6face34ab581fcd','89276-2020-07','CS'),(100,'2020-08-08 00:00:00.000000','Effictive Communication Skills','Session on communication skills','ec83115d4968402fae02a3e58b5479d7','218200-2020-07','PD'),(101,'2020-08-23 00:00:00.000000','Tasveer','Photography Competition','1767b5c5fb96462fb17c0d13d7233e24','214764-2020-07','IS'),(102,'2020-08-29 00:00:00.000000','Live with Vahbiz','On the ocassion of National Sports day we will be organizing an interactive session with the Captain of the Indian Women\'s Rugby Team. ','1767b5c5fb96462fb17c0d13d7233e24','214764-2020-07','PD'),(103,'2020-08-22 00:00:00.000000','SAGA','An LGBTQ PD Session ','1767b5c5fb96462fb17c0d13d7233e24','214764-2020-07','PD'),(104,'2020-08-28 00:00:00.000000','Nach Le','Dance Sitting Choreography Workshop By Rtr Harshada Shinde ','1767b5c5fb96462fb17c0d13d7233e24','214764-2020-07','PD'),(105,'2020-08-16 00:00:00.000000','RTR: RISE THROUGH ROTARACT','Rotaract Club of Pune Camp Pioneers and RC Indira College will be hosting the E-DFM this year wherein a lot of fun and entertaining events have been organised for all the rotaractors of RID 3131 to foster fellowship and help the rotaractors increase their network and make long lasting bonds with each other','d91f2c8cf87d4c8d9c9d824946039399','218252-2020-07','CS'),(106,'2020-08-19 00:00:00.000000','World Photography Day','On the occassion of World Photography Day, rotaractors will be asked to click and share a picture and share the story behind that picture or share why that picture is dear to them','d91f2c8cf87d4c8d9c9d824946039399','218252-2020-07','CS'),(107,'2020-08-19 00:00:00.000000','World Humanitarian Day','On the occassion of World Humanitarian Day, posters will be put up on all our social media accounts of individuals who have lost their lives while serving the community in order to raise awareness about them.','d91f2c8cf87d4c8d9c9d824946039399','218252-2020-07','CM'),(108,'2020-08-03 00:00:00.000000','Rakshabandhan with Police Force.','Tying of homemade Rakhis and exchange of handmade greeting cards to the Police force to thank them for their service in pandemic times on the occasion of Rakshabandan.','6a296ab4de49466885f1d9cd1c36f39b','217310-2020-07','CM'),(109,'2020-08-08 00:00:00.000000','Rotaract Colloquium 1.0, Webinar 1.','Topic: India V/s China, the race to be the Vishwaguru. Speaker: Mr. Aditya Lele','6a296ab4de49466885f1d9cd1c36f39b','217310-2020-07','PD'),(110,'2020-08-13 00:00:00.000000','Rotaract Colloquium 1.0, Webinar 2.','Topic: Kick-start your fitness journey. Speaker: Ms. Vaibhavi Kamath','6a296ab4de49466885f1d9cd1c36f39b','217310-2020-07','PD'),(111,'2020-07-23 00:00:00.000000','Club assembly','Virtual club assembly','c3e1578a68134694b76fe8d8137a8f5c','216452-2020-07','CS'),(113,'2020-08-22 00:00:00.000000','Ganpati Festival Celebration','Common Aarti, small workshop','c202c087a1704a618fb7a1a9b82c93bc','214094-2020-07','CS'),(114,'2020-08-02 00:00:00.000000','Friendship day celebration','Friendship day celebration among members and Parent club by exchange of spalings','cfb916abf45e43bfa2d7583b2ea16208','214609-2020-07','CS'),(115,'2020-08-03 00:00:00.000000','Rakshabandhan Celebration','Celebrated Rakshabandhan with our Police officers by tying them rakhi and distributing masks','cfb916abf45e43bfa2d7583b2ea16208','214609-2020-07','CM'),(116,'2020-08-09 00:00:00.000000','Hiroshima  Nagasaki Day','An online session','0ebff91b144d4397a7b532a61696f6a7','217256-2020-07','PD'),(117,'2020-08-21 00:00:00.000000','Photography  day','Competition','0ebff91b144d4397a7b532a61696f6a7','217256-2020-07','IS'),(118,'2020-08-22 00:00:00.000000','Greenesha','Awareness on Eco Friendly Ganesh Festival','b9cee8bdfb2c414db184c3c9aeebb8dd','91641-2020-07','CM'),(119,'2020-08-24 00:00:00.000000','Majha Gharcha Ganpati','Attending memebers Ganesh Aarti through virtual platform','b9cee8bdfb2c414db184c3c9aeebb8dd','91641-2020-07','CS'),(120,'2020-08-15 00:00:00.000000','FEED THE NEED','Donate the Needy blind children school grains/ needy people','c06da831c6304b8bad6e7a5fa5ff9c53','214473-2020-07','CM'),(121,'2020-08-18 00:00:00.000000','Recruitment','We are starting new recruitment for our club from 18 August.','1782bde2075547ac88c84c1f1083a4c6','70787-2020-07','CS'),(122,'2020-08-22 00:00:00.000000','Green Ganesh Think Tank','A week-long collaboration with Rotaray Club of Pune, Kalyani Nagar, this event aims to celebrate the festival in an environmental friendly manner and promote Environment conservation','165e6750b26249a78ac3c7d8895e7e77','217454-2020-07','CM'),(123,'2020-08-27 00:00:00.000000','E-RYLA','Youth Leadership Awards that help develop leadership skills ','165e6750b26249a78ac3c7d8895e7e77','217454-2020-07','IS'),(124,'2020-08-27 00:00:00.000000','E-RYLA','Youth Leadership Awards that help develop leadership skills ','165e6750b26249a78ac3c7d8895e7e77','217454-2020-07','PD'),(125,'2020-08-15 00:00:00.000000','15 August Celebration','The rotaractors will be engaged in celebrating the auspicious day with policemens ','db1308ebb33b4935a82bbea31a066a22','213166-2020-07','CM'),(126,'2020-08-19 00:00:00.000000','world humanatarian day','introduce the unknown heroes; who works for the society.','67e4cb7bc089491b922c56974fa29cd0','217267-2020-07','IS'),(127,'2020-08-03 00:00:00.000000','Thread of Bond','Share your memory with your siblings that reflects your bond ','866515193b8640f7a794a9819b785ccf','215402-2020-07','CS'),(129,'2020-08-23 00:00:00.000000','Signature analysis','Learning to decode personalities and behaviors of people','62b707f26840436b8787087a60a6985f','69048-2020-07','PD'),(130,'2020-08-01 00:00:00.000000','-','-','f03bf3a5568d4b93bfa606e6be044760','217226-2020-07','CM'),(131,'2020-08-26 00:00:00.000000','Women\'s Equality Day','We will Post Feed on instagram showing All Ladies who represent Our Nation and Information and journey of their life','3ea408fc1d904a0c96804d8a92f077c6','215661-2020-07','CM'),(132,'2020-08-09 00:00:00.000000','Sukhaharta','Eco-Friendly Ganesh Idol making workshop','acf8c0d4bfe149d3a9b1b48ecaa4b1ca','214097-2020-07','CM');
/*!40000 ALTER TABLE `SecReport_futureevent` ENABLE KEYS */;
UNLOCK TABLES;

--
-- Table structure for table `SecReport_gbm`
--

DROP TABLE IF EXISTS `SecReport_gbm`;
/*!40101 SET @saved_cs_client     = @@character_set_client */;
/*!40101 SET character_set_client = utf8 */;
CREATE TABLE `SecReport_gbm` (
  `id` int(11) NOT NULL AUTO_INCREMENT,
  `gbm1` datetime(6) DEFAULT NULL,
  `gbm3` tinyint(1) NOT NULL,
  `gbm4` tinyint(1) NOT NULL,
  `gbm2` varchar(700) NOT NULL,
  `club_id` char(32) NOT NULL,
  `reportId_id` varchar(30) NOT NULL,
  `gbm5` varchar(4) NOT NULL,
  `gbm0` varchar(2) NOT NULL,
  PRIMARY KEY (`id`),
  KEY `SecReport_gbm_club_id_ae39df28_fk_Auth_account_id` (`club_id`),
  KEY `SecReport_gbm_reportId_id_b496937c_fk_SecReport_report_reportId` (`reportId_id`),
  CONSTRAINT `SecReport_gbm_club_id_ae39df28_fk_Auth_account_id` FOREIGN KEY (`club_id`) REFERENCES `Auth_account` (`id`),
  CONSTRAINT `SecReport_gbm_reportId_id_b496937c_fk_SecReport_report_reportId` FOREIGN KEY (`reportId_id`) REFERENCES `SecReport_report` (`reportId`)
) ENGINE=InnoDB AUTO_INCREMENT=142 DEFAULT CHARSET=utf8;
/*!40101 SET character_set_client = @saved_cs_client */;

--
-- Dumping data for table `SecReport_gbm`
--

LOCK TABLES `SecReport_gbm` WRITE;
/*!40000 ALTER TABLE `SecReport_gbm` DISABLE KEYS */;
INSERT INTO `SecReport_gbm` VALUES (17,'2020-07-27 00:00:00.000000',0,0,'Discussion about future events','ce501ebe815e46089159ac8d3216577f','89857-2020-07','18','1'),(20,'2020-07-19 00:00:00.000000',0,0,'Discussion on DFM, Agreements Orientation and ice breaker session hosted by Rtr Riya Gupta ','1f11904eeebf42878b5f338a0b1a62a6','218100-2020-07','13','1'),(21,NULL,0,0,'-','4c29159ebcfa4d0d87c566d226213bf3','216012-2020-07','0','0'),(22,NULL,0,0,'-','89000d45fd5c4b168b8272453381af8a','215996-2020-07','0','0'),(23,'2020-07-16 00:00:00.000000',0,0,'Short briefing about \"What is Rotaract?\" by our President Rtr. Ishwari Dawkhar for new Rotaract members, Ice-breaking session ( Club Bonding Activity ).','e37a3c8fd097433e90fd3c0858c17ad3','215650-2020-07','45','1'),(24,'2020-07-28 00:00:00.000000',0,0,'Discussion of better PR strategies by our club PRO Rtr. Parikshit Raje, Planning of the events and appointment of event chairpersons., Monthly review in short','e37a3c8fd097433e90fd3c0858c17ad3','215650-2020-07','23','2'),(27,'2020-07-03 00:00:00.000000',1,0,'GBM - President Rtr. Jeevisha Rana explained the concept of Rotaract and the club by laws to the prospective and new members as well as the general body members. Theme for the R.I.Y 2020-21 for RCPC revealed by President Rtr. Jeevisha Rana.','fb64afba86c247ca95fd19554331a175','212790-2020-07','41','1'),(28,'2020-07-12 00:00:00.000000',0,0,'Product Hype - This project was conducted under the PD avenue and based on the concept of Shark Tank, where 11 teams participated to pitch their products to a panel of jury members. At the end of the session 3 of the teams were declared winners.','fb64afba86c247ca95fd19554331a175','212790-2020-07','50','2'),(29,'2020-07-19 00:00:00.000000',0,0,'FunkyKona - A dabba painting session was organised under the CSD avenue. The session was conducted by Alifiya Haideri. At the end of the session members showcased their creations.','fb64afba86c247ca95fd19554331a175','212790-2020-07','29','3'),(30,'2020-07-26 00:00:00.000000',0,0,'FactItOut and Mask Making - These activities were conducted under the CMD avenue. Rtr. Suparna Sahajwalla explained the importance of fact checking from unbiased sources and gave a few recent examples of viral false news followed by questions from the members. Rtr. Zainab Kapasi taught the members how to make three layered cotton face masks using materials found at home.','fb64afba86c247ca95fd19554331a175','212790-2020-07','37','4'),(31,'2020-07-22 00:00:00.000000',0,0,'to plan about upcoming events','ccf827237fe7403aae549fd534692339','215185-2020-07','11','1'),(32,'2020-08-24 00:00:00.000000',0,0,'to plan event on kargil divas','ccf827237fe7403aae549fd534692339','215185-2020-07','13','2'),(33,'2020-07-27 00:00:00.000000',0,0,'to plan  about World Conservation Day','ccf827237fe7403aae549fd534692339','215185-2020-07','13','3'),(34,'2020-07-11 00:00:00.000000',1,1,'DIscussion of club by-laws, dues, budget, upcoming events,dues, signatories, cash-in-hand','a0a237735c3c4bb1b89d983740fa8503','215538-2020-07','21','1'),(35,'2020-07-22 00:00:00.000000',0,0,'IN HER WORS AND SISTER CLUB EVENT DISCUSSION ','3e8ce8c964564aed8e8f3459de263e98','216018-2020-07','13','01'),(36,'2020-07-29 00:00:00.000000',0,0,'UPCOMING EVENTS DISCUSSION','3e8ce8c964564aed8e8f3459de263e98','216018-2020-07','11','2'),(37,'2020-07-21 00:00:00.000000',0,0,'Ice breaker event ','6690b1952ff845639ef194c379bea35d','217388-2020-07','0','1'),(39,'2020-07-12 00:00:00.000000',0,0,'Never Have I Ever Bonding Session','0ddac7205a31434e831a197492924663','218199-2020-07','19','1'),(40,'2020-07-15 00:00:00.000000',0,0,'Art Workshop and Joint Meeting with Rotaract Clubs of Global Youth, Camp Next Gen and Pune\'s Yuva','0ddac7205a31434e831a197492924663','218199-2020-07','65','2'),(41,'2020-07-17 00:00:00.000000',0,0,'PD session on International Law and Justice with 8 clubs from different districts','0ddac7205a31434e831a197492924663','218199-2020-07','76','3'),(47,'2020-07-06 00:00:00.000000',0,0,'GBM- 06/07/2020 • Meeting call to order • National anthem and four way test • Upcoming installation specifications • Game • Meeting Adjourned','97147f51d2404e569e41cefde4b5b095','213849-2020-07','16','1'),(48,'2020-07-26 00:00:00.000000',1,0,'Joint Meeting with Rotaract Club Of Bahauddin Zakariya University Multan• Call to order • National anthems  • Four way test • Introduction of members from both clubs  • Discussion on street food, Bollywood and festivals • Meeting adjourned','97147f51d2404e569e41cefde4b5b095','213849-2020-07','30','2'),(50,'2020-07-26 00:00:00.000000',0,0,'1. Introduction 2. Introduction about district events 3. Best member criteria announcement','961ae0426023490f8e3df663adb1629e','217270-2020-07','26','1'),(51,'2020-07-11 00:00:00.000000',0,0,'1. Introduction of new Members, 2. Introduction about Rotaract, Rotary and Club History, 3. Club Bonding Activity, 4. Remarks by Rotarians,','799910c44d554622997fa3b04588f310','7295-2020-07','22','1'),(52,NULL,0,0,'-','bf43d41c50a04740a66244291fc1c7e8','214124-2020-07','0','0'),(53,'2020-07-12 00:00:00.000000',1,0,'1. PD session and Joint meeting with RC Panvel Central. 2. Discussion on upcoming events and meetings','dd124ffaac4d458bab1c07ba7eea2a08','82736-2020-07','17','1'),(54,'2020-07-19 00:00:00.000000',1,0,'Induction of new members, Fees Discussion','dd124ffaac4d458bab1c07ba7eea2a08','82736-2020-07','15','2'),(55,'2020-07-26 00:00:00.000000',1,0,'PD session, Joint meeting with SAOE and DYPIEMR','dd124ffaac4d458bab1c07ba7eea2a08','82736-2020-07','70','3'),(56,'2020-07-01 00:00:00.000000',0,0,'Introduction of members initiative \"Kadam\" and introduction of new Board of directors.','572fe3a6672d4b3fab0873d178badb84','217518-2020-07','33','1'),(57,'2020-07-18 00:00:00.000000',0,0,'Installation ceremony. ','572fe3a6672d4b3fab0873d178badb84','217518-2020-07','62','2'),(58,'2020-07-23 00:00:00.000000',0,0,'\"Being broke is no joke\" PD session.','572fe3a6672d4b3fab0873d178badb84','217518-2020-07','120','3'),(59,'2020-07-24 00:00:00.000000',0,0,'Rotary club of Pune, baner Savan festival meet ( A virtual session hosted by parent rotary club regarding detailed information of all maharashtrian savan festivals).','572fe3a6672d4b3fab0873d178badb84','217518-2020-07','24','4'),(60,'2020-07-27 00:00:00.000000',0,0,'ISD collaboration meeting with Rotaract club of Aurangabad. ','572fe3a6672d4b3fab0873d178badb84','217518-2020-07','22','5'),(61,'2020-07-30 00:00:00.000000',0,0,'Presented all the expenditures done for july month, congratulated the active BOD\'s and members of the month for there active participation and initiatives. ','572fe3a6672d4b3fab0873d178badb84','217518-2020-07','28','6'),(62,'2020-07-12 00:00:00.000000',0,0,'1) Discussion on last Parent Rotary Meeting with club members and the agenda of the meeting was general introduction with parent rotary and rotaract president and secretary . 2) Discussion on upcoming CSD event was held on 13th-14th July with RC Pune Prestine.  3) Discussion on upcoming projects with avenue directors.','06ce2af5cdab46c49ddcae245e21fc2b','91284-2020-07','18','1'),(63,'2020-07-21 00:00:00.000000',0,0,'1) Joint meeting along Rotaract Club of Khopoli with introduction of all the members. 2)  Introduction to the basics of rotaract and work of all the Board of Directors. 3) Vote of thanks by Vice presidents of both the clubs.  ','06ce2af5cdab46c49ddcae245e21fc2b','91284-2020-07','11','2'),(64,'2020-07-22 00:00:00.000000',0,0,'1) Discussion on the first zonal event 3rd of August on Rakshabandhan which is hosted by Rotaract Club of Laxmi College of Optometry','06ce2af5cdab46c49ddcae245e21fc2b','91284-2020-07','10','3'),(66,'2020-07-11 00:00:00.000000',0,0,'The main agenda of the General Body Meeting was to get to know the club members and create a bond in between members. We conducted an online yoga session - ASHTANG VINYASA followed by an interactive session along with members in which members including prospective introduced themselves. 43 members including 22 Board of Directors, 8 Members, 10 Prospective Members and 3 members from District Executive Council attended the meeting.','f84868151e06483988da8bc582ff0488','85530-2020-07','43','1'),(67,'2020-07-18 00:00:00.000000',0,0,'We conducted a joint meeting with Rotaract Club of Global Youth (Zone 3). Main motive of the meeting was to strengthen the bond in between two clubs so we organized a event named OOPSIE Housie where in club members from both clubs actively participated and had a fun time. Total 31 members from RC Pune Mid-East attended the meeting which consisted of 11 Board of Directors, 8 Members and 12 Prospective Members. 20 Members from RC Global Youth attended the meeting. 3 prospective members, Neha Deshmane, Ayushi Mehta and Prajakta Shah got inducted as official member of Rotaract Clubt of Pune Mid-East. We also signed match club agreement with them.','f84868151e06483988da8bc582ff0488','85530-2020-07','51','2'),(68,'2020-07-25 00:00:00.000000',0,0,'In this general body meeting, main agenda was Club Orientation. District Zonal Representative (Zone 6) Rtr. Meet Shah, Assistant Zonal Representative (Zone 6) Rtr. Riya Gupta and District Rotary-Rotaract Relationship Officer Rtr. Karishma Awari provided insightful presentation about Rotaract and its functioning. Total 61 members attended the meeting in which 19 Board of Directors, 21 Members -and 21 Prospective Members were present along with 2 members from District Executive Council. 3 Prospective Members Aksher Jain,, Neha Kulkarni and Yogesh Shaligram were inducted as Members of Rotaract Club of Pune Mid-East.','f84868151e06483988da8bc582ff0488','85530-2020-07','67','3'),(69,'2020-07-06 00:00:00.000000',0,0,'Ice-breaking session','8986aa170b384276bca1c32cc58f207f','215090-2020-07','18','1'),(70,'2020-07-26 00:00:00.000000',0,0,'Theme and logo release','8986aa170b384276bca1c32cc58f207f','215090-2020-07','14','2'),(71,'2020-07-14 00:00:00.000000',1,0,'What is Rotaract?  In short,  upcoming events revealed,  welcoming of new members,  icebreaking session ','1900411fd62348ebb5865d01a9bbe402','217268-2020-07','28','01'),(72,'2020-07-11 00:00:00.000000',0,0,'Discussion on Plan for future & announcement of BOD\'s ','afd39471e84e42bca4546127e1872e93','218133-2020-07','12','1'),(73,'2020-07-15 00:00:00.000000',0,0,'Further CSD, CMD, PDD Events Disicussion, Membership Form Details, FundCorps discussion','c8540d4632614ba68079ab16526bf7c4','215167-2020-07','18','1'),(74,'2020-07-19 00:00:00.000000',0,0,'Ice Breaker/Orientation Session','ac52d90d734443abb9541d877f65ec1d','90983-2020-07','30','1'),(75,'2020-07-25 00:00:00.000000',0,0,'Installation Ceremony','ac52d90d734443abb9541d877f65ec1d','90983-2020-07','60','2'),(79,'2020-07-11 00:00:00.000000',0,0,'✅ Meeting addressed & charge handover ceremony by Rtr. Kritika Popli. ✅ Acceptance of the new responsibility by the New BOD.  ✅ Discuss for new ideas under CMD by Rtr. Aditya Joshi & Rtr. Ronit Chamadia.  ✅ Finalise and execute towards the club theme by Rtr. Vedant Jalan .  ✅ Finalise and Order for Club Badges by Rtr. Vedant Jalan  .   ✅ Club Dues Discussion.','7e9e23c5ba904711ab5bf9331aa15660','215663-2020-07','21','1'),(80,'2020-07-26 00:00:00.000000',0,0,'✅Meeting addressed by Rtr. Vedant Jalan.   ✅ Induction of New Members to the club by Rtr. Abhishek Gautam.  ✅ Progress and Updation of BOD\'s and discuss about the website creation and appointment letters by Core Team.  ✅Discuss about the PDD Project on the ocassion of Friendship Day 02nd Aug by Rtr. Mallika Hattarki.  ✅ Discuss about the CSD Activity Scavenger Hunt for 02nd Aug by Rtr. Anindita Mukerjee & Rtr. Ronit Chamadia.   ✅ Surprise Video by Rtr. Muskaan Khan & Rtr. Krishnna Sarddah.','7e9e23c5ba904711ab5bf9331aa15660','215663-2020-07','20','3'),(81,'2020-07-25 00:00:00.000000',0,0,'As most of the BODs were unable to attend the GBM, Meeting was postponed to 1st August','5502ecd454804ae0aa56c90bf961fd7d','215200-2020-07','06','01'),(82,'2020-08-19 00:00:00.000000',0,0,'Club interaction and  general Rotaract awareness.','730cfee2ff9e4c1b9aa68322f165b065','215992-2020-07','10','1'),(83,'2020-07-06 00:00:00.000000',0,0,'Charge Handover Ceremony - Charter President Rtr.Aishwarya Khade passed on the Presidential Collar to Rtr. Manas Yeole. Induction of new members.','36cfbc4e2ccc48d4a51335f7899aafcd','217271-2020-07','21','1'),(84,'2020-07-26 00:00:00.000000',0,0,'1)Ice breakers session for club members. 2)Vighnaharta event details. 3)Discussion on PR event.','36cfbc4e2ccc48d4a51335f7899aafcd','217271-2020-07','17','2'),(85,'2020-07-23 00:00:00.000000',0,0,'Funky Friday - Housie','4e36f62a5b8e434f8c70337015aee459','214399-2020-07','25','1'),(86,'2020-07-11 00:00:00.000000',0,0,'Abhivyakti and future projects','4e36f62a5b8e434f8c70337015aee459','214399-2020-07','20','2'),(87,'2020-07-02 00:00:00.000000',0,0,'02/07/20  The meeting started at 8:30 pm. it was attended by 35 members from the club including 10 prospectives.  The event started with the following agenda. -Introduction of President/Secretary followed by BODs and the Members.  -Introduction of Rotaract in PPT  format.  -Description of BODs and their roles and responsibilities.  -How prospectives can climb the ladder of success in rotaract.  -A brief intro of RIY 2020-21.  - Pres/ Sec answered basic doubts and ques about rotaract and Rc aundh . - Followed by some informal chats at the end of the meeting.','ed5fc573f8494f9fa8705076e1c0eaf4','91876-2020-07','35','1'),(88,NULL,0,0,'-','59de4d891e8742be959eccf7e43a73dc','217239-2020-07','0','0'),(89,'2020-07-31 00:00:00.000000',0,0,'Welcoming of new members. Discussion on: structure of Rotaract, New changes in Rotaract, task given to the new members, orientation of new members, upcoming events, membership fees & district dues, club bulletin, importance of attendance, international collabs & Annoucement of Rotaracter of the month','8e4977ea3a674ac19c63eb746a75af25','218244-2020-07','53','1'),(90,'2020-06-30 00:00:00.000000',0,0,'We conducted the handover ceremony for RIY 2020-21 . Rtr Alisha gave her outgoing speech and handed over the club authorities to the upcoming president Rtr Siddhi .','87f944413a5c4fa980b92530548ce2aa','45125-2020-07','13','1'),(92,'2020-07-17 00:00:00.000000',0,0,'9.30pm : Collaring 9.31pm : call to order 9.32pm: national Anthem 9.33pm : 4 way test 9.35pm : Address by President and BOD 9.50pm : Introduction of GBM 10.10pm : Meeting handed over to CSD and PRO for Activity 10.25pm : Secretarial announcement 10:28pm : Forum Open  10:30pm : Vote of Thanks by VP  10.35pm : Adjournment','9372373310d5404fb0d616b5c91dc4f1','215769-2020-07','39','01'),(93,'2020-07-12 00:00:00.000000',0,0,'Paper Bag Making session by our CMD Rtr. Sanika Relekar jointly with Rc Pune\'s Yuva on the occasion of Paper Bag Day.','af76c8d5d3a1468c9a816c00f9d181b2','214181-2020-07','25','1'),(94,'2020-07-19 00:00:00.000000',0,0,'Introduction of BODs and New Members by conducting Ice Breaking Session by CSD Rtr. Vikrant and \"What is Rotaract\" session by club trainer PP Rtr. Adv Sayali Dudhane','af76c8d5d3a1468c9a816c00f9d181b2','214181-2020-07','26','2'),(95,NULL,0,0,'-','a8e59bdc667146b1b4926a1386d34a20','212752-2020-07','0','0'),(96,'2020-07-09 00:00:00.000000',0,0,'Introduction of BoD\'s, introduction of club','79a90852a17f4b58a644b5fa561a0ce3','218034-2020-07','47','3'),(97,'2020-07-19 00:00:00.000000',1,0,'Passing of bylaws, recap of month','79a90852a17f4b58a644b5fa561a0ce3','218034-2020-07','63','4'),(98,'2020-06-22 00:00:00.000000',0,0,'Club installation, club orientation','79a90852a17f4b58a644b5fa561a0ce3','218034-2020-07','70','1'),(99,'2020-07-12 00:00:00.000000',0,0,'Discussion about upcoming projects and Installation ceremony. ','305a0e24b2ce4cd0b395770f1bae6b6f','7303-2020-07','19','1'),(100,'2020-07-26 00:00:00.000000',1,0,'Discussion about Bylaws & Session on Rotaract & Journey to Rotary with parent club','305a0e24b2ce4cd0b395770f1bae6b6f','7303-2020-07','20','2'),(102,'2020-07-06 00:00:00.000000',0,0,'DISCUSSION ON INSTALLATION AND WORLD POPULATION DAY','59d0123bd01f4530a6face34ab581fcd','89276-2020-07','81','1'),(103,'2020-07-03 00:00:00.000000',0,0,'Introducing Rotaract to new members','ec83115d4968402fae02a3e58b5479d7','218200-2020-07','20','1'),(104,'2020-07-10 00:00:00.000000',0,0,'Upcoming events 8 days 8 fun events','ec83115d4968402fae02a3e58b5479d7','218200-2020-07','16','2'),(105,'2020-07-18 00:00:00.000000',0,0,'About BOD Post application','ec83115d4968402fae02a3e58b5479d7','218200-2020-07','17','3'),(106,'2020-07-15 00:00:00.000000',0,0,'Art Workshop by Rtr Prachi Deshmukh a joint meeting with RC Pune Renaissance, RC Pune Camp Next Gen and RC Pune\'s Yuva. The meeting commenced at 7:05 Pm meeting called to order followed by National Anthems, Four way tests, introduction of speaker, takeover by workshop artist, Vote of Thanks followed by Secretarial Announcements and Meeting adjourned at 9:07 PM. Members from RCGY 10.   ','1767b5c5fb96462fb17c0d13d7233e24','214764-2020-07','26','1'),(107,'2020-07-18 00:00:00.000000',0,0,'Online Oopsie Housie conducted by Rtr Tanya Kukade a joint CSD Event followed by Joint meeting with RC Pune Mid-East. Meeting called to order at 3:45 PM followed by National anthems, announcement of agenda, Induction of new members of RC Mid east. Followed by Secretarial announcements, Vote of thanks and meeting adjourned at 5:11PM. Attended by 21 members from RCGY and 27 from Mid-East Club. ','1767b5c5fb96462fb17c0d13d7233e24','214764-2020-07','48','2'),(108,'2020-07-23 00:00:00.000000',0,0,'Maizaan a PD session organized by RC Global Youth followed by a joint meeting with RC Humanitas and RC Camp Horizon. The meeting commenced at 6:40 PM followed by the National Anthem and 4 way test, introduction of the speaker and event. Resource person Mrs Itu Chandak (Psychlarity Kolkata). Secretarial announcements and meeting adjourned at 7:57 PM. Attended by 9 members from RCGY.','1767b5c5fb96462fb17c0d13d7233e24','214764-2020-07','52','3'),(109,'2020-07-30 00:00:00.000000',0,0,'Amigos - A Club CSD event followed by a meeting to introduce members and getting to know them better. Meeting commenced at 9:04 PM followed by the National Anthem, 4 way test, event by Club CSDs, Secretarial Announcements and meeting adjourned at 10:24 PM.','1767b5c5fb96462fb17c0d13d7233e24','214764-2020-07','17','4'),(110,'2020-07-06 00:00:00.000000',0,0,'Rotaract Business,Announcement of receival of Charter Certificate,PETS-SETS Feedback,Appointment of PAO through general elections,Discussion about the grievance committee and club bylaws,Idea camp discussion- CSD Event.','d91f2c8cf87d4c8d9c9d824946039399','218252-2020-07','19','1'),(111,'2020-07-18 00:00:00.000000',0,0,'Rotaract Business,Interaction with Sponsor Rotary Members and our sibling clubs through a game,Announcements of upcoming activities','d91f2c8cf87d4c8d9c9d824946039399','218252-2020-07','50','2'),(112,'2020-07-28 00:00:00.000000',0,0,'Rotaract Business,Induction of new members,Announcement of E-DFM,Nominations of Public Image Officer and World Rotaract Week Chairperson','d91f2c8cf87d4c8d9c9d824946039399','218252-2020-07','23','3'),(113,'2020-07-12 00:00:00.000000',0,0,'1) Introduction of Members & BODs, 2) Update on BOD decisions & discussions, 3) Update on Orientation,  4) Information on Project: Rotaract Colloquium 1.0,  5) Information on Jt. Project w/RC Panvel Elite: Mental Health, 6) Update on upcoming projects, 7) Discussion on Club dues, 8) Journey of Rotaract: Speakers from Past Core Council Of the Club.','6a296ab4de49466885f1d9cd1c36f39b','217310-2020-07','21','1'),(114,'2020-07-25 00:00:00.000000',0,0,'1) Update on BOD meeting decisions, 2) Brief on CMD Project: Go-Green with Ganesha, 3) Brief on Project: Rakshabandhan,  4) Appointment of the designations (Jt. ISD, Jt. PDD, WRWC).','6a296ab4de49466885f1d9cd1c36f39b','217310-2020-07','21','2'),(115,'2020-07-31 00:00:00.000000',0,0,'Joint meeting (RC GEM, RC DYPACS, RC Nasik Metro, RC Khopoli, RC SAOE): 1) Virtual Fellowship, 2) Welcome note by President Rtr. Shraddha Vaidyanathan (RC GEM), 3) Introduction of guest speaker Mr. Amit Mohite, 4) Handing over to guest for presentation, 5) Open session for questions and answers, 6) Closing statement by President and Vote of thanks by Vice President.','6a296ab4de49466885f1d9cd1c36f39b','217310-2020-07','10','3'),(116,'2020-07-06 00:00:00.000000',0,0,'1. National anthem followed by four-way test 2.discussing about upcoming events 3.addressing by IPP about roles of board of directors 4.meeting adjoint','c3e1578a68134694b76fe8d8137a8f5c','216452-2020-07','15','1'),(117,'2020-07-13 00:00:00.000000',0,0,'1. National anthem followed by four way test 2. Discussing about upcoming event that is cultural craze 3. Team alloted for event 4. last meeting minutes read by secretary  5.meeting adjoint','c3e1578a68134694b76fe8d8137a8f5c','216452-2020-07','12','2'),(118,'2020-07-26 00:00:00.000000',0,0,'1. National anthem followed by four way test 2. Introducing new event under Avenue PDD \"read more\" 3. Small ice breaking session by CSD  4. Last meeting minutes read by secretary 5 . Meeting adjoint','c3e1578a68134694b76fe8d8137a8f5c','216452-2020-07','12','3'),(121,'2020-07-12 00:00:00.000000',0,0,'1. Installation: Final announcement, Theme and other planning  2. Discuss and explain about Club Website  3. Update on Project Aasraa','c202c087a1704a618fb7a1a9b82c93bc','214094-2020-07','21','1'),(122,'2020-07-05 00:00:00.000000',0,1,'Discussion about fees for members, future meeting dates and planing of two future projects','cfb916abf45e43bfa2d7583b2ea16208','214609-2020-07','11','1'),(123,'2020-07-19 00:00:00.000000',0,1,'Talked about new logo designs, participation in other club\'s events, talked about Rakshabandhan event','cfb916abf45e43bfa2d7583b2ea16208','214609-2020-07','10','2'),(124,NULL,0,0,'NA','0ebff91b144d4397a7b532a61696f6a7','217256-2020-07','0','0'),(125,'2020-07-07 00:00:00.000000',1,0,'Planning for Month','b9cee8bdfb2c414db184c3c9aeebb8dd','91641-2020-07','14','1'),(126,'2020-07-25 00:00:00.000000',0,0,'Introduction of all members,  Collaring, national anthem, four way test, Meeting call to order, intoduction to Ice  breaker session, Meme battle session.','c06da831c6304b8bad6e7a5fa5ff9c53','214473-2020-07','24','1'),(127,'2020-07-25 00:00:00.000000',0,0,'Orientation for  Club Members, done ipo AZR, DZR and Rtr Saylee.','c06da831c6304b8bad6e7a5fa5ff9c53','214473-2020-07','26','2'),(128,'2020-07-13 00:00:00.000000',0,0,'Match club agreement Nd on air initiative discussion.','1782bde2075547ac88c84c1f1083a4c6','70787-2020-07','20','1'),(129,'2020-07-30 00:00:00.000000',0,0,'Catch up with what all actually going on.in this meeting our alumni was also there.','1782bde2075547ac88c84c1f1083a4c6','70787-2020-07','29','2'),(130,'2020-07-06 00:00:00.000000',0,0,'Doctor\'s Day - Interactive Session','165e6750b26249a78ac3c7d8895e7e77','217454-2020-07','23','1'),(132,NULL,0,0,'NA','db1308ebb33b4935a82bbea31a066a22','213166-2020-07','0','0'),(133,'2020-07-06 00:00:00.000000',0,0,'to plan the events for upcoming months','67e4cb7bc089491b922c56974fa29cd0','217267-2020-07','15','1'),(135,'2020-07-02 00:00:00.000000',0,0,'Introduction of new Secretary Rtr. Namrata Londhe. 6:37- Brief Introduction of all the Board of Directors. 6:42-  Rotaract Membership details by President Rtr. Harshad Marathe. 6:45- Discussion about membership fees. 6:50-Question and answer session regarding Rotaract member. 7:00- Meeting Adjourned.','866515193b8640f7a794a9819b785ccf','215402-2020-07','29','1'),(138,'2020-07-15 00:00:00.000000',0,0,'First meeting and briefing about rotaract','62b707f26840436b8787087a60a6985f','69048-2020-07','19','1'),(139,'2020-07-04 00:00:00.000000',0,0,'Detailed Discussion about the rules and regulations of the Rotaract Members.','f03bf3a5568d4b93bfa606e6be044760','217226-2020-07','12','1'),(140,NULL,0,0,'Not Conducted yet as club members are confirmed.','3ea408fc1d904a0c96804d8a92f077c6','215661-2020-07','00','00'),(141,'2020-07-20 00:00:00.000000',0,0,'Discussion regarding upcoming event Farmaish - The Musical Eve','acf8c0d4bfe149d3a9b1b48ecaa4b1ca','214097-2020-07','24','1');
/*!40000 ALTER TABLE `SecReport_gbm` ENABLE KEYS */;
UNLOCK TABLES;

--
-- Table structure for table `SecReport_report`
--

DROP TABLE IF EXISTS `SecReport_report`;
/*!40101 SET @saved_cs_client     = @@character_set_client */;
/*!40101 SET character_set_client = utf8 */;
CREATE TABLE `SecReport_report` (
  `reportId` varchar(30) NOT NULL,
  `month` varchar(10) NOT NULL,
  `date` datetime(6) DEFAULT NULL,
  `memberMatrix00` varchar(4) NOT NULL,
  `memberMatrix01` varchar(4) NOT NULL,
  `memberMatrix02` varchar(4) NOT NULL,
  `memberMatrix10` varchar(4) NOT NULL,
  `memberMatrix11` varchar(4) NOT NULL,
  `memberMatrix12` varchar(4) NOT NULL,
  `memberMatrix20` varchar(4) NOT NULL,
  `memberMatrix21` varchar(4) NOT NULL,
  `memberMatrix22` varchar(4) NOT NULL,
  `memberMatrix30` varchar(4) NOT NULL,
  `memberMatrix31` varchar(4) NOT NULL,
  `memberMatrix32` varchar(4) NOT NULL,
  `memberMatrix40` varchar(4) NOT NULL,
  `memberMatrix41` varchar(4) NOT NULL,
  `memberMatrix42` varchar(4) NOT NULL,
  `dues00` varchar(6) NOT NULL,
  `bulletin00` varchar(35) NOT NULL,
  `bulletin01` varchar(10) NOT NULL,
  `bulletin02` varchar(100) NOT NULL,
  `bulletin03` datetime(6) DEFAULT NULL,
  `bulletin04` datetime(6) DEFAULT NULL,
  `bulletin05` varchar(15) NOT NULL,
  `feedback00` tinyint(1) NOT NULL,
  `feedback01` tinyint(1) NOT NULL,
  `feedback02` tinyint(1) NOT NULL,
  `feedback03` tinyint(1) NOT NULL,
  `suggestion00` longtext NOT NULL,
  `club_id` char(32) NOT NULL,
  `dues04` varchar(6) NOT NULL,
  PRIMARY KEY (`reportId`),
  KEY `SecReport_report_club_id_2aac8483_fk_Auth_account_id` (`club_id`),
  CONSTRAINT `SecReport_report_club_id_2aac8483_fk_Auth_account_id` FOREIGN KEY (`club_id`) REFERENCES `Auth_account` (`id`)
) ENGINE=InnoDB DEFAULT CHARSET=utf8;
/*!40101 SET character_set_client = @saved_cs_client */;

--
-- Dumping data for table `SecReport_report`
--

LOCK TABLES `SecReport_report` WRITE;
/*!40000 ALTER TABLE `SecReport_report` DISABLE KEYS */;
INSERT INTO `SecReport_report` VALUES ('212752-2020-07','2020-07','2020-08-12 18:51:28.847301','06','08','0','01','05','0','0','0','0','07','08','0','0','0','0','0','-','-','-',NULL,NULL,'Quarterly',0,1,0,1,'We can add more fields in this form ( for eg - Joint club ) . We can include sub-avenue part also.','a8e59bdc667146b1b4926a1386d34a20','0'),('212790-2020-07','2020-07','2020-08-08 15:29:59.970570','24','15','0','12','11','0','4','2','0','4','5','0','0','0','0','0','-','-','-',NULL,NULL,'-',1,1,0,1,'','fb64afba86c247ca95fd19554331a175','0'),('213166-2020-07','2020-07','2020-08-14 16:42:13.354902','6','2','0','0','0','0','0','0','0','35','0','0','0','0','0','0','Bulletin for July','Monthly','https://drive.google.com/file/d/1bHR5zzDO9dMWeM7cI01K51gzokVez0hM/view?usp=sharing','2020-08-14 00:00:00.000000','2020-08-14 00:00:00.000000','1',1,1,0,1,'The year is going good. Congrats to DRR. Shraddha Lamkhade','db1308ebb33b4935a82bbea31a066a22','0'),('213849-2020-07','2020-07','2020-08-10 15:14:01.246732','23','8','0','1','4','0','0','0','0','0','0','0','0','0','0','0','NA','NA','--',NULL,NULL,'NA',1,1,0,1,' ','97147f51d2404e569e41cefde4b5b095','0'),('214094-2020-07','2020-07','2020-08-14 12:27:05.170914','9','24','0','0','0','0','0','0','0','0','0','0','0','0','0','0','-','-','-',NULL,NULL,'-',1,1,0,1,'','c202c087a1704a618fb7a1a9b82c93bc','0'),('214097-2020-07','2020-07','2020-08-16 17:27:35.332470','9','9','0','0','0','0','0','0','0','3','1','0','0','0','0','0','N/A','N/A','-',NULL,NULL,'N/A',1,1,0,1,'N/A','acf8c0d4bfe149d3a9b1b48ecaa4b1ca','0'),('214124-2020-07','2020-07','2020-08-10 15:52:21.879476','14','6','0','2','3','0','0','0','0','3','5','0','0','0','0','0','-','-','--',NULL,NULL,'-',1,1,0,1,'','bf43d41c50a04740a66244291fc1c7e8','0'),('214181-2020-07','2020-07','2020-08-12 18:42:50.838110','12','07','0','03','03','0','0','0','0','5','3','0','0','0','0','0','-','-','-',NULL,NULL,'-',1,1,0,1,'All Good!','af76c8d5d3a1468c9a816c00f9d181b2','0'),('214399-2020-07','2020-07','2020-08-11 21:21:42.056273','23','20','0','1','1','0','0','0','0','0','0','0','0','0','0','0','NA','-','-',NULL,NULL,'-',1,1,0,1,'-Kindly try to autosave the data\r\n-Try to make description label bigger so that full text is visible','4e36f62a5b8e434f8c70337015aee459','0'),('214473-2020-07','2020-07','2020-08-14 14:28:25.171357','13','12','0','0','0','0','1','0','0','2','0','0','0','0','0','0','-','-','-',NULL,NULL,'-',1,1,0,1,'Couldnt upload other avenue projects, also insta shouldnt be compulsory','c06da831c6304b8bad6e7a5fa5ff9c53','0'),('214609-2020-07','2020-07','2020-08-14 13:45:56.426885','13','1','0','2','0','0','0','0','0','0','0','0','0','0','0','0','-','-','-',NULL,NULL,'-',0,1,0,1,'','cfb916abf45e43bfa2d7583b2ea16208','0'),('214764-2020-07','2020-07','2020-08-13 19:18:49.828692','13','13','0','0','3','0','0','0','0','0','2','0','0','0','0','0','Taabiir','Club ','https://drive.google.com/file/d/1Q8tkQ6Re52GWPAZH-GrgEpVkWyr3RLUg/view?usp=sharing','2020-08-14 00:00:00.000000',NULL,'Monthly',0,1,0,1,'','1767b5c5fb96462fb17c0d13d7233e24','0'),('215090-2020-07','2020-07','2020-08-10 19:35:57.161271','12','11','0','9','1','0','0','0','0','0','0','0','0','0','0','0','-','-','-',NULL,NULL,'-',1,1,1,1,'','8986aa170b384276bca1c32cc58f207f','0'),('215167-2020-07','2020-07','2020-08-11 09:12:59.944011','11','9','0','10','9','0','0','0','0','0','0','0','0','0','0','0','-','-','-',NULL,NULL,'-',0,0,0,0,'','c8540d4632614ba68079ab16526bf7c4','0'),('215185-2020-07','2020-07','2020-08-09 10:30:32.055221','8','11','0','1','5','0','3','8','0','0','0','0','0','0','0','0','no','no','-',NULL,NULL,'no',1,1,1,1,'NO','ccf827237fe7403aae549fd534692339','0'),('215200-2020-07','2020-07','2020-08-11 16:25:35.794559','18','6','00','00','00','00','00','00','00','00','00','00','00','00','00','0','-','-','-',NULL,NULL,'-',1,1,0,1,'','5502ecd454804ae0aa56c90bf961fd7d','00'),('215402-2020-07','2020-07','2020-08-14 18:28:18.916633','21','7','0','21','7','0','49','35','0','8','3','0','0','0','0','0','Nil','-','-',NULL,NULL,'-',1,1,0,1,'','866515193b8640f7a794a9819b785ccf','0'),('215538-2020-07','2020-07','2020-08-09 13:03:01.027035','015','12','00','02','02','00','00','00','00','01','00','00','00','00','00','0','-','-','-',NULL,NULL,'-',0,1,0,1,'','a0a237735c3c4bb1b89d983740fa8503','00'),('215650-2020-07','2020-07','2020-08-08 11:36:15.834783','18','09','0','17','10','0','0','0','0','0','0','0','0','0','0','0','-','-','-',NULL,NULL,'-',1,1,0,1,'-','e37a3c8fd097433e90fd3c0858c17ad3','0'),('215661-2020-07','2020-07','2020-08-16 10:53:09.745888','7','8','0','0','0','0','0','0','0','035','034','0','0','0','0','0','-','-','-',NULL,NULL,'-',1,1,0,1,'','3ea408fc1d904a0c96804d8a92f077c6','00'),('215663-2020-07','2020-07','2020-08-11 15:56:37.803265','13','7','0','1','3','0','0','0','0','0','0','0','0','0','0','0','-','-','-',NULL,NULL,'-',1,1,0,1,'','7e9e23c5ba904711ab5bf9331aa15660','0'),('215769-2020-07','2020-07','2020-08-12 16:12:02.064504','9','7','0','14','13','0','0','0','0','13','8','0','0','0','0','0','-','-','-',NULL,NULL,'6 months',1,1,0,1,'Thank You','9372373310d5404fb0d616b5c91dc4f1','0'),('215992-2020-07','2020-07','2020-08-11 18:47:38.594270','7','9','0','3','2','0','2','3','0','0','0','0','0','0','0','0','Youthquake','Monthly','https://drive.google.com/file/d/1VXgPg7mqv_3wfKOxK4KTQjaB1EgkuSs4/view?usp=drivesdk','2020-07-31 00:00:00.000000','2020-08-06 00:00:00.000000','Monthly',0,1,0,1,'For events conducted under PR or other avenues, links should be accepted for sites other than IG.','730cfee2ff9e4c1b9aa68322f165b065','0'),('215996-2020-07','2020-07','2020-08-07 08:01:36.971649','9','23','0','1','6','0','2','0','0','0','0','0','0','0','0','0','-','-','-',NULL,NULL,'-',1,1,0,1,'-\r\n','89000d45fd5c4b168b8272453381af8a','0'),('216012-2020-07','2020-07','2020-08-06 14:35:29.509933','16','9','0','8','4','0','0','0','0','10','10','0','0','0','0','0','-','-','-',NULL,NULL,'-',1,1,0,1,'','4c29159ebcfa4d0d87c566d226213bf3','0'),('216018-2020-07','2020-07','2020-08-09 16:40:00.742343','15','10','00','00','00','00','00','00','00','00','00','00','00','00','00','0','ELEMENTRY','NEWSLETTER','-',NULL,NULL,'QUARTERLY',1,1,0,1,'NA','3e8ce8c964564aed8e8f3459de263e98','0'),('216452-2020-07','2020-07','2020-08-14 10:58:13.189119','5','13','0','0','0','0','0','2','0','0','0','0','0','0','0','0','Bulletin name yet to defined','-','https://drive.google.com/folderview?id=1JhW0IvUtebphbN2euX_PNNDwL-LPQGVV',NULL,NULL,'Twice in a year',0,0,0,0,'Auto save is required for the monthly reporting of secretary form it being a repeatative process ','c3e1578a68134694b76fe8d8137a8f5c','0'),('217226-2020-07','2020-07','2020-08-16 09:30:02.839535','11','11','0','1','0','0','0','0','0','1','1','0','0','0','0','0','Joint International P.D. Session','SPECTRUM','-','2020-07-16 00:00:00.000000','2020-06-16 00:00:00.000000','-',1,1,0,1,'','f03bf3a5568d4b93bfa606e6be044760','0'),('217239-2020-07','2020-07','2020-08-12 11:52:46.823584','13','7','0','0','0','0','0','0','0','4','0','0','0','0','0','0','-','-','-',NULL,NULL,'-',1,1,0,1,'','59de4d891e8742be959eccf7e43a73dc','0'),('217256-2020-07','2020-07','2020-08-14 14:06:09.747441','34','30','0','0','0','0','0','0','0','0','0','0','0','0','0','0','-','-','-',NULL,NULL,'-',1,1,0,1,'Secretarial reporting seems to be a little time consuming, can make it a little easy .','0ebff91b144d4397a7b532a61696f6a7','0'),('217267-2020-07','2020-07','2020-08-14 18:06:24.474704','12','10','0','0','0','0','2','0','0','4','0','0','0','0','0','0','dream','triannual','-',NULL,NULL,'4 months',0,0,0,0,'when we get logged out there should be a option to to save data that we filled previously; ','67e4cb7bc089491b922c56974fa29cd0','0'),('217268-2020-07','2020-07','2020-08-11 04:09:07.894100','290','22','0','1','2','0','0','1','0','1','0','0','0','0','0','0','International friendship day','Club bondi','https://www.instagram.com/p/CDekTb5npj7/?igshid=o6s68di8p8d8','2020-07-30 00:00:00.000000','2020-07-30 00:00:00.000000','10',1,1,0,1,'','1900411fd62348ebb5865d01a9bbe402','0'),('217270-2020-07','2020-07','2020-08-10 15:32:23.642294','22','21','0','4','3','0','2','2','0','2','3','0','0','0','0','0','-','-','-',NULL,NULL,'-',1,1,0,1,'Everything is perfect, no issues.','961ae0426023490f8e3df663adb1629e','0'),('217271-2020-07','2020-07','2020-08-11 19:34:57.567024','10','6','0','2','4','0','0','0','0','9','7','0','0','0','0','0','-','-','-',NULL,NULL,'-',1,1,0,1,'Please review the credibility of Volunteer Hours.  ','36cfbc4e2ccc48d4a51335f7899aafcd','0'),('217310-2020-07','2020-07','2020-08-14 00:16:08.822415','11','2','0','5','9','0','0','0','0','6','0','0','0','0','0','0','-','-','-',NULL,NULL,'-',1,1,0,1,'Website - Limit of characters should be increased for elaboration of event description and name.','6a296ab4de49466885f1d9cd1c36f39b','0'),('217388-2020-07','2020-07','2020-08-09 18:34:56.595630','6','9','0','8','0','0','0','0','0','1','1','0','0','0','0','0','-','-','--',NULL,NULL,'-',1,1,0,1,'','6690b1952ff845639ef194c379bea35d','0'),('217454-2020-07','2020-07','2020-08-14 16:03:37.505339','0','016','07','0','0','0','0','0','0','0','0','0','0','0','0','0','-','-','-',NULL,NULL,'-',1,1,0,1,'Nothing as of now! Thank you for the impeccable support throughout! ','165e6750b26249a78ac3c7d8895e7e77','0'),('217518-2020-07','2020-07','2020-08-10 18:01:58.832753','13','6','0','26','20','0','1','0','0','0','0','0','0','0','0','0','-','-','-',NULL,NULL,'1 year.',1,1,0,1,'Nothing to be changed everything is perfect.','572fe3a6672d4b3fab0873d178badb84','0'),('218034-2020-07','2020-07','2020-08-13 07:49:55.148760','4','50','0','3','11','0','0','0','0','1','1','0','0','0','0','0','7.8 billion and counting','Electronic','https://drive.google.com/file/d/1DM15l-F8iTGu86khqRtLVRhAJR-nMtSs/view?usp=sharing','2020-07-17 00:00:00.000000','2020-07-17 00:00:00.000000','single issue',0,0,0,0,'','79a90852a17f4b58a644b5fa561a0ce3','0'),('218100-2020-07','2020-07','2020-08-06 14:27:00.736141','08','11','0','0','0','0','0','0','0','01','0','0','0','0','0','0','-','-','-',NULL,NULL,'-',1,1,0,1,'','1f11904eeebf42878b5f338a0b1a62a6','0'),('218133-2020-07','2020-07','2020-08-11 08:12:02.505971','16','17','0','0','0','0','0','0','0','0','0','0','0','0','0','0','-','-','-',NULL,NULL,'-',0,1,0,1,'','afd39471e84e42bca4546127e1872e93','0'),('218199-2020-07','2020-07','2020-08-10 12:51:00.156678','3','9','0','7','6','0','0','0','0','3','1','0','0','0','0','0','-','-','-',NULL,NULL,'-',1,1,0,0,'','0ddac7205a31434e831a197492924663','0'),('218200-2020-07','2020-07','2020-08-13 18:04:10.016004','10','10','0','04','02','0','0','02','0','01','02','0','0','0','0','0','-','-','-',NULL,NULL,'-',1,1,1,1,'','ec83115d4968402fae02a3e58b5479d7','0'),('218244-2020-07','2020-07','2020-08-12 12:17:24.654823','30','19','0','20','11','0','0','0','0','0','0','0','0','0','0','0','-','-','-',NULL,NULL,'-',1,1,0,1,'For event those are form particular duration for certain days should have proper date column here.  ','8e4977ea3a674ac19c63eb746a75af25','0'),('218252-2020-07','2020-07','2020-08-13 19:39:17.025220','10','11','0','2','6','0','0','0','0','4','5','0','0','0','0','0','-','-','-',NULL,NULL,'-',1,1,0,1,'','d91f2c8cf87d4c8d9c9d824946039399','0'),('45125-2020-07','2020-07','2020-08-12 12:36:52.505788','14','09','0','01','02','0','0','1','0','0','0','0','0','0','0','0','--','--','--',NULL,NULL,'quarterly ',1,1,0,1,'NA','87f944413a5c4fa980b92530548ce2aa','00'),('69048-2020-07','2020-07','2020-08-15 16:40:31.973971','16','10','0','29','12','0','1','1','0','0','0','0','0','0','0','0','-','-','-',NULL,NULL,'0',1,1,1,1,'','62b707f26840436b8787087a60a6985f','0'),('70787-2020-07','2020-07','2020-08-14 15:22:46.189262','23','10','0','0','0','0','0','0','0','0','0','0','4','2','0','0','-','-','-',NULL,NULL,'-',1,1,0,1,'','1782bde2075547ac88c84c1f1083a4c6','0'),('7295-2020-07','2020-07','2020-08-10 15:40:56.238207','12','10','0','2','3','0','0','0','0','4','3','0','0','0','0','0','-','-','-',NULL,NULL,'-',1,1,0,1,'Just a suggestion in reporting of the Secretary, website should be developed soon. Thank You!','799910c44d554622997fa3b04588f310','0'),('7303-2020-07','2020-07','2020-08-13 09:23:14.988039','11','19','0','0','1','0','0','0','0','0','2','0','0','0','0','0','-','-','-',NULL,NULL,'-',1,1,0,1,'','305a0e24b2ce4cd0b395770f1bae6b6f','0'),('82736-2020-07','2020-07','2020-08-10 16:31:23.193398','6','5','0','3','2','0','0','0','0','5','5','0','0','0','0','0','Envoy','Monthly','https://drive.google.com/file/d/1ropBsL6pM-D99EwhYPafiv1QnoTgBYXc/view?usp=drivesdk','2020-07-27 00:00:00.000000','2020-06-30 00:00:00.000000','Monthly',0,1,0,1,'\'-\' option is not working in Insta link and Drive Link. Unable to type anything there\r\n','dd124ffaac4d458bab1c07ba7eea2a08','0'),('85530-2020-07','2020-07','2020-08-10 18:53:03.908983','20','10','0','2','4','0','0','0','0','20','10','0','0','0','0','0','Yuva Darpan','E-Bulletin','https://drive.google.com/file/d/1Y5lX6VxUAmFat-rESugeecbEBh9lMEgA/view?usp=sharing','2020-07-11 00:00:00.000000',NULL,'Monthly',1,1,0,1,'Suggestion regarding saving the reporting there itself. If refreshed data gets reset.','f84868151e06483988da8bc582ff0488','0'),('89276-2020-07','2020-07','2020-08-13 14:25:16.327232','8','5','0','0','4','0','0','0','0','0','0','0','0','0','0','0','-','-','-',NULL,NULL,'-',1,1,0,1,'','59d0123bd01f4530a6face34ab581fcd','0'),('89857-2020-07','2020-07','2020-08-05 18:17:49.028211','13','36','0','0','0','0','0','8','0','1','0','0','0','0','0','0','-','-','-',NULL,NULL,'-',1,1,0,1,'none','ce501ebe815e46089159ac8d3216577f','0'),('90983-2020-07','2020-07','2020-08-11 09:27:21.535525','6','10','0','0','0','0','0','0','0','7','7','0','0','0','0','0','-','E-Bulletin','-',NULL,NULL,'Quarterly',1,1,1,1,'','ac52d90d734443abb9541d877f65ec1d','0'),('91284-2020-07','2020-07','2020-08-10 18:23:10.353301','5','16','0','0','0','0','0','0','0','0','0','0','0','0','0','0','-','-','-',NULL,NULL,'-',0,0,0,1,'','06ce2af5cdab46c49ddcae245e21fc2b','0'),('91641-2020-07','2020-07','2020-08-14 14:13:10.615692','21','10','0','1','0','0','0','0','0','0','0','0','0','0','0','0','-','-','-',NULL,NULL,'Yearly',0,1,1,1,'Can we have Voluntary Hours as non mandatory field.','b9cee8bdfb2c414db184c3c9aeebb8dd','0'),('91876-2020-07','2020-07','2020-08-12 06:59:57.412226','030','020','0','0','0','0','0','0','0','07','03','0','0','0','0','0','-','-','-',NULL,NULL,'-',1,1,1,1,'','ed5fc573f8494f9fa8705076e1c0eaf4','0');
/*!40000 ALTER TABLE `SecReport_report` ENABLE KEYS */;
UNLOCK TABLES;

--
-- Table structure for table `auth_group`
--

DROP TABLE IF EXISTS `auth_group`;
/*!40101 SET @saved_cs_client     = @@character_set_client */;
/*!40101 SET character_set_client = utf8 */;
CREATE TABLE `auth_group` (
  `id` int(11) NOT NULL AUTO_INCREMENT,
  `name` varchar(150) NOT NULL,
  PRIMARY KEY (`id`),
  UNIQUE KEY `name` (`name`)
) ENGINE=InnoDB DEFAULT CHARSET=utf8;
/*!40101 SET character_set_client = @saved_cs_client */;

--
-- Dumping data for table `auth_group`
--

LOCK TABLES `auth_group` WRITE;
/*!40000 ALTER TABLE `auth_group` DISABLE KEYS */;
/*!40000 ALTER TABLE `auth_group` ENABLE KEYS */;
UNLOCK TABLES;

--
-- Table structure for table `auth_group_permissions`
--

DROP TABLE IF EXISTS `auth_group_permissions`;
/*!40101 SET @saved_cs_client     = @@character_set_client */;
/*!40101 SET character_set_client = utf8 */;
CREATE TABLE `auth_group_permissions` (
  `id` int(11) NOT NULL AUTO_INCREMENT,
  `group_id` int(11) NOT NULL,
  `permission_id` int(11) NOT NULL,
  PRIMARY KEY (`id`),
  UNIQUE KEY `auth_group_permissions_group_id_permission_id_0cd325b0_uniq` (`group_id`,`permission_id`),
  KEY `auth_group_permissio_permission_id_84c5c92e_fk_auth_perm` (`permission_id`),
  CONSTRAINT `auth_group_permissio_permission_id_84c5c92e_fk_auth_perm` FOREIGN KEY (`permission_id`) REFERENCES `auth_permission` (`id`),
  CONSTRAINT `auth_group_permissions_group_id_b120cbf9_fk_auth_group_id` FOREIGN KEY (`group_id`) REFERENCES `auth_group` (`id`)
) ENGINE=InnoDB DEFAULT CHARSET=utf8;
/*!40101 SET character_set_client = @saved_cs_client */;

--
-- Dumping data for table `auth_group_permissions`
--

LOCK TABLES `auth_group_permissions` WRITE;
/*!40000 ALTER TABLE `auth_group_permissions` DISABLE KEYS */;
/*!40000 ALTER TABLE `auth_group_permissions` ENABLE KEYS */;
UNLOCK TABLES;

--
-- Table structure for table `auth_permission`
--

DROP TABLE IF EXISTS `auth_permission`;
/*!40101 SET @saved_cs_client     = @@character_set_client */;
/*!40101 SET character_set_client = utf8 */;
CREATE TABLE `auth_permission` (
  `id` int(11) NOT NULL AUTO_INCREMENT,
  `name` varchar(255) NOT NULL,
  `content_type_id` int(11) NOT NULL,
  `codename` varchar(100) NOT NULL,
  PRIMARY KEY (`id`),
  UNIQUE KEY `auth_permission_content_type_id_codename_01ab375a_uniq` (`content_type_id`,`codename`),
  CONSTRAINT `auth_permission_content_type_id_2f476e4b_fk_django_co` FOREIGN KEY (`content_type_id`) REFERENCES `django_content_type` (`id`)
) ENGINE=InnoDB AUTO_INCREMENT=49 DEFAULT CHARSET=utf8;
/*!40101 SET character_set_client = @saved_cs_client */;

--
-- Dumping data for table `auth_permission`
--

LOCK TABLES `auth_permission` WRITE;
/*!40000 ALTER TABLE `auth_permission` DISABLE KEYS */;
INSERT INTO `auth_permission` VALUES (1,'Can add Account',1,'add_account'),(2,'Can change Account',1,'change_account'),(3,'Can delete Account',1,'delete_account'),(4,'Can view Account',1,'view_account'),(5,'Can add Club Profile',2,'add_club'),(6,'Can change Club Profile',2,'change_club'),(7,'Can delete Club Profile',2,'delete_club'),(8,'Can view Club Profile',2,'view_club'),(9,'Can add Report',3,'add_report'),(10,'Can change Report',3,'change_report'),(11,'Can delete Report',3,'delete_report'),(12,'Can view Report',3,'view_report'),(13,'Can add GBM',4,'add_gbm'),(14,'Can change GBM',4,'change_gbm'),(15,'Can delete GBM',4,'delete_gbm'),(16,'Can view GBM',4,'view_gbm'),(17,'Can add Future Event',5,'add_futureevent'),(18,'Can change Future Event',5,'change_futureevent'),(19,'Can delete Future Event',5,'delete_futureevent'),(20,'Can view Future Event',5,'view_futureevent'),(21,'Can add Event',6,'add_event'),(22,'Can change Event',6,'change_event'),(23,'Can delete Event',6,'delete_event'),(24,'Can view Event',6,'view_event'),(25,'Can add BOD',7,'add_bod'),(26,'Can change BOD',7,'change_bod'),(27,'Can delete BOD',7,'delete_bod'),(28,'Can view BOD',7,'view_bod'),(29,'Can add log entry',8,'add_logentry'),(30,'Can change log entry',8,'change_logentry'),(31,'Can delete log entry',8,'delete_logentry'),(32,'Can view log entry',8,'view_logentry'),(33,'Can add permission',9,'add_permission'),(34,'Can change permission',9,'change_permission'),(35,'Can delete permission',9,'delete_permission'),(36,'Can view permission',9,'view_permission'),(37,'Can add group',10,'add_group'),(38,'Can change group',10,'change_group'),(39,'Can delete group',10,'delete_group'),(40,'Can view group',10,'view_group'),(41,'Can add content type',11,'add_contenttype'),(42,'Can change content type',11,'change_contenttype'),(43,'Can delete content type',11,'delete_contenttype'),(44,'Can view content type',11,'view_contenttype'),(45,'Can add session',12,'add_session'),(46,'Can change session',12,'change_session'),(47,'Can delete session',12,'delete_session'),(48,'Can view session',12,'view_session');
/*!40000 ALTER TABLE `auth_permission` ENABLE KEYS */;
UNLOCK TABLES;

--
-- Table structure for table `django_admin_log`
--

DROP TABLE IF EXISTS `django_admin_log`;
/*!40101 SET @saved_cs_client     = @@character_set_client */;
/*!40101 SET character_set_client = utf8 */;
CREATE TABLE `django_admin_log` (
  `id` int(11) NOT NULL AUTO_INCREMENT,
  `action_time` datetime(6) NOT NULL,
  `object_id` longtext,
  `object_repr` varchar(200) NOT NULL,
  `action_flag` smallint(5) unsigned NOT NULL,
  `change_message` longtext NOT NULL,
  `content_type_id` int(11) DEFAULT NULL,
  `user_id` char(32) NOT NULL,
  PRIMARY KEY (`id`),
  KEY `django_admin_log_content_type_id_c4bce8eb_fk_django_co` (`content_type_id`),
  KEY `django_admin_log_user_id_c564eba6_fk_Auth_account_id` (`user_id`),
  CONSTRAINT `django_admin_log_content_type_id_c4bce8eb_fk_django_co` FOREIGN KEY (`content_type_id`) REFERENCES `django_content_type` (`id`),
  CONSTRAINT `django_admin_log_user_id_c564eba6_fk_Auth_account_id` FOREIGN KEY (`user_id`) REFERENCES `Auth_account` (`id`)
) ENGINE=InnoDB AUTO_INCREMENT=380 DEFAULT CHARSET=utf8;
/*!40101 SET character_set_client = @saved_cs_client */;

--
-- Dumping data for table `django_admin_log`
--

LOCK TABLES `django_admin_log` WRITE;
/*!40000 ALTER TABLE `django_admin_log` DISABLE KEYS */;
INSERT INTO `django_admin_log` VALUES (1,'2020-08-01 13:12:18.620863','5f930af0-a178-42dc-b961-e84ceb6bc0d4','',3,'',2,'5f930af0a17842dcb961e84ceb6bc0d4'),(2,'2020-08-01 13:12:35.416865','5f930af0-a178-42dc-b961-e84ceb6bc0d4','',1,'[{\"added\": {}}]',2,'5f930af0a17842dcb961e84ceb6bc0d4'),(3,'2020-08-01 13:12:51.145869','5f930af0-a178-42dc-b961-e84ceb6bc0d4','',3,'',2,'5f930af0a17842dcb961e84ceb6bc0d4'),(4,'2020-08-01 13:13:09.064489','5f930af0-a178-42dc-b961-e84ceb6bc0d4','',1,'[{\"added\": {}}]',2,'5f930af0a17842dcb961e84ceb6bc0d4'),(5,'2020-08-01 13:13:20.233736','5f930af0-a178-42dc-b961-e84ceb6bc0d4','',2,'[]',2,'5f930af0a17842dcb961e84ceb6bc0d4'),(6,'2020-08-01 13:13:36.287253','5f930af0-a178-42dc-b961-e84ceb6bc0d4','admin',2,'[{\"changed\": {\"fields\": [\"name\"]}}]',1,'5f930af0a17842dcb961e84ceb6bc0d4'),(7,'2020-08-01 13:18:27.252633','fc87864c-6c39-444e-b460-f1b35f316452','Yuva Next',3,'',2,'5f930af0a17842dcb961e84ceb6bc0d4'),(8,'2020-08-01 13:18:27.258800','fb84e0a8-4746-479d-b356-b71771952af3','Pune Hillside',3,'',2,'5f930af0a17842dcb961e84ceb6bc0d4'),(9,'2020-08-01 13:18:27.264402','fa347d12-d1f2-4763-99fb-afc90a6b542d','Panvel',3,'',2,'5f930af0a17842dcb961e84ceb6bc0d4'),(10,'2020-08-01 13:18:27.271134','ee28c203-1da1-42a9-babe-39e5bbbba104','Pune Cantonment',3,'',2,'5f930af0a17842dcb961e84ceb6bc0d4'),(11,'2020-08-01 13:18:27.279529','e8608463-4b82-4057-88dd-2ee4a22d2bff','ENTCMCE',3,'',2,'5f930af0a17842dcb961e84ceb6bc0d4'),(12,'2020-08-01 13:18:27.285252','e708f00e-93f3-4a5b-a68b-7bb55a012aa8','SBES',3,'',2,'5f930af0a17842dcb961e84ceb6bc0d4'),(13,'2020-08-01 13:18:27.290503','e689b359-3cfe-4e9d-9bcc-ae7630124a1e','RSCE',3,'',2,'5f930af0a17842dcb961e84ceb6bc0d4'),(14,'2020-08-01 13:18:27.296270','e2c1293e-f83f-419e-9f62-595487fbd40a','MCG',3,'',2,'5f930af0a17842dcb961e84ceb6bc0d4'),(15,'2020-08-01 13:18:27.301807','e1b89d61-953a-41b1-823c-22346178bb2f','Pune Kalyani Nagar',3,'',2,'5f930af0a17842dcb961e84ceb6bc0d4'),(16,'2020-08-01 13:18:27.307839','e1485f23-7878-404a-bd5a-3760f525f0fa','ALUMNI',3,'',2,'5f930af0a17842dcb961e84ceb6bc0d4'),(17,'2020-08-01 13:18:27.313391','dfdf36a7-34de-4653-94f2-dce6db5c942f','DYPEMR',3,'',2,'5f930af0a17842dcb961e84ceb6bc0d4'),(18,'2020-08-01 13:18:27.319153','ddf67b70-1dbb-4eff-b3b4-956dadc503c9','Poona South',3,'',2,'5f930af0a17842dcb961e84ceb6bc0d4'),(19,'2020-08-01 13:18:27.324655','dbea13fd-1007-49b7-9f2d-7189b9809f0c','Kharghar Midtown',3,'',2,'5f930af0a17842dcb961e84ceb6bc0d4'),(20,'2020-08-01 13:18:27.330364','db92e86f-9f11-46fb-bd36-64ca4bcc069a','Panvel Central',3,'',2,'5f930af0a17842dcb961e84ceb6bc0d4'),(21,'2020-08-01 13:18:27.336128','dafe3f12-e84a-4631-8f5e-0ce7d20ff1ec','Panvel Mid Town',3,'',2,'5f930af0a17842dcb961e84ceb6bc0d4'),(22,'2020-08-01 13:18:27.341460','da3156d8-7aeb-4915-a953-f5898de74e3a','Panvel Industrial Town',3,'',2,'5f930af0a17842dcb961e84ceb6bc0d4'),(23,'2020-08-01 13:18:27.346930','d9ce1845-c2e2-4353-b87e-ae304a96c19f','Aundh',3,'',2,'5f930af0a17842dcb961e84ceb6bc0d4'),(24,'2020-08-01 13:18:27.354657','d3493491-6c54-4174-8de7-26c5c46ad47b','Pune Pride',3,'',2,'5f930af0a17842dcb961e84ceb6bc0d4'),(25,'2020-08-01 13:18:27.360248','d1d81481-9155-40d4-be2f-c74c490bb564','Pune Vibrant East',3,'',2,'5f930af0a17842dcb961e84ceb6bc0d4'),(26,'2020-08-01 13:18:27.365720','d1c1a438-cc1f-4f14-b3de-3de213682e90','Panvel Sunrise',3,'',2,'5f930af0a17842dcb961e84ceb6bc0d4'),(27,'2020-08-01 13:18:27.371176','cdb1ff34-a33b-4c1f-abd0-8138a69991b7','DYPACS',3,'',2,'5f930af0a17842dcb961e84ceb6bc0d4'),(28,'2020-08-01 13:18:27.376949','cbfdb616-fd6b-4ff3-b502-e0684927d63c','Pune Camp Horizon',3,'',2,'5f930af0a17842dcb961e84ceb6bc0d4'),(29,'2020-08-01 13:18:27.382357','c9eddd96-0a57-4050-bdad-e72e2d9edd8b','Alibag Seashore',3,'',2,'5f930af0a17842dcb961e84ceb6bc0d4'),(30,'2020-08-01 13:18:27.388399','c32f0199-cc52-4408-b559-944990243da7','Patalganga',3,'',2,'5f930af0a17842dcb961e84ceb6bc0d4'),(31,'2020-08-01 13:18:27.394404','b47612ee-35c0-47ed-b1e1-26b77a544c6c','Amanora Youngistan',3,'',2,'5f930af0a17842dcb961e84ceb6bc0d4'),(32,'2020-08-01 13:18:27.399935','b24e14c2-d54b-473c-8586-c28622d2415e','Pune Camp Next Gen',3,'',2,'5f930af0a17842dcb961e84ceb6bc0d4'),(33,'2020-08-01 13:18:27.405227','b05376a1-3c83-4fdc-a581-b014dfd59148','VIIT',3,'',2,'5f930af0a17842dcb961e84ceb6bc0d4'),(34,'2020-08-01 13:18:27.409869','acfaedda-9c81-45b3-b2c5-47e5e67451bf','SAOE',3,'',2,'5f930af0a17842dcb961e84ceb6bc0d4'),(35,'2020-08-01 13:18:27.414725','a91ee871-cb5a-45fd-8a9f-9ae132de883a','IIEBM',3,'',2,'5f930af0a17842dcb961e84ceb6bc0d4'),(36,'2020-08-01 13:18:27.420567','a0c56b04-7b92-464f-acf2-e68af9c7ae13','DPU',3,'',2,'5f930af0a17842dcb961e84ceb6bc0d4'),(37,'2020-08-01 13:18:27.425882','9e472a58-0e8c-4880-8099-41c3b8e95382','ITMBS',3,'',2,'5f930af0a17842dcb961e84ceb6bc0d4'),(38,'2020-08-01 13:18:27.432627','9ad4e46b-e5f0-4437-8ae9-4af524c791c3','DYPVP',3,'',2,'5f930af0a17842dcb961e84ceb6bc0d4'),(39,'2020-08-01 13:18:27.440524','986b1d5f-8382-4581-ad0e-04486f062876','Poona Royal',3,'',2,'5f930af0a17842dcb961e84ceb6bc0d4'),(40,'2020-08-01 13:18:27.453754','9755974b-3b56-4045-98d3-69ab13840b68','BJCP',3,'',2,'5f930af0a17842dcb961e84ceb6bc0d4'),(41,'2020-08-01 13:18:27.459545','9655a8b8-015b-4b93-9d34-9c4a25917360','PUNE FAR EAST',3,'',2,'5f930af0a17842dcb961e84ceb6bc0d4'),(42,'2020-08-01 13:18:27.465051','96450db6-c2ce-4844-81dd-0c23f18f04a7','SDC',3,'',2,'5f930af0a17842dcb961e84ceb6bc0d4'),(43,'2020-08-01 13:18:27.470277','94ab04dd-83df-4df4-a769-fd0c269043bb','Pune Zenith',3,'',2,'5f930af0a17842dcb961e84ceb6bc0d4'),(44,'2020-08-01 13:18:27.475138','9365afca-7f8e-4cc8-9ed1-de535fc6235b','NIGDI',3,'',2,'5f930af0a17842dcb961e84ceb6bc0d4'),(45,'2020-08-01 13:18:27.479876','8eb94178-f4f8-4421-8681-392ef1824ee1','AIMS',3,'',2,'5f930af0a17842dcb961e84ceb6bc0d4'),(46,'2020-08-01 13:18:27.485105','8ea38b70-5da0-49c5-9575-6f3ebd27af3f','BNCA',3,'',2,'5f930af0a17842dcb961e84ceb6bc0d4'),(47,'2020-08-01 13:18:27.490469','89cba53a-558d-482f-9091-eadfed7b8486','MIM',3,'',2,'5f930af0a17842dcb961e84ceb6bc0d4'),(48,'2020-08-01 13:18:27.495905','862ddddb-e5b0-4eef-833e-9fc63c9528f3','Viman Nagar',3,'',2,'5f930af0a17842dcb961e84ceb6bc0d4'),(49,'2020-08-01 13:18:27.502523','83ed5d65-b9b5-4a6c-a1eb-7c18d8c9d696','Pune Renaissance',3,'',2,'5f930af0a17842dcb961e84ceb6bc0d4'),(50,'2020-08-01 13:18:27.511434','839fde35-d691-4f60-bf04-18d9366381cf','Pune Pashan',3,'',2,'5f930af0a17842dcb961e84ceb6bc0d4'),(51,'2020-08-01 13:18:27.517087','8399b5ef-2252-4086-8c30-abc8a43c718f','Lonavla',3,'',2,'5f930af0a17842dcb961e84ceb6bc0d4'),(52,'2020-08-01 13:18:27.522402','8230f886-90ee-4124-a38d-56587360a041','Pune Wisdom Cummins Chapter',3,'',2,'5f930af0a17842dcb961e84ceb6bc0d4'),(53,'2020-08-01 13:18:27.527722','7ee47ed2-5bb6-4bc0-9ab5-f82526c49578','Global Youth',3,'',2,'5f930af0a17842dcb961e84ceb6bc0d4'),(54,'2020-08-01 13:18:27.532863','7a192fc8-d8c0-41bf-9a03-ccf010d5a647','Symboisis Law Viman Nagar',3,'',2,'5f930af0a17842dcb961e84ceb6bc0d4'),(55,'2020-08-01 13:18:27.537771','75d15da8-ee27-411e-93a6-4b01769f2817','EEMCOEM',3,'',2,'5f930af0a17842dcb961e84ceb6bc0d4'),(56,'2020-08-01 13:18:27.543043','6c17e4ad-8d04-4d9d-a85c-70772abda12c','GEM',3,'',2,'5f930af0a17842dcb961e84ceb6bc0d4'),(57,'2020-08-01 13:18:27.548238','69114b9e-a98f-490d-883b-8b4c03f3fd46','Pune Salisbury Park',3,'',2,'5f930af0a17842dcb961e84ceb6bc0d4'),(58,'2020-08-01 13:18:27.553510','674a5cb0-c478-4f2f-9a14-383874326119','Pune Nagar Road',3,'',2,'5f930af0a17842dcb961e84ceb6bc0d4'),(59,'2020-08-01 13:18:27.559844','6473969a-61f7-4345-aa79-d87ae066d4b1','Vibrants',3,'',2,'5f930af0a17842dcb961e84ceb6bc0d4'),(60,'2020-08-01 13:18:27.566279','63249f72-5340-484c-944e-504cb8c9cb80','DC',3,'',2,'5f930af0a17842dcb961e84ceb6bc0d4'),(61,'2020-08-01 13:18:27.572120','604210a0-938b-4a52-88cb-b767f78dbc22','Pune Heritage',3,'',2,'5f930af0a17842dcb961e84ceb6bc0d4'),(62,'2020-08-01 13:18:27.577458','58ffe2f7-e3f7-42c1-9073-3f1e52e951c3','Bibwewadi Pune',3,'',2,'5f930af0a17842dcb961e84ceb6bc0d4'),(63,'2020-08-01 13:18:27.582605','57ef70ed-1a53-4eae-b1d2-6571330ad725','LCO',3,'',2,'5f930af0a17842dcb961e84ceb6bc0d4'),(64,'2020-08-01 13:18:27.587240','5789f405-f370-423e-a656-5b6bf00c549a','SC',3,'',2,'5f930af0a17842dcb961e84ceb6bc0d4'),(65,'2020-08-01 13:18:27.591909','575ce0fd-e554-4c2d-8a92-3d054f15a9f1','Pune\'s Yuva',3,'',2,'5f930af0a17842dcb961e84ceb6bc0d4'),(66,'2020-08-01 13:18:27.597115','55a90a01-dd14-4f15-839e-1136b587d48d','IC',3,'',2,'5f930af0a17842dcb961e84ceb6bc0d4'),(67,'2020-08-01 13:18:27.602236','547b6d69-958a-4278-aa51-4ff8dc0fc874','Humanitas',3,'',2,'5f930af0a17842dcb961e84ceb6bc0d4'),(68,'2020-08-01 13:18:27.607528','5399450c-f244-41b5-a856-90138f5f3424','TJC',3,'',2,'5f930af0a17842dcb961e84ceb6bc0d4'),(69,'2020-08-01 13:18:27.613810','509c79b9-65e9-44c7-88bf-5a5cb80f11f8','Panvel Elite',3,'',2,'5f930af0a17842dcb961e84ceb6bc0d4'),(70,'2020-08-01 13:18:27.619838','49b5c32b-2931-4907-8186-67aa576cae4c','Pune Shaniwarwada',3,'',2,'5f930af0a17842dcb961e84ceb6bc0d4'),(71,'2020-08-01 13:18:27.625454','492a3997-d3fb-481a-a051-c374ea20c2de','VAMNICOM',3,'',2,'5f930af0a17842dcb961e84ceb6bc0d4'),(72,'2020-08-01 13:18:27.631118','4781723c-528f-4aab-8dcc-6386f559fb6a','UBS',3,'',2,'5f930af0a17842dcb961e84ceb6bc0d4'),(73,'2020-08-01 13:18:27.636767','44130eda-42b0-4f0c-9d83-75c594c2a15b','Pune Ganeshkhind',3,'',2,'5f930af0a17842dcb961e84ceb6bc0d4'),(74,'2020-08-01 13:18:27.641793','4355a35a-f0ce-4df4-bac9-f1997230e36c','DYPMS',3,'',2,'5f930af0a17842dcb961e84ceb6bc0d4'),(75,'2020-08-01 13:18:27.646876','42d6adec-365f-4bbf-b059-20e934ff7afc','Panvel Mahanagar',3,'',2,'5f930af0a17842dcb961e84ceb6bc0d4'),(76,'2020-08-01 13:18:27.651930','3d90536c-5f7c-4b7e-9e20-c3a0911b3f92','MCASC',3,'',2,'5f930af0a17842dcb961e84ceb6bc0d4'),(77,'2020-08-01 13:18:27.657222','36199e33-1cd0-4d13-ae35-08e69fb96f08','Pune Urja',3,'',2,'5f930af0a17842dcb961e84ceb6bc0d4'),(78,'2020-08-01 13:18:27.663979','30aa70ce-716e-4529-ba35-05391c1f630e','Pune Sinhagad Road',3,'',2,'5f930af0a17842dcb961e84ceb6bc0d4'),(79,'2020-08-01 13:18:27.675135','308752f1-d017-4dbe-84fb-e9f2cf5380bf','Koregaon Park',3,'',2,'5f930af0a17842dcb961e84ceb6bc0d4'),(80,'2020-08-01 13:18:27.688479','2d3d11a1-f966-45f1-a99d-e74c157f4994','Pune Deccan Gymkhana',3,'',2,'5f930af0a17842dcb961e84ceb6bc0d4'),(81,'2020-08-01 13:18:27.698538','2c31da43-f267-491f-b30a-ec3a5edd3de1','Pune Camp Pioneer',3,'',2,'5f930af0a17842dcb961e84ceb6bc0d4'),(82,'2020-08-01 13:18:27.708059','27b63bbe-bc70-41c3-a06d-ee4bd4574013','Roha',3,'',2,'5f930af0a17842dcb961e84ceb6bc0d4'),(83,'2020-08-01 13:18:27.718294','2189a6b3-96ca-45b0-9457-b4793ffaeb88','Pune Warje',3,'',2,'5f930af0a17842dcb961e84ceb6bc0d4'),(84,'2020-08-01 13:18:27.723135','1fd65601-9793-46fb-a00d-684618f6ea08','Narayangaon Highway',3,'',2,'5f930af0a17842dcb961e84ceb6bc0d4'),(85,'2020-08-01 13:18:27.728097','1af75a81-e087-4aac-9445-84f61ce97370','Pune Kothrud Modern Managers',3,'',2,'5f930af0a17842dcb961e84ceb6bc0d4'),(86,'2020-08-01 13:18:27.733238','1aca49bc-c6b2-4233-a1a7-2d0398b051a8','Pimpri',3,'',2,'5f930af0a17842dcb961e84ceb6bc0d4'),(87,'2020-08-01 13:18:27.738640','1918a74e-0125-43de-957b-bd3aec8d036b','Talegaon City',3,'',2,'5f930af0a17842dcb961e84ceb6bc0d4'),(88,'2020-08-01 13:18:27.743792','160747e4-3705-4297-a49b-1af6d67f4d50','AIT',3,'',2,'5f930af0a17842dcb961e84ceb6bc0d4'),(89,'2020-08-01 13:18:27.749605','0ef3247c-a7b1-4856-a935-672ebc1aaff3','MMMCE',3,'',2,'5f930af0a17842dcb961e84ceb6bc0d4'),(90,'2020-08-01 13:18:27.755328','0e9cfc27-2f20-4bad-978b-d42f6c4982e1','Pen',3,'',2,'5f930af0a17842dcb961e84ceb6bc0d4'),(91,'2020-08-01 13:18:27.761096','0d804345-3b8d-4845-b0c8-159ba9522bf1','Pune Katraj',3,'',2,'5f930af0a17842dcb961e84ceb6bc0d4'),(92,'2020-08-01 13:18:27.766722','09460d7d-5ccd-4e7a-9ef7-19fc6fe1a0ee','Pune Mideast',3,'',2,'5f930af0a17842dcb961e84ceb6bc0d4'),(93,'2020-08-01 13:18:27.773607','08162895-d576-4ded-80bb-afb4b7eacd57','MM RCPK',3,'',2,'5f930af0a17842dcb961e84ceb6bc0d4'),(94,'2020-08-01 13:18:27.778784','0309d88a-d07d-49fe-ae32-de338aadb407','Pune Royal',3,'',2,'5f930af0a17842dcb961e84ceb6bc0d4'),(95,'2020-08-01 13:31:15.734068','8eb94178-f4f8-4421-8681-392ef1824ee1','rcaims',3,'',1,'5f930af0a17842dcb961e84ceb6bc0d4'),(96,'2020-08-01 13:31:15.741148','160747e4-3705-4297-a49b-1af6d67f4d50','rcait',3,'',1,'5f930af0a17842dcb961e84ceb6bc0d4'),(97,'2020-08-01 13:31:15.769283','c9eddd96-0a57-4050-bdad-e72e2d9edd8b','rcalibagseashore',3,'',1,'5f930af0a17842dcb961e84ceb6bc0d4'),(98,'2020-08-01 13:31:15.774855','e1485f23-7878-404a-bd5a-3760f525f0fa','rcalumni',3,'',1,'5f930af0a17842dcb961e84ceb6bc0d4'),(99,'2020-08-01 13:31:15.779976','b47612ee-35c0-47ed-b1e1-26b77a544c6c','rcamanorayoungistan',3,'',1,'5f930af0a17842dcb961e84ceb6bc0d4'),(100,'2020-08-01 13:31:15.785069','d9ce1845-c2e2-4353-b87e-ae304a96c19f','rcaundh',3,'',1,'5f930af0a17842dcb961e84ceb6bc0d4'),(101,'2020-08-01 13:31:15.789975','58ffe2f7-e3f7-42c1-9073-3f1e52e951c3','rcbibwewadipune',3,'',1,'5f930af0a17842dcb961e84ceb6bc0d4'),(102,'2020-08-01 13:31:15.795187','9755974b-3b56-4045-98d3-69ab13840b68','rcbjcp',3,'',1,'5f930af0a17842dcb961e84ceb6bc0d4'),(103,'2020-08-01 13:31:15.800299','8ea38b70-5da0-49c5-9575-6f3ebd27af3f','rcbnca',3,'',1,'5f930af0a17842dcb961e84ceb6bc0d4'),(104,'2020-08-01 13:31:15.806381','63249f72-5340-484c-944e-504cb8c9cb80','rcdc',3,'',1,'5f930af0a17842dcb961e84ceb6bc0d4'),(105,'2020-08-01 13:31:15.811891','a0c56b04-7b92-464f-acf2-e68af9c7ae13','rcdpu',3,'',1,'5f930af0a17842dcb961e84ceb6bc0d4'),(106,'2020-08-01 13:31:15.817732','cdb1ff34-a33b-4c1f-abd0-8138a69991b7','rcdypacs',3,'',1,'5f930af0a17842dcb961e84ceb6bc0d4'),(107,'2020-08-01 13:31:15.822022','dfdf36a7-34de-4653-94f2-dce6db5c942f','rcdypemr',3,'',1,'5f930af0a17842dcb961e84ceb6bc0d4'),(108,'2020-08-01 13:31:15.827952','9a385643-810a-4e80-9aae-7f2103de1503','rcdypiemr',3,'',1,'5f930af0a17842dcb961e84ceb6bc0d4'),(109,'2020-08-01 13:31:15.833202','3fa6fa73-9ded-4a8c-a4b0-c0b9ba8124c9','rcdypims',3,'',1,'5f930af0a17842dcb961e84ceb6bc0d4'),(110,'2020-08-01 13:31:15.838376','4355a35a-f0ce-4df4-bac9-f1997230e36c','rcdypms',3,'',1,'5f930af0a17842dcb961e84ceb6bc0d4'),(111,'2020-08-01 13:31:15.843255','9ad4e46b-e5f0-4437-8ae9-4af524c791c3','rcdypvp',3,'',1,'5f930af0a17842dcb961e84ceb6bc0d4'),(112,'2020-08-01 13:31:15.848066','75d15da8-ee27-411e-93a6-4b01769f2817','rceemcoem',3,'',1,'5f930af0a17842dcb961e84ceb6bc0d4'),(113,'2020-08-01 13:31:15.853364','e8608463-4b82-4057-88dd-2ee4a22d2bff','rcentcmce',3,'',1,'5f930af0a17842dcb961e84ceb6bc0d4'),(114,'2020-08-01 13:31:15.858978','6c17e4ad-8d04-4d9d-a85c-70772abda12c','rcgem',3,'',1,'5f930af0a17842dcb961e84ceb6bc0d4'),(115,'2020-08-01 13:31:15.864392','7ee47ed2-5bb6-4bc0-9ab5-f82526c49578','rcglobalyouth',3,'',1,'5f930af0a17842dcb961e84ceb6bc0d4'),(116,'2020-08-01 13:31:15.869749','547b6d69-958a-4278-aa51-4ff8dc0fc874','rchumanitas',3,'',1,'5f930af0a17842dcb961e84ceb6bc0d4'),(117,'2020-08-01 13:31:15.876764','55a90a01-dd14-4f15-839e-1136b587d48d','rcic',3,'',1,'5f930af0a17842dcb961e84ceb6bc0d4'),(118,'2020-08-01 13:31:15.882201','a91ee871-cb5a-45fd-8a9f-9ae132de883a','rciiebm',3,'',1,'5f930af0a17842dcb961e84ceb6bc0d4'),(119,'2020-08-01 13:31:15.887420','9e472a58-0e8c-4880-8099-41c3b8e95382','rcitmbs',3,'',1,'5f930af0a17842dcb961e84ceb6bc0d4'),(120,'2020-08-01 13:31:15.893787','dbea13fd-1007-49b7-9f2d-7189b9809f0c','rckhargharmidtown',3,'',1,'5f930af0a17842dcb961e84ceb6bc0d4'),(121,'2020-08-01 13:31:15.898707','308752f1-d017-4dbe-84fb-e9f2cf5380bf','rckoregaonpark',3,'',1,'5f930af0a17842dcb961e84ceb6bc0d4'),(122,'2020-08-01 13:31:15.908693','57ef70ed-1a53-4eae-b1d2-6571330ad725','rclco',3,'',1,'5f930af0a17842dcb961e84ceb6bc0d4'),(123,'2020-08-01 13:31:15.920029','8399b5ef-2252-4086-8c30-abc8a43c718f','rclonavla',3,'',1,'5f930af0a17842dcb961e84ceb6bc0d4'),(124,'2020-08-01 13:31:15.925689','3d90536c-5f7c-4b7e-9e20-c3a0911b3f92','rcmcasc',3,'',1,'5f930af0a17842dcb961e84ceb6bc0d4'),(125,'2020-08-01 13:31:15.931097','e2c1293e-f83f-419e-9f62-595487fbd40a','rcmcg',3,'',1,'5f930af0a17842dcb961e84ceb6bc0d4'),(126,'2020-08-01 13:31:15.935816','6061287a-0930-4858-a18a-11f1afc341d9','rcmcgp',3,'',1,'5f930af0a17842dcb961e84ceb6bc0d4'),(127,'2020-08-01 13:31:15.941437','89cba53a-558d-482f-9091-eadfed7b8486','rcmim',3,'',1,'5f930af0a17842dcb961e84ceb6bc0d4'),(128,'2020-08-01 13:31:15.946598','0ef3247c-a7b1-4856-a935-672ebc1aaff3','rcmmmce',3,'',1,'5f930af0a17842dcb961e84ceb6bc0d4'),(129,'2020-08-01 13:31:15.953343','df31fc57-6b43-41cd-a688-e438ef498925','rcmmmcoe',3,'',1,'5f930af0a17842dcb961e84ceb6bc0d4'),(130,'2020-08-01 13:31:15.958937','08162895-d576-4ded-80bb-afb4b7eacd57','rcmmrcpk',3,'',1,'5f930af0a17842dcb961e84ceb6bc0d4'),(131,'2020-08-01 13:31:15.970416','1fd65601-9793-46fb-a00d-684618f6ea08','rcnarayangaonhighway',3,'',1,'5f930af0a17842dcb961e84ceb6bc0d4'),(132,'2020-08-01 13:31:15.976152','9365afca-7f8e-4cc8-9ed1-de535fc6235b','rcnigdi',3,'',1,'5f930af0a17842dcb961e84ceb6bc0d4'),(133,'2020-08-01 13:31:15.980336','fa347d12-d1f2-4763-99fb-afc90a6b542d','rcpanvel',3,'',1,'5f930af0a17842dcb961e84ceb6bc0d4'),(134,'2020-08-01 13:31:15.987775','db92e86f-9f11-46fb-bd36-64ca4bcc069a','rcpanvelcentral',3,'',1,'5f930af0a17842dcb961e84ceb6bc0d4'),(135,'2020-08-01 13:31:15.993165','509c79b9-65e9-44c7-88bf-5a5cb80f11f8','rcpanvelelite',3,'',1,'5f930af0a17842dcb961e84ceb6bc0d4'),(136,'2020-08-01 13:31:15.998529','da3156d8-7aeb-4915-a953-f5898de74e3a','rcpanvelindustrialtown',3,'',1,'5f930af0a17842dcb961e84ceb6bc0d4'),(137,'2020-08-01 13:31:16.005980','42d6adec-365f-4bbf-b059-20e934ff7afc','rcpanvelmahanagar',3,'',1,'5f930af0a17842dcb961e84ceb6bc0d4'),(138,'2020-08-01 13:31:16.011301','dafe3f12-e84a-4631-8f5e-0ce7d20ff1ec','rcpanvelmidtown',3,'',1,'5f930af0a17842dcb961e84ceb6bc0d4'),(139,'2020-08-01 13:31:16.015421','d1c1a438-cc1f-4f14-b3de-3de213682e90','rcpanvelsunrise',3,'',1,'5f930af0a17842dcb961e84ceb6bc0d4'),(140,'2020-08-01 13:31:16.021137','c32f0199-cc52-4408-b559-944990243da7','rcpatalganga',3,'',1,'5f930af0a17842dcb961e84ceb6bc0d4'),(141,'2020-08-01 13:31:16.026865','0e9cfc27-2f20-4bad-978b-d42f6c4982e1','rcpen',3,'',1,'5f930af0a17842dcb961e84ceb6bc0d4'),(142,'2020-08-01 13:31:16.031981','1aca49bc-c6b2-4233-a1a7-2d0398b051a8','rcpimpri',3,'',1,'5f930af0a17842dcb961e84ceb6bc0d4'),(143,'2020-08-01 13:31:16.036827','2a7031c7-0ba8-4602-b73b-648ba537af03','rcpkmm',3,'',1,'5f930af0a17842dcb961e84ceb6bc0d4'),(144,'2020-08-01 13:31:16.040854','986b1d5f-8382-4581-ad0e-04486f062876','rcpoonaroyal',3,'',1,'5f930af0a17842dcb961e84ceb6bc0d4'),(145,'2020-08-01 13:31:16.046299','ddf67b70-1dbb-4eff-b3b4-956dadc503c9','rcpoonasouth',3,'',1,'5f930af0a17842dcb961e84ceb6bc0d4'),(146,'2020-08-01 13:31:16.055541','575ce0fd-e554-4c2d-8a92-3d054f15a9f1','rcpune\'syuva',3,'',1,'5f930af0a17842dcb961e84ceb6bc0d4'),(147,'2020-08-01 13:31:16.061170','cbfdb616-fd6b-4ff3-b502-e0684927d63c','rcpunecamphorizon',3,'',1,'5f930af0a17842dcb961e84ceb6bc0d4'),(148,'2020-08-01 13:31:16.066679','b24e14c2-d54b-473c-8586-c28622d2415e','rcpunecampnextgen',3,'',1,'5f930af0a17842dcb961e84ceb6bc0d4'),(149,'2020-08-01 13:31:16.072046','2c31da43-f267-491f-b30a-ec3a5edd3de1','rcpunecamppioneer',3,'',1,'5f930af0a17842dcb961e84ceb6bc0d4'),(150,'2020-08-01 13:31:16.076409','ee28c203-1da1-42a9-babe-39e5bbbba104','rcpunecantonment',3,'',1,'5f930af0a17842dcb961e84ceb6bc0d4'),(151,'2020-08-01 13:31:16.082294','2d3d11a1-f966-45f1-a99d-e74c157f4994','rcpunedeccangymkhana',3,'',1,'5f930af0a17842dcb961e84ceb6bc0d4'),(152,'2020-08-01 13:31:16.087755','9655a8b8-015b-4b93-9d34-9c4a25917360','rcpunefareast',3,'',1,'5f930af0a17842dcb961e84ceb6bc0d4'),(153,'2020-08-01 13:31:16.092838','44130eda-42b0-4f0c-9d83-75c594c2a15b','rcpuneganeshkhind',3,'',1,'5f930af0a17842dcb961e84ceb6bc0d4'),(154,'2020-08-01 13:31:16.099144','604210a0-938b-4a52-88cb-b767f78dbc22','rcpuneheritage',3,'',1,'5f930af0a17842dcb961e84ceb6bc0d4'),(155,'2020-08-01 13:31:16.103909','fb84e0a8-4746-479d-b356-b71771952af3','rcpunehillside',3,'',1,'5f930af0a17842dcb961e84ceb6bc0d4'),(156,'2020-08-01 13:31:16.109223','e1b89d61-953a-41b1-823c-22346178bb2f','rcpunekalyaninagar',3,'',1,'5f930af0a17842dcb961e84ceb6bc0d4'),(157,'2020-08-01 13:31:16.112926','0d804345-3b8d-4845-b0c8-159ba9522bf1','rcpunekatraj',3,'',1,'5f930af0a17842dcb961e84ceb6bc0d4'),(158,'2020-08-01 13:31:16.118084','1af75a81-e087-4aac-9445-84f61ce97370','rcpunekothrudmodernmanagers',3,'',1,'5f930af0a17842dcb961e84ceb6bc0d4'),(159,'2020-08-01 13:31:16.123890','09460d7d-5ccd-4e7a-9ef7-19fc6fe1a0ee','rcpunemideast',3,'',1,'5f930af0a17842dcb961e84ceb6bc0d4'),(160,'2020-08-01 13:31:16.130014','674a5cb0-c478-4f2f-9a14-383874326119','rcpunenagarroad',3,'',1,'5f930af0a17842dcb961e84ceb6bc0d4'),(161,'2020-08-01 13:31:16.135880','839fde35-d691-4f60-bf04-18d9366381cf','rcpunepashan',3,'',1,'5f930af0a17842dcb961e84ceb6bc0d4'),(162,'2020-08-01 13:31:16.141893','d3493491-6c54-4174-8de7-26c5c46ad47b','rcpunepride',3,'',1,'5f930af0a17842dcb961e84ceb6bc0d4'),(163,'2020-08-01 13:31:16.148360','83ed5d65-b9b5-4a6c-a1eb-7c18d8c9d696','rcpunerenaissance',3,'',1,'5f930af0a17842dcb961e84ceb6bc0d4'),(164,'2020-08-01 13:31:16.152216','0309d88a-d07d-49fe-ae32-de338aadb407','rcpuneroyal',3,'',1,'5f930af0a17842dcb961e84ceb6bc0d4'),(165,'2020-08-01 13:31:16.163459','69114b9e-a98f-490d-883b-8b4c03f3fd46','rcpunesalisburypark',3,'',1,'5f930af0a17842dcb961e84ceb6bc0d4'),(166,'2020-08-01 13:31:16.172216','49b5c32b-2931-4907-8186-67aa576cae4c','rcpuneshaniwarwada',3,'',1,'5f930af0a17842dcb961e84ceb6bc0d4'),(167,'2020-08-01 13:31:16.182672','30aa70ce-716e-4529-ba35-05391c1f630e','rcpunesinhagadroad',3,'',1,'5f930af0a17842dcb961e84ceb6bc0d4'),(168,'2020-08-01 13:31:16.203082','36199e33-1cd0-4d13-ae35-08e69fb96f08','rcpuneurja',3,'',1,'5f930af0a17842dcb961e84ceb6bc0d4'),(169,'2020-08-01 13:31:16.224307','d1d81481-9155-40d4-be2f-c74c490bb564','rcpunevibranteast',3,'',1,'5f930af0a17842dcb961e84ceb6bc0d4'),(170,'2020-08-01 13:31:16.230408','2189a6b3-96ca-45b0-9457-b4793ffaeb88','rcpunewarje',3,'',1,'5f930af0a17842dcb961e84ceb6bc0d4'),(171,'2020-08-01 13:31:16.236176','8230f886-90ee-4124-a38d-56587360a041','rcpunewisdomcumminschapter',3,'',1,'5f930af0a17842dcb961e84ceb6bc0d4'),(172,'2020-08-01 13:31:16.242066','94ab04dd-83df-4df4-a769-fd0c269043bb','rcpunezenith',3,'',1,'5f930af0a17842dcb961e84ceb6bc0d4'),(173,'2020-08-01 13:31:16.261731','2ae5276a-f38f-4bd5-8612-695174a2fdd7','rcpwcc',3,'',1,'5f930af0a17842dcb961e84ceb6bc0d4'),(174,'2020-08-01 13:31:16.267852','27b63bbe-bc70-41c3-a06d-ee4bd4574013','rcroha',3,'',1,'5f930af0a17842dcb961e84ceb6bc0d4'),(175,'2020-08-01 13:31:16.273698','e689b359-3cfe-4e9d-9bcc-ae7630124a1e','rcrsce',3,'',1,'5f930af0a17842dcb961e84ceb6bc0d4'),(176,'2020-08-01 13:31:16.279340','acfaedda-9c81-45b3-b2c5-47e5e67451bf','rcsaoe',3,'',1,'5f930af0a17842dcb961e84ceb6bc0d4'),(177,'2020-08-01 13:31:16.286591','e708f00e-93f3-4a5b-a68b-7bb55a012aa8','rcsbes',3,'',1,'5f930af0a17842dcb961e84ceb6bc0d4'),(178,'2020-08-01 13:31:16.311650','5789f405-f370-423e-a656-5b6bf00c549a','rcsc',3,'',1,'5f930af0a17842dcb961e84ceb6bc0d4'),(179,'2020-08-01 13:31:16.320584','b39651b0-5f81-41e4-b4a2-69f9c25488a2','rcscoet',3,'',1,'5f930af0a17842dcb961e84ceb6bc0d4'),(180,'2020-08-01 13:31:16.326087','96450db6-c2ce-4844-81dd-0c23f18f04a7','rcsdc',3,'',1,'5f930af0a17842dcb961e84ceb6bc0d4'),(181,'2020-08-01 13:31:16.331935','41c9f7a2-8c03-433c-9459-4fb71d13932a','rcslvn',3,'',1,'5f930af0a17842dcb961e84ceb6bc0d4'),(182,'2020-08-01 13:31:16.337829','7a192fc8-d8c0-41bf-9a03-ccf010d5a647','rcsymboisislawvimannagar',3,'',1,'5f930af0a17842dcb961e84ceb6bc0d4'),(183,'2020-08-01 13:31:16.343667','1918a74e-0125-43de-957b-bd3aec8d036b','rctalegaoncity',3,'',1,'5f930af0a17842dcb961e84ceb6bc0d4'),(184,'2020-08-01 13:31:16.350587','5399450c-f244-41b5-a856-90138f5f3424','rctjc',3,'',1,'5f930af0a17842dcb961e84ceb6bc0d4'),(185,'2020-08-01 13:31:16.356072','4781723c-528f-4aab-8dcc-6386f559fb6a','rcubs',3,'',1,'5f930af0a17842dcb961e84ceb6bc0d4'),(186,'2020-08-01 13:31:16.361322','492a3997-d3fb-481a-a051-c374ea20c2de','rcvamnicom',3,'',1,'5f930af0a17842dcb961e84ceb6bc0d4'),(187,'2020-08-01 13:31:16.366277','6473969a-61f7-4345-aa79-d87ae066d4b1','rcvibrants',3,'',1,'5f930af0a17842dcb961e84ceb6bc0d4'),(188,'2020-08-01 13:31:16.371517','b05376a1-3c83-4fdc-a581-b014dfd59148','rcviit',3,'',1,'5f930af0a17842dcb961e84ceb6bc0d4'),(189,'2020-08-01 13:31:16.380628','862ddddb-e5b0-4eef-833e-9fc63c9528f3','rcvimannagar',3,'',1,'5f930af0a17842dcb961e84ceb6bc0d4'),(190,'2020-08-01 13:31:16.385957','fc87864c-6c39-444e-b460-f1b35f316452','rcyuvanext',3,'',1,'5f930af0a17842dcb961e84ceb6bc0d4'),(191,'2020-08-04 00:42:22.571412','e2840e69-7363-4ce7-b6d5-2b3115c3d96a','rcaims',3,'',1,'5f930af0a17842dcb961e84ceb6bc0d4'),(192,'2020-08-04 00:42:22.591375','6d27ff1c-b6e6-453c-a84d-3689125d3657','rcait',3,'',1,'5f930af0a17842dcb961e84ceb6bc0d4'),(193,'2020-08-04 00:42:22.612676','ec1f4550-adc6-405e-ad12-be0963ea9f3c','rcalibagseashore',3,'',1,'5f930af0a17842dcb961e84ceb6bc0d4'),(194,'2020-08-04 00:42:22.632837','4332e9f2-efd2-42e5-8ac4-96093afeb06c','rcalumni',3,'',1,'5f930af0a17842dcb961e84ceb6bc0d4'),(195,'2020-08-04 00:42:22.648674','4f18bbb9-e1bc-4cfe-8eaf-f133d8963327','rcamanorayoungistan',3,'',1,'5f930af0a17842dcb961e84ceb6bc0d4'),(196,'2020-08-04 00:42:22.669711','198bfa77-a6e6-4244-b025-fa68e78c0d1f','rcaundh',3,'',1,'5f930af0a17842dcb961e84ceb6bc0d4'),(197,'2020-08-04 00:42:22.686441','20a56c33-aca4-480a-83d5-9a488bf97bc5','rcbibwewadipune',3,'',1,'5f930af0a17842dcb961e84ceb6bc0d4'),(198,'2020-08-04 00:42:22.704925','a4515ac1-2b34-4805-8620-d1fd39bbe2e3','rcbjcp',3,'',1,'5f930af0a17842dcb961e84ceb6bc0d4'),(199,'2020-08-04 00:42:22.719080','ec90d8a4-0d27-4af2-8a5e-30b298bf0076','rcbnca',3,'',1,'5f930af0a17842dcb961e84ceb6bc0d4'),(200,'2020-08-04 00:42:22.733813','3ffdd5da-3c07-4f6b-8c0f-318a8657a070','rcdc',3,'',1,'5f930af0a17842dcb961e84ceb6bc0d4'),(201,'2020-08-04 00:42:22.755226','cd82963a-d989-4321-86c6-4695e5e5204a','rcdpu',3,'',1,'5f930af0a17842dcb961e84ceb6bc0d4'),(202,'2020-08-04 00:42:22.772283','f204abaa-f9eb-40bd-8f36-cd5c31698ed3','rcdypacs',3,'',1,'5f930af0a17842dcb961e84ceb6bc0d4'),(203,'2020-08-04 00:42:22.791053','0a06afe8-e859-45ad-b0d7-e8e2c6c7a507','rcdypiemr',3,'',1,'5f930af0a17842dcb961e84ceb6bc0d4'),(204,'2020-08-04 00:42:22.813688','9b2b9753-8851-4881-b669-d1fa554068cb','rcdypims',3,'',1,'5f930af0a17842dcb961e84ceb6bc0d4'),(205,'2020-08-04 00:42:22.835593','e80418e8-7671-4339-8628-d47d13f61efc','rcdypvp',3,'',1,'5f930af0a17842dcb961e84ceb6bc0d4'),(206,'2020-08-04 00:42:22.855185','ad5cf5c4-66b8-4479-9f94-0c089ba033ea','rceemcoem',3,'',1,'5f930af0a17842dcb961e84ceb6bc0d4'),(207,'2020-08-04 00:42:22.871914','900fea76-6cde-41e2-9459-ef344e1319d9','rcentcmce',3,'',1,'5f930af0a17842dcb961e84ceb6bc0d4'),(208,'2020-08-04 00:42:22.889884','90b39694-2289-4eb9-b938-963efc50dc25','rcgem',3,'',1,'5f930af0a17842dcb961e84ceb6bc0d4'),(209,'2020-08-04 00:42:22.904005','1ce38811-1860-412c-9ef3-82de757cf561','rcglobalyouth',3,'',1,'5f930af0a17842dcb961e84ceb6bc0d4'),(210,'2020-08-04 00:42:22.910791','bba78933-a164-44d9-99c0-0fa2e39d4fd3','rchumanitas',3,'',1,'5f930af0a17842dcb961e84ceb6bc0d4'),(211,'2020-08-04 00:42:22.919091','421afdc3-87b9-49c1-abcf-73fb8683d711','rcic',3,'',1,'5f930af0a17842dcb961e84ceb6bc0d4'),(212,'2020-08-04 00:42:22.938546','6b39b524-4816-4a5d-a983-47e1e7b41c0a','rciiebm',3,'',1,'5f930af0a17842dcb961e84ceb6bc0d4'),(213,'2020-08-04 00:42:22.953557','29f5b51e-d58b-48b8-bf00-c9bc7ad98aac','rcitmbs',3,'',1,'5f930af0a17842dcb961e84ceb6bc0d4'),(214,'2020-08-04 00:42:22.962065','7b613710-0f98-4afe-9cf3-492870bc956d','rckhargharmidtown',3,'',1,'5f930af0a17842dcb961e84ceb6bc0d4'),(215,'2020-08-04 00:42:22.980752','56c97464-e71f-4300-8b2e-ce80173371f9','rckoregaonpark',3,'',1,'5f930af0a17842dcb961e84ceb6bc0d4'),(216,'2020-08-04 00:42:23.001650','1247ce53-837e-4f86-a62e-a484ec907963','rclco',3,'',1,'5f930af0a17842dcb961e84ceb6bc0d4'),(217,'2020-08-04 00:42:23.008351','cffa54d5-2caa-4c91-b0f0-71c2cf0b1bc1','rclonavla',3,'',1,'5f930af0a17842dcb961e84ceb6bc0d4'),(218,'2020-08-04 00:42:23.031224','688f65bb-f9b8-49b1-a19a-4e1ae03901e6','rcmcasc',3,'',1,'5f930af0a17842dcb961e84ceb6bc0d4'),(219,'2020-08-04 00:42:23.039232','fe2cd847-e143-4028-9d66-a4c1f0c8d221','rcmcgp',3,'',1,'5f930af0a17842dcb961e84ceb6bc0d4'),(220,'2020-08-04 00:42:23.047337','a0aaa8cb-d54d-4fcb-8c5b-0796f336865c','rcmim',3,'',1,'5f930af0a17842dcb961e84ceb6bc0d4'),(221,'2020-08-04 00:42:23.063435','977b8069-7b35-41f4-8341-9422fd9501c7','rcmmmcoe',3,'',1,'5f930af0a17842dcb961e84ceb6bc0d4'),(222,'2020-08-04 00:42:23.079047','48de07e5-34a0-49dd-8900-08552c44a072','rcmmrcpk',3,'',1,'5f930af0a17842dcb961e84ceb6bc0d4'),(223,'2020-08-04 00:42:23.084796','a1449f48-d429-4963-ae9d-614c3c45b090','rcnarayangaonhighway',3,'',1,'5f930af0a17842dcb961e84ceb6bc0d4'),(224,'2020-08-04 00:42:23.106995','aa2142db-8a29-42b6-810f-410738dad3b4','rcnigdi',3,'',1,'5f930af0a17842dcb961e84ceb6bc0d4'),(225,'2020-08-04 00:42:23.133414','1c3c7cfd-327b-48dd-9d4a-3b2bd5ef0e53','rcpanvel',3,'',1,'5f930af0a17842dcb961e84ceb6bc0d4'),(226,'2020-08-04 00:42:23.160548','926b8703-2d7c-4292-a9bd-cedede4c25a3','rcpanvelelite',3,'',1,'5f930af0a17842dcb961e84ceb6bc0d4'),(227,'2020-08-04 00:42:23.189884','fcf77f17-3c6b-4de1-949c-9109620080a1','rcpanvelindustrialtown',3,'',1,'5f930af0a17842dcb961e84ceb6bc0d4'),(228,'2020-08-04 00:42:23.204943','0dc5db7a-9cb0-4276-9d08-bf3e9205832f','rcpanvelmahanagar',3,'',1,'5f930af0a17842dcb961e84ceb6bc0d4'),(229,'2020-08-04 00:42:23.218518','16dfcffc-2499-4d83-b44c-fee93d7b2c15','rcpanvelmidtown',3,'',1,'5f930af0a17842dcb961e84ceb6bc0d4'),(230,'2020-08-04 00:42:23.230992','17267a04-536b-451b-bcf0-8090ea9338d0','rcpanvelsunrise',3,'',1,'5f930af0a17842dcb961e84ceb6bc0d4'),(231,'2020-08-04 00:42:23.238969','628b4272-182f-4f58-b31c-b73822fdc2ae','rcpatalganga',3,'',1,'5f930af0a17842dcb961e84ceb6bc0d4'),(232,'2020-08-04 00:42:23.253256','53fe964e-4f8d-4387-b3f0-82e53c9fe7b2','rcpen',3,'',1,'5f930af0a17842dcb961e84ceb6bc0d4'),(233,'2020-08-04 00:42:23.270941','ae86eee7-3137-4ab6-a43a-82035b417212','rcpimpri',3,'',1,'5f930af0a17842dcb961e84ceb6bc0d4'),(234,'2020-08-04 00:42:23.283218','e2d55b70-0692-4cad-ad68-4be20e0a5d7a','rcpkmm',3,'',1,'5f930af0a17842dcb961e84ceb6bc0d4'),(235,'2020-08-04 00:42:23.292584','f395bf51-901f-4036-b9f7-f9123f581153','rcpoonaroyal',3,'',1,'5f930af0a17842dcb961e84ceb6bc0d4'),(236,'2020-08-04 00:42:23.305201','0dabc3f4-36cb-44aa-a112-e7d07d876626','rcpoonasouth',3,'',1,'5f930af0a17842dcb961e84ceb6bc0d4'),(237,'2020-08-04 00:42:23.318521','f516653c-e3cc-49e8-92b2-fafa172e4fc0','rcpunecamphorizon',3,'',1,'5f930af0a17842dcb961e84ceb6bc0d4'),(238,'2020-08-04 00:42:23.326423','14d08fee-1060-4df5-9920-00c029eb0053','rcpunecampnextgen',3,'',1,'5f930af0a17842dcb961e84ceb6bc0d4'),(239,'2020-08-04 00:42:23.336385','31114663-dec5-46a5-ae4b-706e3e69c14e','rcpunecamppioneer',3,'',1,'5f930af0a17842dcb961e84ceb6bc0d4'),(240,'2020-08-04 00:42:23.351176','369b830d-db89-47e6-86f6-a5a961b3abab','rcpunecantonment',3,'',1,'5f930af0a17842dcb961e84ceb6bc0d4'),(241,'2020-08-04 00:42:23.365616','7400d43a-1fe1-403a-bc8a-0cd1704eb2a9','rcpunedeccangymkhana',3,'',1,'5f930af0a17842dcb961e84ceb6bc0d4'),(242,'2020-08-04 00:42:23.379155','31ed5c01-22ee-40e8-8891-07db62f1e60a','rcpunefareast',3,'',1,'5f930af0a17842dcb961e84ceb6bc0d4'),(243,'2020-08-04 00:42:23.390038','50113cee-54fc-42a3-b858-9459290ea73c','rcpuneganeshkhind',3,'',1,'5f930af0a17842dcb961e84ceb6bc0d4'),(244,'2020-08-04 00:42:23.404448','f97b7614-ffd2-4cfc-bc15-59ff094b58bb','rcpuneheritage',3,'',1,'5f930af0a17842dcb961e84ceb6bc0d4'),(245,'2020-08-04 00:42:23.414945','709a5d87-a280-4c70-8912-c23a375e2c32','rcpunehillside',3,'',1,'5f930af0a17842dcb961e84ceb6bc0d4'),(246,'2020-08-04 00:42:23.430145','7680f4d8-f06e-4e5b-975f-26b3c6724a55','rcpunekalyaninagar',3,'',1,'5f930af0a17842dcb961e84ceb6bc0d4'),(247,'2020-08-04 00:42:23.436929','492f04d0-d079-4bda-92dc-5e782ff9d170','rcpunekatraj',3,'',1,'5f930af0a17842dcb961e84ceb6bc0d4'),(248,'2020-08-04 00:42:23.443838','2b3b195c-9725-45ee-8a8c-c5f841856f50','rcpunemideast',3,'',1,'5f930af0a17842dcb961e84ceb6bc0d4'),(249,'2020-08-04 00:42:23.449203','0faa6237-6a46-45f9-9c36-9665af9b2b39','rcpunenagarroad',3,'',1,'5f930af0a17842dcb961e84ceb6bc0d4'),(250,'2020-08-04 00:42:23.454850','e187c98d-9199-4de6-9d5e-3d0c08b32805','rcpunepashan',3,'',1,'5f930af0a17842dcb961e84ceb6bc0d4'),(251,'2020-08-04 00:42:23.460688','20350cff-2113-4b7e-a906-d25ecc148fb4','rcpunepride',3,'',1,'5f930af0a17842dcb961e84ceb6bc0d4'),(252,'2020-08-04 00:42:23.465401','9ef3055b-77d5-4b24-8215-cd975c731183','rcpunerenaissance',3,'',1,'5f930af0a17842dcb961e84ceb6bc0d4'),(253,'2020-08-04 00:42:23.471574','55c22d05-3364-49d6-9389-3c5844faf511','rcpuneroyal',3,'',1,'5f930af0a17842dcb961e84ceb6bc0d4'),(254,'2020-08-04 00:42:23.479773','13be520a-0b16-4196-b268-91be69f9f955','rcpunesalisburypark',3,'',1,'5f930af0a17842dcb961e84ceb6bc0d4'),(255,'2020-08-04 00:42:23.485642','12cb0c17-b842-407c-b97c-4ee433cef830','rcpuneshaniwarwada',3,'',1,'5f930af0a17842dcb961e84ceb6bc0d4'),(256,'2020-08-04 00:42:23.491764','9f47150b-af3d-48a5-a54f-7e6913367c0b','rcpunesinhagadroad',3,'',1,'5f930af0a17842dcb961e84ceb6bc0d4'),(257,'2020-08-04 00:42:23.498509','da7a65a7-0ed2-4fed-9cb3-2d05ab744a6b','rcpunesyuva',3,'',1,'5f930af0a17842dcb961e84ceb6bc0d4'),(258,'2020-08-04 00:42:23.503318','e22964e0-754e-48f5-b3a9-1c8e53c9ace6','rcpuneurja',3,'',1,'5f930af0a17842dcb961e84ceb6bc0d4'),(259,'2020-08-04 00:42:23.508256','33cc3ce2-ec97-4a55-97a2-7954fac722e8','rcpunevibranteast',3,'',1,'5f930af0a17842dcb961e84ceb6bc0d4'),(260,'2020-08-04 00:42:23.514479','49f1a9bb-e442-4a2c-89e0-c35cf572334e','rcpunewarje',3,'',1,'5f930af0a17842dcb961e84ceb6bc0d4'),(261,'2020-08-04 00:42:23.520354','f3f8e12a-da04-4ebb-a5eb-3be97dd3dde4','rcpunezenith',3,'',1,'5f930af0a17842dcb961e84ceb6bc0d4'),(262,'2020-08-04 00:42:23.526648','5c4af3e6-4293-4d6f-a0c5-6fcff33d9e63','rcpwcc',3,'',1,'5f930af0a17842dcb961e84ceb6bc0d4'),(263,'2020-08-04 00:42:23.532552','25998c31-7506-4554-829a-de8dc11146af','rcroha',3,'',1,'5f930af0a17842dcb961e84ceb6bc0d4'),(264,'2020-08-04 00:42:23.538723','73e14576-5219-49e3-a16c-2475ac88b27b','rcsaoe',3,'',1,'5f930af0a17842dcb961e84ceb6bc0d4'),(265,'2020-08-04 00:42:23.544794','30ea64e9-b543-43b3-bda0-cc589f95eda2','rcsbes',3,'',1,'5f930af0a17842dcb961e84ceb6bc0d4'),(266,'2020-08-04 00:42:23.551242','c2622677-f910-4dd8-a0a2-fa5d204fa137','rcsc',3,'',1,'5f930af0a17842dcb961e84ceb6bc0d4'),(267,'2020-08-04 00:42:23.558062','0a2c97af-2d66-4463-955c-bc2a82c297bd','rcscoet',3,'',1,'5f930af0a17842dcb961e84ceb6bc0d4'),(268,'2020-08-04 00:42:23.566321','2c0d6f4b-3055-435c-a402-366afdb50522','rcsdc',3,'',1,'5f930af0a17842dcb961e84ceb6bc0d4'),(269,'2020-08-04 00:42:23.572408','69cff3e2-a64d-4e7a-9cc6-0b48f468472c','rcslvn',3,'',1,'5f930af0a17842dcb961e84ceb6bc0d4'),(270,'2020-08-04 00:42:23.578430','d43029b7-c097-49ec-b053-84431dfdbb21','rctalegaoncity',3,'',1,'5f930af0a17842dcb961e84ceb6bc0d4'),(271,'2020-08-04 00:42:23.585644','e9291fcd-3173-455e-b448-4460e3832638','rctjc',3,'',1,'5f930af0a17842dcb961e84ceb6bc0d4'),(272,'2020-08-04 00:42:23.592325','91feb321-90d2-4080-99ad-f418127a2ebe','rcubs',3,'',1,'5f930af0a17842dcb961e84ceb6bc0d4'),(273,'2020-08-04 00:42:23.598916','f34be2de-5623-4831-86b6-61224b182c06','rcvamnicom',3,'',1,'5f930af0a17842dcb961e84ceb6bc0d4'),(274,'2020-08-04 00:42:23.603952','162e45fc-3ac2-458a-9548-98b463f107ec','rcvibrants',3,'',1,'5f930af0a17842dcb961e84ceb6bc0d4'),(275,'2020-08-04 00:42:23.610329','4c909330-0b31-4677-9def-e28f305789ed','rcviit',3,'',1,'5f930af0a17842dcb961e84ceb6bc0d4'),(276,'2020-08-04 00:42:23.615829','87dd6e2b-6b31-4554-90ab-a096dbf9c702','rcvimannagar',3,'',1,'5f930af0a17842dcb961e84ceb6bc0d4'),(277,'2020-08-04 00:42:23.629105','73ac57be-f0b3-44d7-97a6-b25b6c65cd9f','rcyuvanext',3,'',1,'5f930af0a17842dcb961e84ceb6bc0d4'),(278,'2020-08-04 10:07:28.219939','49c753dc-172d-438c-aff0-4329bfc03569','rcaims',3,'',1,'5f930af0a17842dcb961e84ceb6bc0d4'),(279,'2020-08-04 10:07:28.238149','6bbdc50a-d5e5-4829-b895-138196bb29ea','rcait',3,'',1,'5f930af0a17842dcb961e84ceb6bc0d4'),(280,'2020-08-04 10:07:28.264456','07b338b1-141f-4bfc-8582-0076edfefc31','rcalibagseashore',3,'',1,'5f930af0a17842dcb961e84ceb6bc0d4'),(281,'2020-08-04 10:07:28.286499','c61420ce-060e-4061-82ff-9070f9af74d7','rcalumni',3,'',1,'5f930af0a17842dcb961e84ceb6bc0d4'),(282,'2020-08-04 10:07:28.298671','7fba77b0-a499-45d6-b86e-bb3b1d84e5f3','rcamanorayoungistan',3,'',1,'5f930af0a17842dcb961e84ceb6bc0d4'),(283,'2020-08-04 10:07:28.328839','ff3066e1-402b-4f97-81a0-aba7b3dbdc78','rcaundh',3,'',1,'5f930af0a17842dcb961e84ceb6bc0d4'),(284,'2020-08-04 10:07:28.360567','dbeaeebb-2d5a-456b-b2c8-2f11b7a7067d','rcbibwewadipune',3,'',1,'5f930af0a17842dcb961e84ceb6bc0d4'),(285,'2020-08-04 10:07:28.381007','d15484df-44fa-42bf-b0b9-e2ea7c80f814','rcbjcp',3,'',1,'5f930af0a17842dcb961e84ceb6bc0d4'),(286,'2020-08-04 10:07:28.402121','47e4c65e-d3d3-4224-b52f-82b9a10a2cb1','rcbnca',3,'',1,'5f930af0a17842dcb961e84ceb6bc0d4'),(287,'2020-08-04 10:07:28.418753','144b84d8-d618-4d63-9e51-ea5fb9636917','rcdc',3,'',1,'5f930af0a17842dcb961e84ceb6bc0d4'),(288,'2020-08-04 10:07:28.424757','036a3406-3217-487d-b2cf-3e7bfbbc701d','rcdpu',3,'',1,'5f930af0a17842dcb961e84ceb6bc0d4'),(289,'2020-08-04 10:07:28.432868','72b0740d-1fac-48ca-8137-f22e58e36355','rcdypacs',3,'',1,'5f930af0a17842dcb961e84ceb6bc0d4'),(290,'2020-08-04 10:07:28.441237','d33c3ea7-a83e-440f-8d5a-4e369de61f24','rcdypiemr',3,'',1,'5f930af0a17842dcb961e84ceb6bc0d4'),(291,'2020-08-04 10:07:28.451022','e5a6464d-712c-4e29-961a-b2e24ba95e97','rcdypims',3,'',1,'5f930af0a17842dcb961e84ceb6bc0d4'),(292,'2020-08-04 10:07:28.463964','ebd5ff0b-f162-4dbe-92a3-effe9ae9ba1b','rcdypvp',3,'',1,'5f930af0a17842dcb961e84ceb6bc0d4'),(293,'2020-08-04 10:07:28.472832','e7f8f4d6-a545-453a-9873-1c9f78626bf4','rceemcoem',3,'',1,'5f930af0a17842dcb961e84ceb6bc0d4'),(294,'2020-08-04 10:07:28.484149','9c3cd020-2abf-4cf0-a218-c2bd4e392722','rcentcmce',3,'',1,'5f930af0a17842dcb961e84ceb6bc0d4'),(295,'2020-08-04 10:07:28.492794','5d112899-0864-4ce8-9be8-11657dbd3a79','rcgem',3,'',1,'5f930af0a17842dcb961e84ceb6bc0d4'),(296,'2020-08-04 10:07:28.513928','0280bcb2-1d2b-46ed-b0c5-5fcc55bd49d1','rcglobalyouth',3,'',1,'5f930af0a17842dcb961e84ceb6bc0d4'),(297,'2020-08-04 10:07:28.521065','eec3120a-8c32-490e-817e-31cff8c9d1db','rchumanitas',3,'',1,'5f930af0a17842dcb961e84ceb6bc0d4'),(298,'2020-08-04 10:07:28.528692','5d335f0b-ff8d-4335-bc02-3856fe690437','rcic',3,'',1,'5f930af0a17842dcb961e84ceb6bc0d4'),(299,'2020-08-04 10:07:28.537842','31f839a3-da53-446c-840f-9e7bf189ad29','rciiebm',3,'',1,'5f930af0a17842dcb961e84ceb6bc0d4'),(300,'2020-08-04 10:07:28.545461','9064fbac-16fc-4bf4-9581-83db6b4d1302','rcitmbs',3,'',1,'5f930af0a17842dcb961e84ceb6bc0d4'),(301,'2020-08-04 10:07:28.556333','b9f3144a-f328-4e09-8608-25d185dbd115','rckhargharmidtown',3,'',1,'5f930af0a17842dcb961e84ceb6bc0d4'),(302,'2020-08-04 10:07:28.565021','d6a02da4-7577-47ac-89e3-db3e4035c6d0','rckoregaonpark',3,'',1,'5f930af0a17842dcb961e84ceb6bc0d4'),(303,'2020-08-04 10:07:28.576365','92663724-3b0b-42f4-8563-9bffd00f93bd','rclco',3,'',1,'5f930af0a17842dcb961e84ceb6bc0d4'),(304,'2020-08-04 10:07:28.593198','cdc2f275-ce79-4f6e-8114-a851359313f2','rclonavla',3,'',1,'5f930af0a17842dcb961e84ceb6bc0d4'),(305,'2020-08-04 10:07:28.601441','0b16facc-e9b2-413c-97d7-286dd6b5cddd','rcmcasc',3,'',1,'5f930af0a17842dcb961e84ceb6bc0d4'),(306,'2020-08-04 10:07:28.610561','bb3efed0-edef-4cc3-a58d-9de38e3fd405','rcmcgp',3,'',1,'5f930af0a17842dcb961e84ceb6bc0d4'),(307,'2020-08-04 10:07:28.617129','df619050-55b6-4f8b-a06e-b3df3db42637','rcmim',3,'',1,'5f930af0a17842dcb961e84ceb6bc0d4'),(308,'2020-08-04 10:07:28.625300','c2708f3d-658e-476c-b206-3c25dcff579d','rcmmmcoe',3,'',1,'5f930af0a17842dcb961e84ceb6bc0d4'),(309,'2020-08-04 10:07:28.633432','401ec8f9-e035-4365-8278-cb88f1d4008f','rcmmrcpk',3,'',1,'5f930af0a17842dcb961e84ceb6bc0d4'),(310,'2020-08-04 10:07:28.642175','528a9c10-6087-4b9a-bd38-fad30d502304','rcnarayangaonhighway',3,'',1,'5f930af0a17842dcb961e84ceb6bc0d4'),(311,'2020-08-04 10:07:28.649357','3e8275ab-d98a-4239-819e-a24e173c8ec7','rcnigdi',3,'',1,'5f930af0a17842dcb961e84ceb6bc0d4'),(312,'2020-08-04 10:07:28.659486','068b4432-77b4-4d84-aa5f-266847bc159f','rcpanvel',3,'',1,'5f930af0a17842dcb961e84ceb6bc0d4'),(313,'2020-08-04 10:07:28.668936','86c4f8a1-1c4c-4e92-bf11-6e855e020c7d','rcpanvelelite',3,'',1,'5f930af0a17842dcb961e84ceb6bc0d4'),(314,'2020-08-04 10:07:28.678965','ab082a75-75f2-42d6-9c13-4a0290708d1f','rcpanvelindustrialtown',3,'',1,'5f930af0a17842dcb961e84ceb6bc0d4'),(315,'2020-08-04 10:07:28.691368','ba3a317a-93bd-4d5f-8e88-e2d4beb2bc88','rcpanvelmahanagar',3,'',1,'5f930af0a17842dcb961e84ceb6bc0d4'),(316,'2020-08-04 10:07:28.698571','0669f21e-ade8-4732-b093-89fcd08707a4','rcpanvelmidtown',3,'',1,'5f930af0a17842dcb961e84ceb6bc0d4'),(317,'2020-08-04 10:07:28.705311','848d2954-ccfd-452a-8ffe-13463307512c','rcpanvelsunrise',3,'',1,'5f930af0a17842dcb961e84ceb6bc0d4'),(318,'2020-08-04 10:07:28.755185','a1169179-a1e5-488a-a3e9-d9c8b6744069','rcpatalganga',3,'',1,'5f930af0a17842dcb961e84ceb6bc0d4'),(319,'2020-08-04 10:07:28.761395','019bdbc4-1f57-4ea6-a390-925a178ab7bc','rcpen',3,'',1,'5f930af0a17842dcb961e84ceb6bc0d4'),(320,'2020-08-04 10:07:28.780688','a866dbd0-353b-4f5b-a6b4-5845ba48e163','rcpimpri',3,'',1,'5f930af0a17842dcb961e84ceb6bc0d4'),(321,'2020-08-04 10:07:28.796430','d48f3269-81b7-48e0-9659-0695befc6a68','rcpkmm',3,'',1,'5f930af0a17842dcb961e84ceb6bc0d4'),(322,'2020-08-04 10:07:28.824462','5efba907-0a0e-44ee-b36b-a2fe58dd863b','rcpoonaroyal',3,'',1,'5f930af0a17842dcb961e84ceb6bc0d4'),(323,'2020-08-04 10:07:28.839675','b85e4134-cdb3-45d0-8c05-582b094b9919','rcpoonasouth',3,'',1,'5f930af0a17842dcb961e84ceb6bc0d4'),(324,'2020-08-04 10:07:28.856471','12cd78f1-583d-4105-a618-0cf7daef63e1','rcpunecamphorizon',3,'',1,'5f930af0a17842dcb961e84ceb6bc0d4'),(325,'2020-08-04 10:07:28.872695','50e6cd54-853f-4bdd-89cd-1fabf4aaefdb','rcpunecampnextgen',3,'',1,'5f930af0a17842dcb961e84ceb6bc0d4'),(326,'2020-08-04 10:07:28.878828','2a29abfd-95e0-4677-b7f6-ff44f4f44331','rcpunecamppioneer',3,'',1,'5f930af0a17842dcb961e84ceb6bc0d4'),(327,'2020-08-04 10:07:28.888926','72931bd5-b4dd-469d-bbb4-597c0bf25e9c','rcpunecantonment',3,'',1,'5f930af0a17842dcb961e84ceb6bc0d4'),(328,'2020-08-04 10:07:28.896746','c4ec5477-96a9-4aec-9d2e-2b6d8016961c','rcpunedeccangymkhana',3,'',1,'5f930af0a17842dcb961e84ceb6bc0d4'),(329,'2020-08-04 10:07:28.904520','1aa5700d-a5d7-4c1c-bdf3-8cdf630a1cfb','rcpunefareast',3,'',1,'5f930af0a17842dcb961e84ceb6bc0d4'),(330,'2020-08-04 10:07:28.913684','454dc76b-c93f-4be0-b45f-ade9602b0b27','rcpuneganeshkhind',3,'',1,'5f930af0a17842dcb961e84ceb6bc0d4'),(331,'2020-08-04 10:07:28.923221','91ebd2d8-fb29-410d-b8f8-6b905155599b','rcpuneheritage',3,'',1,'5f930af0a17842dcb961e84ceb6bc0d4'),(332,'2020-08-04 10:07:28.929547','b1c4a288-fc04-4c13-b50c-2585e3ad7a36','rcpunehillside',3,'',1,'5f930af0a17842dcb961e84ceb6bc0d4'),(333,'2020-08-04 10:07:28.937670','7e5d31d9-bb7f-43bb-95a8-b9c9edfe1149','rcpunekalyaninagar',3,'',1,'5f930af0a17842dcb961e84ceb6bc0d4'),(334,'2020-08-04 10:07:28.945246','73559558-b8e0-4318-98f0-de74a8a0e5b7','rcpunekatraj',3,'',1,'5f930af0a17842dcb961e84ceb6bc0d4'),(335,'2020-08-04 10:07:28.952355','ff9bf6ba-45ed-4ebd-8f3f-b04092d94fd1','rcpunemideast',3,'',1,'5f930af0a17842dcb961e84ceb6bc0d4'),(336,'2020-08-04 10:07:28.972760','27d7124d-3d90-4414-930f-095eaf115528','rcpunenagarroad',3,'',1,'5f930af0a17842dcb961e84ceb6bc0d4'),(337,'2020-08-04 10:07:28.982624','57789db6-cd83-446c-9086-79c7b3b4e35f','rcpunepashan',3,'',1,'5f930af0a17842dcb961e84ceb6bc0d4'),(338,'2020-08-04 10:07:28.992837','5ae84155-1d7c-4efb-bc5c-ca135fc2f34d','rcpunepride',3,'',1,'5f930af0a17842dcb961e84ceb6bc0d4'),(339,'2020-08-04 10:07:29.007694','8b1b08e6-46ca-4d48-84de-c68e01bf77fe','rcpunerenaissance',3,'',1,'5f930af0a17842dcb961e84ceb6bc0d4'),(340,'2020-08-04 10:07:29.020763','4b8fce5a-2713-4074-8735-ac79004e9c95','rcpuneroyal',3,'',1,'5f930af0a17842dcb961e84ceb6bc0d4'),(341,'2020-08-04 10:07:29.029311','13134d3f-53c8-4100-9e1a-5586b5a14e8a','rcpunesalisburypark',3,'',1,'5f930af0a17842dcb961e84ceb6bc0d4'),(342,'2020-08-04 10:07:29.036386','91792234-b927-4826-beaf-bbeeba9907cd','rcpuneshaniwarwada',3,'',1,'5f930af0a17842dcb961e84ceb6bc0d4'),(343,'2020-08-04 10:07:29.052419','200416d3-cdad-4c39-9596-ca29b1f80657','rcpunesinhagadroad',3,'',1,'5f930af0a17842dcb961e84ceb6bc0d4'),(344,'2020-08-04 10:07:29.065807','accd9552-d92a-48a2-af89-1c9b6922a724','rcpunesyuva',3,'',1,'5f930af0a17842dcb961e84ceb6bc0d4'),(345,'2020-08-04 10:07:29.084149','a3173cbe-9ec1-46d4-a430-dd1d08aa9cf5','rcpuneurja',3,'',1,'5f930af0a17842dcb961e84ceb6bc0d4'),(346,'2020-08-04 10:07:29.112792','165563cf-8440-4f26-8aa1-e8e4324ad6c4','rcpunevibranteast',3,'',1,'5f930af0a17842dcb961e84ceb6bc0d4'),(347,'2020-08-04 10:07:29.131595','d0cee58b-521b-4478-a4b7-891b45dfa848','rcpunewarje',3,'',1,'5f930af0a17842dcb961e84ceb6bc0d4'),(348,'2020-08-04 10:07:29.148469','f3d70f4c-bef8-49ed-ba9a-e1e987898bc7','rcpunezenith',3,'',1,'5f930af0a17842dcb961e84ceb6bc0d4'),(349,'2020-08-04 10:07:29.163939','ebcbc9b5-ed96-4d90-b1ca-1bcbb550c250','rcpwcc',3,'',1,'5f930af0a17842dcb961e84ceb6bc0d4'),(350,'2020-08-04 10:07:29.182311','4d4b8e22-30d0-496d-8efa-83a09058867f','rcroha',3,'',1,'5f930af0a17842dcb961e84ceb6bc0d4'),(351,'2020-08-04 10:07:29.194084','c7867824-6596-4c9b-b40a-169e0b1cc5d4','rcsaoe',3,'',1,'5f930af0a17842dcb961e84ceb6bc0d4'),(352,'2020-08-04 10:07:29.206556','6eebda03-e84e-45b3-bbdf-43097c92c437','rcsbes',3,'',1,'5f930af0a17842dcb961e84ceb6bc0d4'),(353,'2020-08-04 10:07:29.218967','0e70e888-4c1d-413b-96bd-ef985cb123f3','rcsc',3,'',1,'5f930af0a17842dcb961e84ceb6bc0d4'),(354,'2020-08-04 10:07:29.229950','7abd289b-6552-46d8-8725-4ba6d86b877c','rcscoet',3,'',1,'5f930af0a17842dcb961e84ceb6bc0d4'),(355,'2020-08-04 10:07:29.243166','09cd09e2-6e5d-4681-b0e7-f7d1bae183d8','rcsdc',3,'',1,'5f930af0a17842dcb961e84ceb6bc0d4'),(356,'2020-08-04 10:07:29.250804','be02edc5-2400-42ec-9bb7-921b757c5475','rcslvn',3,'',1,'5f930af0a17842dcb961e84ceb6bc0d4'),(357,'2020-08-04 10:07:29.259218','99d84cdf-0c6a-42df-942e-c6e76df96d75','rctalegaoncity',3,'',1,'5f930af0a17842dcb961e84ceb6bc0d4'),(358,'2020-08-04 10:07:29.268337','629de122-cc0b-4406-aeaa-e33d0fbd0574','rctjc',3,'',1,'5f930af0a17842dcb961e84ceb6bc0d4'),(359,'2020-08-04 10:07:29.290613','83800998-ae77-4416-b59f-71a5e51d788f','rcubs',3,'',1,'5f930af0a17842dcb961e84ceb6bc0d4'),(360,'2020-08-04 10:07:29.306298','d443ea0b-df6b-4084-a526-ff1146bdfbbd','rcvamnicom',3,'',1,'5f930af0a17842dcb961e84ceb6bc0d4'),(361,'2020-08-04 10:07:29.314839','857b37da-b328-4268-bdbc-7874fd338067','rcvibrants',3,'',1,'5f930af0a17842dcb961e84ceb6bc0d4'),(362,'2020-08-04 10:07:29.324835','b39e0a73-660e-41b7-97c7-2e25915fd993','rcviit',3,'',1,'5f930af0a17842dcb961e84ceb6bc0d4'),(363,'2020-08-04 10:07:29.333640','ebc3dc3c-904e-4155-a6bc-5188688e9e8d','rcvimannagar',3,'',1,'5f930af0a17842dcb961e84ceb6bc0d4'),(364,'2020-08-04 10:07:29.341177','a56c4d4a-be0f-48fe-a061-20e246230fd4','rcyuvanext',3,'',1,'5f930af0a17842dcb961e84ceb6bc0d4'),(365,'2020-08-04 12:30:32.413440','01b76659-7732-48a5-acc6-6a59012fa9d9','rckhopoli',1,'[{\"added\": {}}]',1,'5f930af0a17842dcb961e84ceb6bc0d4'),(366,'2020-08-05 14:53:56.350207','214399-2020-07','RAC Panvel Central-2020-07',3,'',3,'5f930af0a17842dcb961e84ceb6bc0d4'),(367,'2020-08-05 17:02:11.180850','214399-2020-07','RAC Panvel Central-2020-07',3,'',3,'5f930af0a17842dcb961e84ceb6bc0d4'),(368,'2020-08-06 12:52:41.755771','eb397307-16bd-4ccb-8c38-09a151067200','test',1,'[{\"added\": {}}]',1,'5f930af0a17842dcb961e84ceb6bc0d4'),(369,'2020-08-08 12:55:50.112689','404-2020-07','Test-2020-07',3,'',3,'5f930af0a17842dcb961e84ceb6bc0d4'),(370,'2020-08-08 12:55:50.129513','214399-2020-07','RAC Panvel Central-2020-07',3,'',3,'5f930af0a17842dcb961e84ceb6bc0d4'),(371,'2020-08-08 16:07:31.904579','404-2020-07','Test-2020-07',3,'',3,'5f930af0a17842dcb961e84ceb6bc0d4'),(372,'2020-08-09 15:06:32.367859','a8e59bdc-6671-46b1-b492-6a1386d34a20','mmrcpk',2,'[{\"changed\": {\"fields\": [\"username\"]}}]',1,'5f930af0a17842dcb961e84ceb6bc0d4'),(373,'2020-08-10 14:01:14.225978','214399-2020-07','RAC Panvel Central-2020-07',3,'',3,'5f930af0a17842dcb961e84ceb6bc0d4'),(374,'2020-08-10 14:01:46.793956','214399-2020-07','RAC Panvel Central-2020-07',3,'',3,'5f930af0a17842dcb961e84ceb6bc0d4'),(375,'2020-08-10 14:05:10.298177','214399-2020-07','RAC Panvel Central-2020-07',3,'',3,'5f930af0a17842dcb961e84ceb6bc0d4'),(376,'2020-08-10 15:06:35.253002','404-2020-07','Test-2020-07',3,'',3,'5f930af0a17842dcb961e84ceb6bc0d4'),(377,'2020-08-13 14:05:46.354071','404-2020-07','Test-2020-07',3,'',3,'5f930af0a17842dcb961e84ceb6bc0d4'),(378,'2020-08-14 18:05:21.688575','214097-2020-07','Rotaract Club of Entc Mcoe-2020-07',3,'',3,'5f930af0a17842dcb961e84ceb6bc0d4'),(379,'2020-08-18 17:37:20.675971','404-2020-07','Test-2020-07',3,'',3,'5f930af0a17842dcb961e84ceb6bc0d4');
/*!40000 ALTER TABLE `django_admin_log` ENABLE KEYS */;
UNLOCK TABLES;

--
-- Table structure for table `django_content_type`
--

DROP TABLE IF EXISTS `django_content_type`;
/*!40101 SET @saved_cs_client     = @@character_set_client */;
/*!40101 SET character_set_client = utf8 */;
CREATE TABLE `django_content_type` (
  `id` int(11) NOT NULL AUTO_INCREMENT,
  `app_label` varchar(100) NOT NULL,
  `model` varchar(100) NOT NULL,
  PRIMARY KEY (`id`),
  UNIQUE KEY `django_content_type_app_label_model_76bd3d3b_uniq` (`app_label`,`model`)
) ENGINE=InnoDB AUTO_INCREMENT=13 DEFAULT CHARSET=utf8;
/*!40101 SET character_set_client = @saved_cs_client */;

--
-- Dumping data for table `django_content_type`
--

LOCK TABLES `django_content_type` WRITE;
/*!40000 ALTER TABLE `django_content_type` DISABLE KEYS */;
INSERT INTO `django_content_type` VALUES (8,'admin','logentry'),(1,'Auth','account'),(2,'Auth','club'),(10,'auth','group'),(9,'auth','permission'),(11,'contenttypes','contenttype'),(7,'SecReport','bod'),(6,'SecReport','event'),(5,'SecReport','futureevent'),(4,'SecReport','gbm'),(3,'SecReport','report'),(12,'sessions','session');
/*!40000 ALTER TABLE `django_content_type` ENABLE KEYS */;
UNLOCK TABLES;

--
-- Table structure for table `django_migrations`
--

DROP TABLE IF EXISTS `django_migrations`;
/*!40101 SET @saved_cs_client     = @@character_set_client */;
/*!40101 SET character_set_client = utf8 */;
CREATE TABLE `django_migrations` (
  `id` int(11) NOT NULL AUTO_INCREMENT,
  `app` varchar(255) NOT NULL,
  `name` varchar(255) NOT NULL,
  `applied` datetime(6) NOT NULL,
  PRIMARY KEY (`id`)
) ENGINE=InnoDB AUTO_INCREMENT=50 DEFAULT CHARSET=utf8;
/*!40101 SET character_set_client = @saved_cs_client */;

--
-- Dumping data for table `django_migrations`
--

LOCK TABLES `django_migrations` WRITE;
/*!40000 ALTER TABLE `django_migrations` DISABLE KEYS */;
INSERT INTO `django_migrations` VALUES (1,'contenttypes','0001_initial','2020-08-01 12:13:37.155492'),(2,'contenttypes','0002_remove_content_type_name','2020-08-01 12:13:37.246524'),(3,'auth','0001_initial','2020-08-01 12:13:51.309411'),(4,'auth','0002_alter_permission_name_max_length','2020-08-01 12:13:54.038122'),(5,'auth','0003_alter_user_email_max_length','2020-08-01 12:13:54.052552'),(6,'auth','0004_alter_user_username_opts','2020-08-01 12:13:54.063107'),(7,'auth','0005_alter_user_last_login_null','2020-08-01 12:13:54.076315'),(8,'auth','0006_require_contenttypes_0002','2020-08-01 12:13:54.082250'),(9,'auth','0007_alter_validators_add_error_messages','2020-08-01 12:13:54.091429'),(10,'auth','0008_alter_user_username_max_length','2020-08-01 12:13:54.101319'),(11,'auth','0009_alter_user_last_name_max_length','2020-08-01 12:13:54.112417'),(12,'auth','0010_alter_group_name_max_length','2020-08-01 12:13:54.163391'),(13,'auth','0011_update_proxy_permissions','2020-08-01 12:13:54.173617'),(14,'Auth','0001_initial','2020-08-01 12:14:22.591305'),(15,'Auth','0002_club','2020-08-01 12:14:30.481146'),(16,'Auth','0003_auto_20200719_1312','2020-08-01 12:14:30.546278'),(17,'Auth','0004_auto_20200719_1315','2020-08-01 12:14:30.561037'),(18,'Auth','0005_auto_20200719_1317','2020-08-01 12:14:30.574098'),(19,'Auth','0006_auto_20200719_1318','2020-08-01 12:14:30.616658'),(20,'Auth','0007_auto_20200719_1503','2020-08-01 12:14:30.628734'),(21,'Auth','0008_auto_20200719_1508','2020-08-01 12:14:30.640936'),(22,'Auth','0009_auto_20200719_1525','2020-08-01 12:14:30.653627'),(23,'Auth','0010_auto_20200725_1212','2020-08-01 12:14:33.855653'),(24,'Auth','0011_auto_20200730_1847','2020-08-01 12:14:33.924993'),(25,'SecReport','0001_initial','2020-08-01 12:15:26.330395'),(26,'SecReport','0002_auto_20200719_0909','2020-08-01 12:15:26.398776'),(27,'SecReport','0003_auto_20200719_1144','2020-08-01 12:15:26.452521'),(28,'SecReport','0004_auto_20200719_1208','2020-08-01 12:15:26.475939'),(29,'SecReport','0005_auto_20200721_1418','2020-08-01 12:15:28.397233'),(30,'SecReport','0006_bod_event_futureevent_gbm','2020-08-01 12:16:17.661754'),(31,'SecReport','0007_auto_20200721_1720','2020-08-01 12:16:19.798748'),(32,'SecReport','0008_auto_20200721_1726','2020-08-01 12:16:19.855388'),(33,'SecReport','0009_auto_20200721_1755','2020-08-01 12:16:21.388581'),(34,'SecReport','0010_auto_20200721_1808','2020-08-01 12:16:24.654424'),(35,'SecReport','0011_auto_20200721_1818','2020-08-01 12:16:24.767869'),(36,'SecReport','0012_auto_20200721_1828','2020-08-01 12:16:24.827558'),(37,'SecReport','0013_auto_20200721_1920','2020-08-01 12:16:26.604214'),(38,'SecReport','0014_auto_20200722_1730','2020-08-01 12:16:26.712569'),(39,'SecReport','0015_auto_20200725_1156','2020-08-01 12:16:26.727637'),(40,'SecReport','0016_auto_20200727_0751','2020-08-01 12:16:26.827711'),(41,'SecReport','0017_auto_20200727_0753','2020-08-01 12:16:26.852105'),(42,'SecReport','0018_auto_20200727_0755','2020-08-01 12:16:26.906466'),(43,'SecReport','0019_auto_20200727_0758','2020-08-01 12:16:26.930934'),(44,'admin','0001_initial','2020-08-01 12:16:39.528868'),(45,'admin','0002_logentry_remove_auto_add','2020-08-01 12:16:39.635768'),(46,'admin','0003_logentry_add_action_flag_choices','2020-08-01 12:16:39.652514'),(47,'sessions','0001_initial','2020-08-01 12:16:44.507335'),(48,'SecReport','0020_auto_20200805_1445','2020-08-05 14:45:21.935152'),(49,'SecReport','0021_auto_20200806_1251','2020-08-06 12:51:09.922952');
/*!40000 ALTER TABLE `django_migrations` ENABLE KEYS */;
UNLOCK TABLES;

--
-- Table structure for table `django_session`
--

DROP TABLE IF EXISTS `django_session`;
/*!40101 SET @saved_cs_client     = @@character_set_client */;
/*!40101 SET character_set_client = utf8 */;
CREATE TABLE `django_session` (
  `session_key` varchar(40) NOT NULL,
  `session_data` longtext NOT NULL,
  `expire_date` datetime(6) NOT NULL,
  PRIMARY KEY (`session_key`),
  KEY `django_session_expire_date_a5c62663` (`expire_date`)
) ENGINE=InnoDB DEFAULT CHARSET=utf8;
/*!40101 SET character_set_client = @saved_cs_client */;

--
-- Dumping data for table `django_session`
--

LOCK TABLES `django_session` WRITE;
/*!40000 ALTER TABLE `django_session` DISABLE KEYS */;
INSERT INTO `django_session` VALUES ('0vvoku3ke4ytqsxo4bia1rvpzvv4o65y','NmNkN2UyODE3MWFlNGJlYTIzOTA0YTQzOGY0NGViZTdiYWRkZjk0YTp7Il9hdXRoX3VzZXJfaWQiOiIwNmNlMmFmNS1jZGFiLTQ2YzQtOWRkYy1hZTI0NWUyMWZjMmIiLCJfYXV0aF91c2VyX2JhY2tlbmQiOiJkamFuZ28uY29udHJpYi5hdXRoLmJhY2tlbmRzLk1vZGVsQmFja2VuZCIsIl9hdXRoX3VzZXJfaGFzaCI6ImY1ZWMxYjMzZjRjNTYzZGI1YWNlYzM1NjNhN2QyNDBiNGFlMzhiYjcifQ==','2020-08-24 15:53:37.976637'),('0ydz52m1rlhe9bd1k6v00ryo37d5okwu','NmZiMjYwMGRmYjg0ZjgxNzE1MWU0MmU4MDFjYzE1M2UzNWNmOWVjNDp7Il9hdXRoX3VzZXJfaWQiOiI4NjY1MTUxOS0zYjg2LTQwZjctYTc5NC1hOTgxOWI3ODVjY2YiLCJfYXV0aF91c2VyX2JhY2tlbmQiOiJkamFuZ28uY29udHJpYi5hdXRoLmJhY2tlbmRzLk1vZGVsQmFja2VuZCIsIl9hdXRoX3VzZXJfaGFzaCI6ImNiY2JmZWIyODAwZmQ5YzQ3NjBkNmE3Y2ZjNGVhOGE4ZWU5ZjdhMmMifQ==','2020-08-28 07:35:42.322920'),('1ki2zzsezq333hcoonm7ozg28md45h5g','Y2QyYTUwN2FkMTUwZDMwM2U2MjA1NDc0YWY1MjUxM2I0MzljY2VmNTp7Il9hdXRoX3VzZXJfaWQiOiI1ZjkzMGFmMC1hMTc4LTQyZGMtYjk2MS1lODRjZWI2YmMwZDQiLCJfYXV0aF91c2VyX2JhY2tlbmQiOiJkamFuZ28uY29udHJpYi5hdXRoLmJhY2tlbmRzLk1vZGVsQmFja2VuZCIsIl9hdXRoX3VzZXJfaGFzaCI6ImNmYjQ3ZjAxYmNjMzc5NGQ5M2JhOWMwZjBkZDNkOGZkYmE2NjM0ZjMifQ==','2020-08-24 15:06:15.205434'),('1rjkeleqeu2go6sbmzifmaufdgx6wgp3','YzhmM2ViYzE0NTc3NmY5MTY1ZWJiZTRiOTQ0ODA4MzZkODkwMGY2Mzp7Il9hdXRoX3VzZXJfaWQiOiI2MmI3MDdmMi02ODQwLTQzNmItODc4Ny0wODdhNjBhNjk4NWYiLCJfYXV0aF91c2VyX2JhY2tlbmQiOiJkamFuZ28uY29udHJpYi5hdXRoLmJhY2tlbmRzLk1vZGVsQmFja2VuZCIsIl9hdXRoX3VzZXJfaGFzaCI6IjkwM2Y1NGFhOWIyZDgyMzE2YjdkYWY1MjJmODBmODgxOGE0M2Q0ZjMifQ==','2020-08-29 14:48:39.985965'),('1ysu3knj0r2k07hwujaz8y2nrhus0fft','NjBmZmUyMzNkMGFlNmVhODFlOWE4ZTk2Y2E5Y2FlMDA1NDUzNzc5Nzp7Il9hdXRoX3VzZXJfaWQiOiJhY2Y4YzBkNC1iZmUxLTQ5ZDMtYTliMS1iNDhlY2FhNGIxY2EiLCJfYXV0aF91c2VyX2JhY2tlbmQiOiJkamFuZ28uY29udHJpYi5hdXRoLmJhY2tlbmRzLk1vZGVsQmFja2VuZCIsIl9hdXRoX3VzZXJfaGFzaCI6IjhmZDJlN2UwODczY2Y5MmRiZTdjYjU3YTk5NmNkNjliNWRkZTAzZjAifQ==','2020-08-24 08:39:41.957108'),('2tif60ci8xk6xqbigmubq4qluv65tza2','YzFjMDA3NmI2ZDQwMTM0NmExMjIzNDk2N2NkYTQxYWQxMTQxYzc4OTp7Il9hdXRoX3VzZXJfaWQiOiJjM2UxNTc4YS02ODEzLTQ2OTQtYjc2Zi1lOGQ4MTM3YThmNWMiLCJfYXV0aF91c2VyX2JhY2tlbmQiOiJkamFuZ28uY29udHJpYi5hdXRoLmJhY2tlbmRzLk1vZGVsQmFja2VuZCIsIl9hdXRoX3VzZXJfaGFzaCI6ImUzODJiMmU0ZDdlMjYyZDZhMGU1YTY2MDE2OWZkYmQ3ZTYyZTUwYTUifQ==','2020-08-28 06:38:38.613546'),('2vxz477nxhekduurl7l8tufqdhg7fu4r','ZDlhZjRlODFmZmMxMDJkOTE5MmZiNjhjN2U1MTI4OTIyZTUzNjI3YTp7Il9hdXRoX3VzZXJfaWQiOiI5NzE0N2Y1MS1kMjQwLTRlNTYtOWU0MS1jZWZkZTRiNWIwOTUiLCJfYXV0aF91c2VyX2JhY2tlbmQiOiJkamFuZ28uY29udHJpYi5hdXRoLmJhY2tlbmRzLk1vZGVsQmFja2VuZCIsIl9hdXRoX3VzZXJfaGFzaCI6IjFlMWNmZmY0MTA5NDZiMjkwMmEwNGNjZTA1OTA0ZjVmMDc4M2UyY2UifQ==','2020-08-20 17:15:23.490088'),('32iuy3xrqg679afj9dz6z73ywnmx5ck4','MmI4YzYzMWMyYjQxZGQ1YTVhNGM1MWVlZGRkN2JmZmE0ODUxYzg1ZTp7Il9hdXRoX3VzZXJfaWQiOiI0ZTM2ZjYyYS01YjhlLTQzNGYtOGM3MC0zMzcwMTVhZWU0NTkiLCJfYXV0aF91c2VyX2JhY2tlbmQiOiJkamFuZ28uY29udHJpYi5hdXRoLmJhY2tlbmRzLk1vZGVsQmFja2VuZCIsIl9hdXRoX3VzZXJfaGFzaCI6IjM4MjI0ZTBlN2M1MDU1MTIzZjJlMjJiYjY4NjIxMzMyOTUyOGY3YmMifQ==','2020-08-17 23:57:47.824104'),('3b6lw8vhnylbbn71o850s1yea2x1i9ez','Y2QyYTUwN2FkMTUwZDMwM2U2MjA1NDc0YWY1MjUxM2I0MzljY2VmNTp7Il9hdXRoX3VzZXJfaWQiOiI1ZjkzMGFmMC1hMTc4LTQyZGMtYjk2MS1lODRjZWI2YmMwZDQiLCJfYXV0aF91c2VyX2JhY2tlbmQiOiJkamFuZ28uY29udHJpYi5hdXRoLmJhY2tlbmRzLk1vZGVsQmFja2VuZCIsIl9hdXRoX3VzZXJfaGFzaCI6ImNmYjQ3ZjAxYmNjMzc5NGQ5M2JhOWMwZjBkZDNkOGZkYmE2NjM0ZjMifQ==','2020-08-26 07:19:10.657799'),('3ndh7k7vnbiezkkmyr82wtcnfjqtxs5m','NmNkN2UyODE3MWFlNGJlYTIzOTA0YTQzOGY0NGViZTdiYWRkZjk0YTp7Il9hdXRoX3VzZXJfaWQiOiIwNmNlMmFmNS1jZGFiLTQ2YzQtOWRkYy1hZTI0NWUyMWZjMmIiLCJfYXV0aF91c2VyX2JhY2tlbmQiOiJkamFuZ28uY29udHJpYi5hdXRoLmJhY2tlbmRzLk1vZGVsQmFja2VuZCIsIl9hdXRoX3VzZXJfaGFzaCI6ImY1ZWMxYjMzZjRjNTYzZGI1YWNlYzM1NjNhN2QyNDBiNGFlMzhiYjcifQ==','2020-08-25 01:56:11.381933'),('3yfpxitc0crl16q6131cvpgya57vg80c','NjBmZmUyMzNkMGFlNmVhODFlOWE4ZTk2Y2E5Y2FlMDA1NDUzNzc5Nzp7Il9hdXRoX3VzZXJfaWQiOiJhY2Y4YzBkNC1iZmUxLTQ5ZDMtYTliMS1iNDhlY2FhNGIxY2EiLCJfYXV0aF91c2VyX2JhY2tlbmQiOiJkamFuZ28uY29udHJpYi5hdXRoLmJhY2tlbmRzLk1vZGVsQmFja2VuZCIsIl9hdXRoX3VzZXJfaGFzaCI6IjhmZDJlN2UwODczY2Y5MmRiZTdjYjU3YTk5NmNkNjliNWRkZTAzZjAifQ==','2020-08-26 12:39:10.296780'),('48bvn33dtatms4rqvgb6cwfpgtyhv92b','ZDlhZjRlODFmZmMxMDJkOTE5MmZiNjhjN2U1MTI4OTIyZTUzNjI3YTp7Il9hdXRoX3VzZXJfaWQiOiI5NzE0N2Y1MS1kMjQwLTRlNTYtOWU0MS1jZWZkZTRiNWIwOTUiLCJfYXV0aF91c2VyX2JhY2tlbmQiOiJkamFuZ28uY29udHJpYi5hdXRoLmJhY2tlbmRzLk1vZGVsQmFja2VuZCIsIl9hdXRoX3VzZXJfaGFzaCI6IjFlMWNmZmY0MTA5NDZiMjkwMmEwNGNjZTA1OTA0ZjVmMDc4M2UyY2UifQ==','2020-08-23 17:14:22.665430'),('494j01yuat6v68fzqa240hrxe63ylq9r','ZmEzNzVmODdiZTllNjlkNThlNTBiNzRiNWE5MDE4MWZjNTllZjI3YTp7Il9hdXRoX3VzZXJfaWQiOiI0ZTM2ZjYyYS01YjhlLTQzNGYtOGM3MC0zMzcwMTVhZWU0NTkiLCJfYXV0aF91c2VyX2JhY2tlbmQiOiJkamFuZ28uY29udHJpYi5hdXRoLmJhY2tlbmRzLk1vZGVsQmFja2VuZCIsIl9hdXRoX3VzZXJfaGFzaCI6IjU2Y2QzMTlhOTIwYmEyZjI0ODNkNmUzMmM2YTVhNGZmMTA2ZmIwNWUifQ==','2020-08-18 00:19:36.206481'),('4hwk9ed4sr7k6ectmeoayob2dqg3f0y9','ODI5M2EwOTVlMzlhNWU4NDM2OWYyNTU0Y2Q1NzZiMTQyMTI1NmM5Njp7Il9hdXRoX3VzZXJfaWQiOiI2N2U0Y2I3Yi1jMDg5LTQ5MWItOTIyYy01Njk3NGZhMjljZDAiLCJfYXV0aF91c2VyX2JhY2tlbmQiOiJkamFuZ28uY29udHJpYi5hdXRoLmJhY2tlbmRzLk1vZGVsQmFja2VuZCIsIl9hdXRoX3VzZXJfaGFzaCI6IjJiN2U1MWMyZjhmYjNiZTYwYzhlNzRiYzAwMDU2YjFlMzc0YzM1ZGIifQ==','2020-08-28 13:55:16.389613'),('532wqh55b7jc0f6rhvslzsxh6h4usfjn','NmY0ZDRiNmYyZTUzYzJkYWFjYjBiODYxN2EzYTc4YWYyMTM5ZjAxZjp7Il9hdXRoX3VzZXJfaWQiOiJkYjEzMDhlYi1iMzNiLTQ5MzUtYTgyYi1iZWEzMWEwNjZhMjIiLCJfYXV0aF91c2VyX2JhY2tlbmQiOiJkamFuZ28uY29udHJpYi5hdXRoLmJhY2tlbmRzLk1vZGVsQmFja2VuZCIsIl9hdXRoX3VzZXJfaGFzaCI6IjY2MDg4OWZiYmI3MGZhZWVkOThmMzA1ZjAwMGMyYzNkOTdiZGI0NWQifQ==','2020-08-28 15:57:39.456377'),('5c24vduvh64vqk31l48t25jko8twxvgc','NjBmZmUyMzNkMGFlNmVhODFlOWE4ZTk2Y2E5Y2FlMDA1NDUzNzc5Nzp7Il9hdXRoX3VzZXJfaWQiOiJhY2Y4YzBkNC1iZmUxLTQ5ZDMtYTliMS1iNDhlY2FhNGIxY2EiLCJfYXV0aF91c2VyX2JhY2tlbmQiOiJkamFuZ28uY29udHJpYi5hdXRoLmJhY2tlbmRzLk1vZGVsQmFja2VuZCIsIl9hdXRoX3VzZXJfaGFzaCI6IjhmZDJlN2UwODczY2Y5MmRiZTdjYjU3YTk5NmNkNjliNWRkZTAzZjAifQ==','2020-08-28 10:59:55.720597'),('6dxwsffhfg3bvmkegp8deuut6vjkgsz5','YzhmM2ViYzE0NTc3NmY5MTY1ZWJiZTRiOTQ0ODA4MzZkODkwMGY2Mzp7Il9hdXRoX3VzZXJfaWQiOiI2MmI3MDdmMi02ODQwLTQzNmItODc4Ny0wODdhNjBhNjk4NWYiLCJfYXV0aF91c2VyX2JhY2tlbmQiOiJkamFuZ28uY29udHJpYi5hdXRoLmJhY2tlbmRzLk1vZGVsQmFja2VuZCIsIl9hdXRoX3VzZXJfaGFzaCI6IjkwM2Y1NGFhOWIyZDgyMzE2YjdkYWY1MjJmODBmODgxOGE0M2Q0ZjMifQ==','2020-08-21 18:16:07.670547'),('6hqqhyk07w047ik3oh1peglv1lk8qprk','OThkNzI1MWY4MjEyMjNjNmEwMjY4YzU3MjZiZDM3NmU3NGQ2NGU0MDp7Il9hdXRoX3VzZXJfaWQiOiI4OTAwMGQ0NS1mZDVjLTRiMTYtOGI4Mi03MjQ1MzM4MWFmOGEiLCJfYXV0aF91c2VyX2JhY2tlbmQiOiJkamFuZ28uY29udHJpYi5hdXRoLmJhY2tlbmRzLk1vZGVsQmFja2VuZCIsIl9hdXRoX3VzZXJfaGFzaCI6ImYxNGM2YjI3NGQzZWZlM2E0NzZkZWUwZGFkNmY1MDM0M2IwMmQ5OWYifQ==','2020-08-19 11:46:29.898255'),('6rqy8i9zbeb4zxjwndmukznqv7tqkpeu','ZDllY2E0MGIzZGMyNzMwMDQxYWFmMmVkYzgyZWNiM2UyMDhmZmY2MDp7Il9hdXRoX3VzZXJfaWQiOiJhZmQzOTQ3MS1lODRlLTQyYmMtYTQ1NC02MTI3ZTE4NzJlOTMiLCJfYXV0aF91c2VyX2JhY2tlbmQiOiJkamFuZ28uY29udHJpYi5hdXRoLmJhY2tlbmRzLk1vZGVsQmFja2VuZCIsIl9hdXRoX3VzZXJfaGFzaCI6IjE3ZDU0MTU4NTVhYzJiYWE1MjRkMWRlMWNiN2M4MjY4MzA0Y2U3ZjgifQ==','2020-08-25 08:04:14.183300'),('6ttrp2oedps9xho80esij9hm0qnjylpi','NTllZGM0MWEwMjlmNDRkOTJiYzEyOGM4YTE2ZjhhMDkwOGVhNmNhOTp7Il9hdXRoX3VzZXJfaWQiOiI0YzI5MTU5ZS1iY2ZhLTRkMGQtODdjNS02NmQyMjYyMTNiZjMiLCJfYXV0aF91c2VyX2JhY2tlbmQiOiJkamFuZ28uY29udHJpYi5hdXRoLmJhY2tlbmRzLk1vZGVsQmFja2VuZCIsIl9hdXRoX3VzZXJfaGFzaCI6ImQxZGRlYjRhY2MyMGFlMjAwZTAzZjg2OTJkMzI3NDhmNTYzY2VmOTgifQ==','2020-08-20 13:35:56.687970'),('6vd50txc2vb92go3apmn67vodp3j12kp','MTE5ZGNkYWUxZjU4ZGU2NWJjOWU0MmUwMzlmOGFiZmQ5ZDI0NGI3ZDp7Il9hdXRoX3VzZXJfaWQiOiIzZWE0MDhmYy0xZDkwLTRhMGMtOTY4MC00ZDhhOTJmMDc3YzYiLCJfYXV0aF91c2VyX2JhY2tlbmQiOiJkamFuZ28uY29udHJpYi5hdXRoLmJhY2tlbmRzLk1vZGVsQmFja2VuZCIsIl9hdXRoX3VzZXJfaGFzaCI6IjQ2MjA2ZDRiNTgwMjcyOTMzNmE5YjNlMDhiZjliY2ZjZjg3YmNiOGIifQ==','2020-08-30 09:38:37.954307'),('7eby9m021qgf8x76cqbz485g5py0dars','YzhmM2ViYzE0NTc3NmY5MTY1ZWJiZTRiOTQ0ODA4MzZkODkwMGY2Mzp7Il9hdXRoX3VzZXJfaWQiOiI2MmI3MDdmMi02ODQwLTQzNmItODc4Ny0wODdhNjBhNjk4NWYiLCJfYXV0aF91c2VyX2JhY2tlbmQiOiJkamFuZ28uY29udHJpYi5hdXRoLmJhY2tlbmRzLk1vZGVsQmFja2VuZCIsIl9hdXRoX3VzZXJfaGFzaCI6IjkwM2Y1NGFhOWIyZDgyMzE2YjdkYWY1MjJmODBmODgxOGE0M2Q0ZjMifQ==','2020-08-27 05:46:49.690776'),('7hi22ufhpfzc2h03xjrcz12jv6ozxmuk','YzhmM2ViYzE0NTc3NmY5MTY1ZWJiZTRiOTQ0ODA4MzZkODkwMGY2Mzp7Il9hdXRoX3VzZXJfaWQiOiI2MmI3MDdmMi02ODQwLTQzNmItODc4Ny0wODdhNjBhNjk4NWYiLCJfYXV0aF91c2VyX2JhY2tlbmQiOiJkamFuZ28uY29udHJpYi5hdXRoLmJhY2tlbmRzLk1vZGVsQmFja2VuZCIsIl9hdXRoX3VzZXJfaGFzaCI6IjkwM2Y1NGFhOWIyZDgyMzE2YjdkYWY1MjJmODBmODgxOGE0M2Q0ZjMifQ==','2020-08-28 16:27:43.478144'),('7qh8js3wk1e7er308ue24jn7buoauidp','Y2FmYWQ4MmE0NTY4MjhhZmFhNTU5NGIxYjNkZGEyYTVhNDI5ODFjNTp7fQ==','2020-08-15 13:27:25.271192'),('7quitd2onf3qy7h97gdt8cjpop5scjem','Y2JhNGM1YWE3YmI3OTAxMmE2YjlmZDliMzAzYjg0MGNmNDlhMDA5Mzp7Il9hdXRoX3VzZXJfaWQiOiJlZDVmYzU3My1mODQ5LTRmOWYtYTg3MC01MDc2ZTFjMGVhZjQiLCJfYXV0aF91c2VyX2JhY2tlbmQiOiJkamFuZ28uY29udHJpYi5hdXRoLmJhY2tlbmRzLk1vZGVsQmFja2VuZCIsIl9hdXRoX3VzZXJfaGFzaCI6IjJlNjVjMzU2YWIxNTdkMzNiNmY2ODZhOTIxOWZmYjc4N2U1MzQwNzAifQ==','2020-08-24 11:56:30.747130'),('7shvg97lruaz5ejy9gar14e7f5afvcbl','ZDU1MzNhOGQ4YWVlYzJjOGNjNjM1NTE0ZGVkYTg0Zjc5OTJhNWZhZDp7Il9hdXRoX3VzZXJfaWQiOiIxNzY3YjVjNS1mYjk2LTQ2MmYtYjE3Yy0wZDEzZDcyMzNlMjQiLCJfYXV0aF91c2VyX2JhY2tlbmQiOiJkamFuZ28uY29udHJpYi5hdXRoLmJhY2tlbmRzLk1vZGVsQmFja2VuZCIsIl9hdXRoX3VzZXJfaGFzaCI6IjIyY2MxYjVkMmJiNTUyOTQ0OTg1YWVlNzM1ZTdmM2ZlOGFjZDExMGMifQ==','2020-08-26 21:30:24.506905'),('7xdyb3sl0p1cak227ngjw4cn4pu4n2ju','NmNkN2UyODE3MWFlNGJlYTIzOTA0YTQzOGY0NGViZTdiYWRkZjk0YTp7Il9hdXRoX3VzZXJfaWQiOiIwNmNlMmFmNS1jZGFiLTQ2YzQtOWRkYy1hZTI0NWUyMWZjMmIiLCJfYXV0aF91c2VyX2JhY2tlbmQiOiJkamFuZ28uY29udHJpYi5hdXRoLmJhY2tlbmRzLk1vZGVsQmFja2VuZCIsIl9hdXRoX3VzZXJfaGFzaCI6ImY1ZWMxYjMzZjRjNTYzZGI1YWNlYzM1NjNhN2QyNDBiNGFlMzhiYjcifQ==','2020-08-18 11:47:30.375738'),('80bh6xhcjxs3w7fj01sx0uc2z61djw6t','ODI5M2EwOTVlMzlhNWU4NDM2OWYyNTU0Y2Q1NzZiMTQyMTI1NmM5Njp7Il9hdXRoX3VzZXJfaWQiOiI2N2U0Y2I3Yi1jMDg5LTQ5MWItOTIyYy01Njk3NGZhMjljZDAiLCJfYXV0aF91c2VyX2JhY2tlbmQiOiJkamFuZ28uY29udHJpYi5hdXRoLmJhY2tlbmRzLk1vZGVsQmFja2VuZCIsIl9hdXRoX3VzZXJfaGFzaCI6IjJiN2U1MWMyZjhmYjNiZTYwYzhlNzRiYzAwMDU2YjFlMzc0YzM1ZGIifQ==','2020-08-27 05:45:21.850475'),('846j9tp5e30o4fxbgvann93338uxrwsq','YzAyZTcxZDY3Njk5YzVmM2UxOGZmZTAwZTg3NzdmN2ZjMjFiZWU2NDp7Il9hdXRoX3VzZXJfaWQiOiI0ZTM2ZjYyYS01YjhlLTQzNGYtOGM3MC0zMzcwMTVhZWU0NTkiLCJfYXV0aF91c2VyX2JhY2tlbmQiOiJkamFuZ28uY29udHJpYi5hdXRoLmJhY2tlbmRzLk1vZGVsQmFja2VuZCIsIl9hdXRoX3VzZXJfaGFzaCI6ImE4MjMyYjI0OWMwMjI5ZTNhMzY0YTVlOTQwNWJhNmNjYjliZTRhZTQifQ==','2020-08-19 17:01:53.576743'),('8bdf8t8y7ixdhacfx87pjjdxrjjv6tg3','ZDlhZjRlODFmZmMxMDJkOTE5MmZiNjhjN2U1MTI4OTIyZTUzNjI3YTp7Il9hdXRoX3VzZXJfaWQiOiI5NzE0N2Y1MS1kMjQwLTRlNTYtOWU0MS1jZWZkZTRiNWIwOTUiLCJfYXV0aF91c2VyX2JhY2tlbmQiOiJkamFuZ28uY29udHJpYi5hdXRoLmJhY2tlbmRzLk1vZGVsQmFja2VuZCIsIl9hdXRoX3VzZXJfaGFzaCI6IjFlMWNmZmY0MTA5NDZiMjkwMmEwNGNjZTA1OTA0ZjVmMDc4M2UyY2UifQ==','2020-08-23 17:14:55.224801'),('8cdbsvoyc91d6njhvxu5g4foucz3w7hj','MWJmMTJlMjc3MTVhYzAyZGU4YjQzNTdiZTVmYWNhZDIyY2ZmYmZjMzp7Il9hdXRoX3VzZXJfaWQiOiIwZWJmZjkxYi0xNDRkLTQzOTctYTdiNS0zMmE2MTY5NmY2YTciLCJfYXV0aF91c2VyX2JhY2tlbmQiOiJkamFuZ28uY29udHJpYi5hdXRoLmJhY2tlbmRzLk1vZGVsQmFja2VuZCIsIl9hdXRoX3VzZXJfaGFzaCI6IjIwMTc4MjY4OThlNzc0Y2I3NTQ5NjA3MDk0MzIzMGFlMWMyYTU4ZjEifQ==','2020-08-25 13:31:20.362551'),('8ipptznap6valdwrv83evmwbzs7i6v3i','NTllZGM0MWEwMjlmNDRkOTJiYzEyOGM4YTE2ZjhhMDkwOGVhNmNhOTp7Il9hdXRoX3VzZXJfaWQiOiI0YzI5MTU5ZS1iY2ZhLTRkMGQtODdjNS02NmQyMjYyMTNiZjMiLCJfYXV0aF91c2VyX2JhY2tlbmQiOiJkamFuZ28uY29udHJpYi5hdXRoLmJhY2tlbmRzLk1vZGVsQmFja2VuZCIsIl9hdXRoX3VzZXJfaGFzaCI6ImQxZGRlYjRhY2MyMGFlMjAwZTAzZjg2OTJkMzI3NDhmNTYzY2VmOTgifQ==','2020-08-20 13:36:29.756767'),('8oukp4631a4p2epuxkz0wylfe9acbyjm','Y2QyYTUwN2FkMTUwZDMwM2U2MjA1NDc0YWY1MjUxM2I0MzljY2VmNTp7Il9hdXRoX3VzZXJfaWQiOiI1ZjkzMGFmMC1hMTc4LTQyZGMtYjk2MS1lODRjZWI2YmMwZDQiLCJfYXV0aF91c2VyX2JhY2tlbmQiOiJkamFuZ28uY29udHJpYi5hdXRoLmJhY2tlbmRzLk1vZGVsQmFja2VuZCIsIl9hdXRoX3VzZXJfaGFzaCI6ImNmYjQ3ZjAxYmNjMzc5NGQ5M2JhOWMwZjBkZDNkOGZkYmE2NjM0ZjMifQ==','2020-08-19 17:01:27.181752'),('8xqyp7nefxnisv682ixkw8l3l0smu092','ZjkxZDFmYWU3OGYxODY2MDJlYjE4MDM1OTM2OWE0MTFkZGU3ZDg5MTp7Il9hdXRoX3VzZXJfaWQiOiI1OWQwMTIzYi1kMDFmLTQ1MzAtYTZmYS1jZTM0YWI1ODFmY2QiLCJfYXV0aF91c2VyX2JhY2tlbmQiOiJkamFuZ28uY29udHJpYi5hdXRoLmJhY2tlbmRzLk1vZGVsQmFja2VuZCIsIl9hdXRoX3VzZXJfaGFzaCI6IjVhYzE5Y2Y2ZDQ2ZDZhMzlmOWU1MjNkNDNlNTY4MzRkOTFhZmQ5YzIifQ==','2020-08-25 15:19:17.035909'),('906rfppeessvmhuyzt5rqrvw6amhjhiw','MWM3ZDhmZjFjNjUyNDdlMmNmNWE0MzMyNTQzODViOWZhOWRjZWNhMjp7Il9hdXRoX3VzZXJfaWQiOiJlYzgzMTE1ZC00OTY4LTQwMmYtYWUwMi1hM2U1OGI1NDc5ZDciLCJfYXV0aF91c2VyX2JhY2tlbmQiOiJkamFuZ28uY29udHJpYi5hdXRoLmJhY2tlbmRzLk1vZGVsQmFja2VuZCIsIl9hdXRoX3VzZXJfaGFzaCI6IjFlOTc3YTI5YTViNWQzYTc3OWM3OTY0ODlhNTVjNDBhMmQxNDRlODUifQ==','2020-08-27 16:55:42.859503'),('91hlfxci5qka72llp4x0d27mqe4oaihk','M2U3ZTk3N2Y4ZWM1YzMxNDZiMDNlMzE3MDk3MWQyOWE0MTQzYzhiMTp7Il9hdXRoX3VzZXJfaWQiOiJmMDNiZjNhNS01NjhkLTRiOTMtYmZhNi0wNmU2YmUwNDQ3NjAiLCJfYXV0aF91c2VyX2JhY2tlbmQiOiJkamFuZ28uY29udHJpYi5hdXRoLmJhY2tlbmRzLk1vZGVsQmFja2VuZCIsIl9hdXRoX3VzZXJfaGFzaCI6IjFjOGM0ZTk1NjExZTc4NDI2N2M5NjVkMmRkYzk1YjhlNmI2YjJjMTIifQ==','2020-08-30 07:47:22.563765'),('9aitd43xkprzo9fgplqp8z42w7spq6y9','YzhmM2ViYzE0NTc3NmY5MTY1ZWJiZTRiOTQ0ODA4MzZkODkwMGY2Mzp7Il9hdXRoX3VzZXJfaWQiOiI2MmI3MDdmMi02ODQwLTQzNmItODc4Ny0wODdhNjBhNjk4NWYiLCJfYXV0aF91c2VyX2JhY2tlbmQiOiJkamFuZ28uY29udHJpYi5hdXRoLmJhY2tlbmRzLk1vZGVsQmFja2VuZCIsIl9hdXRoX3VzZXJfaGFzaCI6IjkwM2Y1NGFhOWIyZDgyMzE2YjdkYWY1MjJmODBmODgxOGE0M2Q0ZjMifQ==','2020-08-29 15:40:42.904247'),('9czkkw272z9etsp3cbpq7tvnl3as21rd','NjBmZmUyMzNkMGFlNmVhODFlOWE4ZTk2Y2E5Y2FlMDA1NDUzNzc5Nzp7Il9hdXRoX3VzZXJfaWQiOiJhY2Y4YzBkNC1iZmUxLTQ5ZDMtYTliMS1iNDhlY2FhNGIxY2EiLCJfYXV0aF91c2VyX2JhY2tlbmQiOiJkamFuZ28uY29udHJpYi5hdXRoLmJhY2tlbmRzLk1vZGVsQmFja2VuZCIsIl9hdXRoX3VzZXJfaGFzaCI6IjhmZDJlN2UwODczY2Y5MmRiZTdjYjU3YTk5NmNkNjliNWRkZTAzZjAifQ==','2020-08-30 17:28:49.992978'),('9eqctk41482jm749idfpvbq5ivm87fk6','ZjM0NTVmN2FmNmNlYTM4ZjA3YmExZDk4MmU1ODUwYTJjZjZiY2Y4ZDp7Il9hdXRoX3VzZXJfaWQiOiJjZTUwMWViZS04MTVlLTQ2MDgtOTE1OS1hYzhkMzIxNjU3N2YiLCJfYXV0aF91c2VyX2JhY2tlbmQiOiJkamFuZ28uY29udHJpYi5hdXRoLmJhY2tlbmRzLk1vZGVsQmFja2VuZCIsIl9hdXRoX3VzZXJfaGFzaCI6ImRjYjExMWIzNmY3NWMzMGM0YWRkNzY1Yjg1ZDIyMDZiNDgyOTVhMzAifQ==','2020-08-24 09:27:40.006729'),('9nznujkp7qvoh2jxjc1p4zun0uyr3qbx','MmI4YzYzMWMyYjQxZGQ1YTVhNGM1MWVlZGRkN2JmZmE0ODUxYzg1ZTp7Il9hdXRoX3VzZXJfaWQiOiI0ZTM2ZjYyYS01YjhlLTQzNGYtOGM3MC0zMzcwMTVhZWU0NTkiLCJfYXV0aF91c2VyX2JhY2tlbmQiOiJkamFuZ28uY29udHJpYi5hdXRoLmJhY2tlbmRzLk1vZGVsQmFja2VuZCIsIl9hdXRoX3VzZXJfaGFzaCI6IjM4MjI0ZTBlN2M1MDU1MTIzZjJlMjJiYjY4NjIxMzMyOTUyOGY3YmMifQ==','2020-08-15 14:54:58.727020'),('9oya09eevmtb367krn525z7ozhrxrjff','MmI3ODVmNWZiMTMwOWMwNzNkNjJiNmVjYzJlNDAzMjM0MWNhYmNjNzp7Il9hdXRoX3VzZXJfaWQiOiIxNzgyYmRlMi0wNzU1LTQ3YWMtODhjOC00YzFmMTA4M2E0YzYiLCJfYXV0aF91c2VyX2JhY2tlbmQiOiJkamFuZ28uY29udHJpYi5hdXRoLmJhY2tlbmRzLk1vZGVsQmFja2VuZCIsIl9hdXRoX3VzZXJfaGFzaCI6ImE2NTg5MjVmNzVhOGFlNzAzYzgzOTc3MzIxOTMxYTgyOTk4YTFmNzYifQ==','2020-08-28 14:51:19.381817'),('9tb5wc3tzvnggql4mu62mmpfrxtb8dxa','YzhmM2ViYzE0NTc3NmY5MTY1ZWJiZTRiOTQ0ODA4MzZkODkwMGY2Mzp7Il9hdXRoX3VzZXJfaWQiOiI2MmI3MDdmMi02ODQwLTQzNmItODc4Ny0wODdhNjBhNjk4NWYiLCJfYXV0aF91c2VyX2JhY2tlbmQiOiJkamFuZ28uY29udHJpYi5hdXRoLmJhY2tlbmRzLk1vZGVsQmFja2VuZCIsIl9hdXRoX3VzZXJfaGFzaCI6IjkwM2Y1NGFhOWIyZDgyMzE2YjdkYWY1MjJmODBmODgxOGE0M2Q0ZjMifQ==','2020-08-29 14:48:41.583984'),('a2mxlhhzg11f4m9aqnouguc7rkl4xa5c','MWJmMTJlMjc3MTVhYzAyZGU4YjQzNTdiZTVmYWNhZDIyY2ZmYmZjMzp7Il9hdXRoX3VzZXJfaWQiOiIwZWJmZjkxYi0xNDRkLTQzOTctYTdiNS0zMmE2MTY5NmY2YTciLCJfYXV0aF91c2VyX2JhY2tlbmQiOiJkamFuZ28uY29udHJpYi5hdXRoLmJhY2tlbmRzLk1vZGVsQmFja2VuZCIsIl9hdXRoX3VzZXJfaGFzaCI6IjIwMTc4MjY4OThlNzc0Y2I3NTQ5NjA3MDk0MzIzMGFlMWMyYTU4ZjEifQ==','2020-08-28 13:06:33.553632'),('a99efypk2173tl17sfw6k4sjjqnhcrsk','MmJlZWQzNmQyODUyN2NhMzM1NTE3NjA0NTI2MzMzYWMxYjRmMDFlODp7Il9hdXRoX3VzZXJfaWQiOiJkZDEyNGZmYS1hYzRkLTQ1OGItYWIxYy0wN2JhN2VlYTJhMDgiLCJfYXV0aF91c2VyX2JhY2tlbmQiOiJkamFuZ28uY29udHJpYi5hdXRoLmJhY2tlbmRzLk1vZGVsQmFja2VuZCIsIl9hdXRoX3VzZXJfaGFzaCI6ImUwYzk0YmFiNDM1ZTA1M2RkYzBmZDYwZjJhNDdmNmYzNzBiYWYzNmYifQ==','2020-08-24 16:34:21.540892'),('as7ryxlsbkfn27exipsyqpsmw1kv5nqa','YTBkNzQ3NzQwNjU1MTZjYTA0YjRkYjdmY2Q1YjVmMGRmNWY5MjE2OTp7Il9hdXRoX3VzZXJfaWQiOiJlYjM5NzMwNy0xNmJkLTRjY2ItOGMzOC0wOWExNTEwNjcyMDAiLCJfYXV0aF91c2VyX2JhY2tlbmQiOiJkamFuZ28uY29udHJpYi5hdXRoLmJhY2tlbmRzLk1vZGVsQmFja2VuZCIsIl9hdXRoX3VzZXJfaGFzaCI6IjhjODM2NzU5MDUyMmI4NmZjOTBhMGYxZjRkZWUzZThjODk3ZDQ1MzgifQ==','2020-08-25 13:15:23.020402'),('av9bur5aos953y5ynzycs7n95cri6224','NGM1YjM0MzhhOWQ2OTczMWNhMDk4YTIyNzYwMjhlOTFiYWE4NTk1Zjp7Il9hdXRoX3VzZXJfaWQiOiI4N2Y5NDQ0MS0zYTVjLTRmYTktODBiOS0yNTMwNTQ4Y2UyYWEiLCJfYXV0aF91c2VyX2JhY2tlbmQiOiJkamFuZ28uY29udHJpYi5hdXRoLmJhY2tlbmRzLk1vZGVsQmFja2VuZCIsIl9hdXRoX3VzZXJfaGFzaCI6IjZiZWNlMDYxNTVhM2NhMjRhNjJkZjFlODcwM2UwNmIyNzVjOWE1NzQifQ==','2020-08-26 12:10:12.229180'),('b58xj1a1ali739lalj4phok8sp1553dk','YjE5YWVjMjNiNmFjYTIxMGViZjA1NzU5NTY0Zjc5OWFlN2FiMTg1ZDp7Il9hdXRoX3VzZXJfaWQiOiIzNmNmYmM0ZS0yY2NjLTQ4ZDQtYTUxMy0zNWY3ODk5YWFmY2QiLCJfYXV0aF91c2VyX2JhY2tlbmQiOiJkamFuZ28uY29udHJpYi5hdXRoLmJhY2tlbmRzLk1vZGVsQmFja2VuZCIsIl9hdXRoX3VzZXJfaGFzaCI6IjdlMTlkNWQzZWY5YjA4Y2U3N2YzZDczYjA3YmJkMjUyMmIwZmExMzIifQ==','2020-08-25 16:20:25.627220'),('b9ouh0kqkhd5uommho8n0wj9w58zxc9u','Nzk1MzRhNjU3NmMzYTFkMjk0OGI4MTQ5YTdiYzE1ZGVjMzIzOWZmYzp7Il9hdXRoX3VzZXJfaWQiOiJlMzdhM2M4Zi1kMDk3LTQzM2UtOTBmZC0zYzA4NThjMTdhZDMiLCJfYXV0aF91c2VyX2JhY2tlbmQiOiJkamFuZ28uY29udHJpYi5hdXRoLmJhY2tlbmRzLk1vZGVsQmFja2VuZCIsIl9hdXRoX3VzZXJfaGFzaCI6ImY0MTJlODM1YjhkMTgyM2RhYmEzMmRjZDlhYzQ0OTU1MDRmODQ3MDAifQ==','2020-08-22 08:38:07.955077'),('bat6ft7vudla6xngubff1o3jizohw1qw','NmZiMjYwMGRmYjg0ZjgxNzE1MWU0MmU4MDFjYzE1M2UzNWNmOWVjNDp7Il9hdXRoX3VzZXJfaWQiOiI4NjY1MTUxOS0zYjg2LTQwZjctYTc5NC1hOTgxOWI3ODVjY2YiLCJfYXV0aF91c2VyX2JhY2tlbmQiOiJkamFuZ28uY29udHJpYi5hdXRoLmJhY2tlbmRzLk1vZGVsQmFja2VuZCIsIl9hdXRoX3VzZXJfaGFzaCI6ImNiY2JmZWIyODAwZmQ5YzQ3NjBkNmE3Y2ZjNGVhOGE4ZWU5ZjdhMmMifQ==','2020-08-25 16:51:50.100801'),('bdoq0d49z0dl3vs2h23bxmnrphcch270','MjUwOTdkOTcxM2I0Y2ViNmEzYjljYjU2YjcxMTE2MDcwZjJhZWYxNjp7Il9hdXRoX3VzZXJfaWQiOiI5MzcyMzczMy0xMGQ1LTQwNGYtYjBkNi0xNmI1YzkxZGM0ZjEiLCJfYXV0aF91c2VyX2JhY2tlbmQiOiJkamFuZ28uY29udHJpYi5hdXRoLmJhY2tlbmRzLk1vZGVsQmFja2VuZCIsIl9hdXRoX3VzZXJfaGFzaCI6ImNjN2U2ODJhNDk0MWEzYWNmZTIyNTA1MDg1MWQzODQ4NzA4ODE0MzMifQ==','2020-08-25 12:43:11.675413'),('bis67dchf8gfvpbbcgqg0r2rqncgun6e','YzhmM2ViYzE0NTc3NmY5MTY1ZWJiZTRiOTQ0ODA4MzZkODkwMGY2Mzp7Il9hdXRoX3VzZXJfaWQiOiI2MmI3MDdmMi02ODQwLTQzNmItODc4Ny0wODdhNjBhNjk4NWYiLCJfYXV0aF91c2VyX2JhY2tlbmQiOiJkamFuZ28uY29udHJpYi5hdXRoLmJhY2tlbmRzLk1vZGVsQmFja2VuZCIsIl9hdXRoX3VzZXJfaGFzaCI6IjkwM2Y1NGFhOWIyZDgyMzE2YjdkYWY1MjJmODBmODgxOGE0M2Q0ZjMifQ==','2020-08-28 16:14:25.419038'),('bj42u8xxp9nm8t4n8bj8hl7o6ng26lzs','ZDlhZjRlODFmZmMxMDJkOTE5MmZiNjhjN2U1MTI4OTIyZTUzNjI3YTp7Il9hdXRoX3VzZXJfaWQiOiI5NzE0N2Y1MS1kMjQwLTRlNTYtOWU0MS1jZWZkZTRiNWIwOTUiLCJfYXV0aF91c2VyX2JhY2tlbmQiOiJkamFuZ28uY29udHJpYi5hdXRoLmJhY2tlbmRzLk1vZGVsQmFja2VuZCIsIl9hdXRoX3VzZXJfaGFzaCI6IjFlMWNmZmY0MTA5NDZiMjkwMmEwNGNjZTA1OTA0ZjVmMDc4M2UyY2UifQ==','2020-08-19 09:49:24.271464'),('bn7lifjsig830mwj7dfj966rf3jv9tg1','ZDc3YmI1YmFmMmI2ZTNhZDE4ZTRiZTNmMWM3YWVhNTRmOGE1NGYyNTp7Il9hdXRoX3VzZXJfaWQiOiI3OTk5MTBjNC00ZDU1LTQ2MjItOTk3Zi1hM2IwNDU4OGYzMTAiLCJfYXV0aF91c2VyX2JhY2tlbmQiOiJkamFuZ28uY29udHJpYi5hdXRoLmJhY2tlbmRzLk1vZGVsQmFja2VuZCIsIl9hdXRoX3VzZXJfaGFzaCI6ImJiOTlhYTBkN2MwZTA3NDQ5NGVhZTBhZjJiOTMzM2M3Y2FjOGRiNGUifQ==','2020-08-22 05:48:51.452845'),('bw569vrny9mijgpsgoubvpma6i8hlffh','ZDlhZjRlODFmZmMxMDJkOTE5MmZiNjhjN2U1MTI4OTIyZTUzNjI3YTp7Il9hdXRoX3VzZXJfaWQiOiI5NzE0N2Y1MS1kMjQwLTRlNTYtOWU0MS1jZWZkZTRiNWIwOTUiLCJfYXV0aF91c2VyX2JhY2tlbmQiOiJkamFuZ28uY29udHJpYi5hdXRoLmJhY2tlbmRzLk1vZGVsQmFja2VuZCIsIl9hdXRoX3VzZXJfaGFzaCI6IjFlMWNmZmY0MTA5NDZiMjkwMmEwNGNjZTA1OTA0ZjVmMDc4M2UyY2UifQ==','2020-08-21 18:51:55.404296'),('ch7666616mq9wffuxfotq2524lnjx5hh','Y2QyYTUwN2FkMTUwZDMwM2U2MjA1NDc0YWY1MjUxM2I0MzljY2VmNTp7Il9hdXRoX3VzZXJfaWQiOiI1ZjkzMGFmMC1hMTc4LTQyZGMtYjk2MS1lODRjZWI2YmMwZDQiLCJfYXV0aF91c2VyX2JhY2tlbmQiOiJkamFuZ28uY29udHJpYi5hdXRoLmJhY2tlbmRzLk1vZGVsQmFja2VuZCIsIl9hdXRoX3VzZXJfaGFzaCI6ImNmYjQ3ZjAxYmNjMzc5NGQ5M2JhOWMwZjBkZDNkOGZkYmE2NjM0ZjMifQ==','2020-08-18 12:28:01.220577'),('cx2xbnffqy4gzwtjk6o7s7dpzg09z74e','YzAyZTcxZDY3Njk5YzVmM2UxOGZmZTAwZTg3NzdmN2ZjMjFiZWU2NDp7Il9hdXRoX3VzZXJfaWQiOiI0ZTM2ZjYyYS01YjhlLTQzNGYtOGM3MC0zMzcwMTVhZWU0NTkiLCJfYXV0aF91c2VyX2JhY2tlbmQiOiJkamFuZ28uY29udHJpYi5hdXRoLmJhY2tlbmRzLk1vZGVsQmFja2VuZCIsIl9hdXRoX3VzZXJfaGFzaCI6ImE4MjMyYjI0OWMwMjI5ZTNhMzY0YTVlOTQwNWJhNmNjYjliZTRhZTQifQ==','2020-08-18 14:12:39.144047'),('d5kz44zlnr2vgwq563s5xhqq1bzqkrc4','YzAyZTcxZDY3Njk5YzVmM2UxOGZmZTAwZTg3NzdmN2ZjMjFiZWU2NDp7Il9hdXRoX3VzZXJfaWQiOiI0ZTM2ZjYyYS01YjhlLTQzNGYtOGM3MC0zMzcwMTVhZWU0NTkiLCJfYXV0aF91c2VyX2JhY2tlbmQiOiJkamFuZ28uY29udHJpYi5hdXRoLmJhY2tlbmRzLk1vZGVsQmFja2VuZCIsIl9hdXRoX3VzZXJfaGFzaCI6ImE4MjMyYjI0OWMwMjI5ZTNhMzY0YTVlOTQwNWJhNmNjYjliZTRhZTQifQ==','2020-08-24 14:06:15.851296'),('dektrdf7ee0knejdxpj7yl3ex9oqqarv','MmI4YzYzMWMyYjQxZGQ1YTVhNGM1MWVlZGRkN2JmZmE0ODUxYzg1ZTp7Il9hdXRoX3VzZXJfaWQiOiI0ZTM2ZjYyYS01YjhlLTQzNGYtOGM3MC0zMzcwMTVhZWU0NTkiLCJfYXV0aF91c2VyX2JhY2tlbmQiOiJkamFuZ28uY29udHJpYi5hdXRoLmJhY2tlbmRzLk1vZGVsQmFja2VuZCIsIl9hdXRoX3VzZXJfaGFzaCI6IjM4MjI0ZTBlN2M1MDU1MTIzZjJlMjJiYjY4NjIxMzMyOTUyOGY3YmMifQ==','2020-08-15 16:06:47.122014'),('dhfe14kfrxig2yregl4zx5kf3w2iuyih','OThkNzI1MWY4MjEyMjNjNmEwMjY4YzU3MjZiZDM3NmU3NGQ2NGU0MDp7Il9hdXRoX3VzZXJfaWQiOiI4OTAwMGQ0NS1mZDVjLTRiMTYtOGI4Mi03MjQ1MzM4MWFmOGEiLCJfYXV0aF91c2VyX2JhY2tlbmQiOiJkamFuZ28uY29udHJpYi5hdXRoLmJhY2tlbmRzLk1vZGVsQmFja2VuZCIsIl9hdXRoX3VzZXJfaGFzaCI6ImYxNGM2YjI3NGQzZWZlM2E0NzZkZWUwZGFkNmY1MDM0M2IwMmQ5OWYifQ==','2020-08-18 16:18:48.178056'),('dwssk45qbxxmnddiujgh9uwz234bhle0','Y2U0MDE5Y2Q1ZGE3MjAyMGNmNGI4YTE2N2IyMTU0YWJlZDQ4ZmU5Zjp7Il9hdXRoX3VzZXJfaWQiOiJjY2Y4MjcyMy03ZmU3LTQwM2EtYWU1NC05ZmQ1MzQ2OTIzMzkiLCJfYXV0aF91c2VyX2JhY2tlbmQiOiJkamFuZ28uY29udHJpYi5hdXRoLmJhY2tlbmRzLk1vZGVsQmFja2VuZCIsIl9hdXRoX3VzZXJfaGFzaCI6IjZmYTBmNTI1NzZiYTRhNzY2ZTI1YmVjMzQ0YWIzMjhlMjhkOWZkODUifQ==','2020-08-29 05:01:43.045752'),('dz19j57mfmxxxvs7ok0mpleu8ibsjyua','NjBmZmUyMzNkMGFlNmVhODFlOWE4ZTk2Y2E5Y2FlMDA1NDUzNzc5Nzp7Il9hdXRoX3VzZXJfaWQiOiJhY2Y4YzBkNC1iZmUxLTQ5ZDMtYTliMS1iNDhlY2FhNGIxY2EiLCJfYXV0aF91c2VyX2JhY2tlbmQiOiJkamFuZ28uY29udHJpYi5hdXRoLmJhY2tlbmRzLk1vZGVsQmFja2VuZCIsIl9hdXRoX3VzZXJfaGFzaCI6IjhmZDJlN2UwODczY2Y5MmRiZTdjYjU3YTk5NmNkNjliNWRkZTAzZjAifQ==','2020-08-21 06:32:20.734777'),('e1plvnri4d8r8vvqzjv5ofjgtq6f45am','MmI4YzYzMWMyYjQxZGQ1YTVhNGM1MWVlZGRkN2JmZmE0ODUxYzg1ZTp7Il9hdXRoX3VzZXJfaWQiOiI0ZTM2ZjYyYS01YjhlLTQzNGYtOGM3MC0zMzcwMTVhZWU0NTkiLCJfYXV0aF91c2VyX2JhY2tlbmQiOiJkamFuZ28uY29udHJpYi5hdXRoLmJhY2tlbmRzLk1vZGVsQmFja2VuZCIsIl9hdXRoX3VzZXJfaGFzaCI6IjM4MjI0ZTBlN2M1MDU1MTIzZjJlMjJiYjY4NjIxMzMyOTUyOGY3YmMifQ==','2020-08-15 14:35:17.894690'),('e6dewj8yyxpdrwc2u9sxb90ljh14f53x','YzNiNjU3MzNlMDdiNzg1MjY1NjgyOGUyZDYzNzk3OTM0ZDFjYjU5Mjp7Il9hdXRoX3VzZXJfaWQiOiI3ZTllMjNjNS1iYTkwLTQ3MTEtYWI1Yi1mOTMzMWFhMTU2NjAiLCJfYXV0aF91c2VyX2JhY2tlbmQiOiJkamFuZ28uY29udHJpYi5hdXRoLmJhY2tlbmRzLk1vZGVsQmFja2VuZCIsIl9hdXRoX3VzZXJfaGFzaCI6ImZhZGIzNzliMmQ3NGM0MTgzMGZiOTczZThiMzg4OTExMmNkMmYwMzcifQ==','2020-08-25 14:25:09.766441'),('er9ly0t1yjcqszklaezv4s4atfdy10bb','ZDlhZjRlODFmZmMxMDJkOTE5MmZiNjhjN2U1MTI4OTIyZTUzNjI3YTp7Il9hdXRoX3VzZXJfaWQiOiI5NzE0N2Y1MS1kMjQwLTRlNTYtOWU0MS1jZWZkZTRiNWIwOTUiLCJfYXV0aF91c2VyX2JhY2tlbmQiOiJkamFuZ28uY29udHJpYi5hdXRoLmJhY2tlbmRzLk1vZGVsQmFja2VuZCIsIl9hdXRoX3VzZXJfaGFzaCI6IjFlMWNmZmY0MTA5NDZiMjkwMmEwNGNjZTA1OTA0ZjVmMDc4M2UyY2UifQ==','2020-08-24 12:30:34.407317'),('f2qk7l2x4ue7gy68vtkl2ga3rogw6qph','Y2QyYTUwN2FkMTUwZDMwM2U2MjA1NDc0YWY1MjUxM2I0MzljY2VmNTp7Il9hdXRoX3VzZXJfaWQiOiI1ZjkzMGFmMC1hMTc4LTQyZGMtYjk2MS1lODRjZWI2YmMwZDQiLCJfYXV0aF91c2VyX2JhY2tlbmQiOiJkamFuZ28uY29udHJpYi5hdXRoLmJhY2tlbmRzLk1vZGVsQmFja2VuZCIsIl9hdXRoX3VzZXJfaGFzaCI6ImNmYjQ3ZjAxYmNjMzc5NGQ5M2JhOWMwZjBkZDNkOGZkYmE2NjM0ZjMifQ==','2020-08-24 14:00:55.367594'),('fef461gghmyetfu5lg8cjg2gvac94kxq','ZDllY2E0MGIzZGMyNzMwMDQxYWFmMmVkYzgyZWNiM2UyMDhmZmY2MDp7Il9hdXRoX3VzZXJfaWQiOiJhZmQzOTQ3MS1lODRlLTQyYmMtYTQ1NC02MTI3ZTE4NzJlOTMiLCJfYXV0aF91c2VyX2JhY2tlbmQiOiJkamFuZ28uY29udHJpYi5hdXRoLmJhY2tlbmRzLk1vZGVsQmFja2VuZCIsIl9hdXRoX3VzZXJfaGFzaCI6IjE3ZDU0MTU4NTVhYzJiYWE1MjRkMWRlMWNiN2M4MjY4MzA0Y2U3ZjgifQ==','2020-08-25 06:48:19.203623'),('femhpaxswwkcujome0mn65pelgb38pv2','ODEyN2ZhNDA1YmIyMjU2NjRlZjY4NTVjYTA4ZDhiY2Y1NzJhMGFkOTp7Il9hdXRoX3VzZXJfaWQiOiI2ZDI3ZmYxYy1iNmU2LTQ1M2MtYTg0ZC0zNjg5MTI1ZDM2NTciLCJfYXV0aF91c2VyX2JhY2tlbmQiOiJkamFuZ28uY29udHJpYi5hdXRoLmJhY2tlbmRzLk1vZGVsQmFja2VuZCIsIl9hdXRoX3VzZXJfaGFzaCI6IjM4MjM2MGUwNGFjMDM1YTA4YzVlYTU4ZmFhZmM3NGZlOWI5ZDg4ZWQifQ==','2020-08-15 13:46:32.599814'),('fm04du8s7b3k93o7hb9a1e4s0q4m2w0c','YzAyZTcxZDY3Njk5YzVmM2UxOGZmZTAwZTg3NzdmN2ZjMjFiZWU2NDp7Il9hdXRoX3VzZXJfaWQiOiI0ZTM2ZjYyYS01YjhlLTQzNGYtOGM3MC0zMzcwMTVhZWU0NTkiLCJfYXV0aF91c2VyX2JhY2tlbmQiOiJkamFuZ28uY29udHJpYi5hdXRoLmJhY2tlbmRzLk1vZGVsQmFja2VuZCIsIl9hdXRoX3VzZXJfaGFzaCI6ImE4MjMyYjI0OWMwMjI5ZTNhMzY0YTVlOTQwNWJhNmNjYjliZTRhZTQifQ==','2020-08-19 17:19:59.225178'),('fyty126mhc2d3805249p02w72opdpi5w','Y2U0MDE5Y2Q1ZGE3MjAyMGNmNGI4YTE2N2IyMTU0YWJlZDQ4ZmU5Zjp7Il9hdXRoX3VzZXJfaWQiOiJjY2Y4MjcyMy03ZmU3LTQwM2EtYWU1NC05ZmQ1MzQ2OTIzMzkiLCJfYXV0aF91c2VyX2JhY2tlbmQiOiJkamFuZ28uY29udHJpYi5hdXRoLmJhY2tlbmRzLk1vZGVsQmFja2VuZCIsIl9hdXRoX3VzZXJfaGFzaCI6IjZmYTBmNTI1NzZiYTRhNzY2ZTI1YmVjMzQ0YWIzMjhlMjhkOWZkODUifQ==','2020-08-28 16:52:28.845918'),('ge8d38khkerjpsrevgmoouq1fzmnqfda','NGM1YjM0MzhhOWQ2OTczMWNhMDk4YTIyNzYwMjhlOTFiYWE4NTk1Zjp7Il9hdXRoX3VzZXJfaWQiOiI4N2Y5NDQ0MS0zYTVjLTRmYTktODBiOS0yNTMwNTQ4Y2UyYWEiLCJfYXV0aF91c2VyX2JhY2tlbmQiOiJkamFuZ28uY29udHJpYi5hdXRoLmJhY2tlbmRzLk1vZGVsQmFja2VuZCIsIl9hdXRoX3VzZXJfaGFzaCI6IjZiZWNlMDYxNTVhM2NhMjRhNjJkZjFlODcwM2UwNmIyNzVjOWE1NzQifQ==','2020-08-22 07:24:51.837462'),('gn16uixi6b4upa7jexawmu8j4rzqqdgv','NTUxN2Q5YzFkOGJkOWFkODMwYWFhYjlhMWY3ZjEyYTFjMjE2MzEyZjp7Il9hdXRoX3VzZXJfaWQiOiJjODU0MGQ0Ni0zMjYxLTRiYTYtODA3OS1hYjE2NTI2YmY3YzQiLCJfYXV0aF91c2VyX2JhY2tlbmQiOiJkamFuZ28uY29udHJpYi5hdXRoLmJhY2tlbmRzLk1vZGVsQmFja2VuZCIsIl9hdXRoX3VzZXJfaGFzaCI6IjkyYTM2ZTgzYTFkNjdkMmQ4OGI1Y2RhYmY4OWNjMTM5ZDExM2JmOGMifQ==','2020-08-25 08:19:16.862778'),('gocy29m7m8i696pgtlwbxndk11ujbxpy','M2U3ZTk3N2Y4ZWM1YzMxNDZiMDNlMzE3MDk3MWQyOWE0MTQzYzhiMTp7Il9hdXRoX3VzZXJfaWQiOiJmMDNiZjNhNS01NjhkLTRiOTMtYmZhNi0wNmU2YmUwNDQ3NjAiLCJfYXV0aF91c2VyX2JhY2tlbmQiOiJkamFuZ28uY29udHJpYi5hdXRoLmJhY2tlbmRzLk1vZGVsQmFja2VuZCIsIl9hdXRoX3VzZXJfaGFzaCI6IjFjOGM0ZTk1NjExZTc4NDI2N2M5NjVkMmRkYzk1YjhlNmI2YjJjMTIifQ==','2020-08-29 02:50:37.072192'),('gzljku11u388gryqr5g124tn7gz7ufj3','YzAyZTcxZDY3Njk5YzVmM2UxOGZmZTAwZTg3NzdmN2ZjMjFiZWU2NDp7Il9hdXRoX3VzZXJfaWQiOiI0ZTM2ZjYyYS01YjhlLTQzNGYtOGM3MC0zMzcwMTVhZWU0NTkiLCJfYXV0aF91c2VyX2JhY2tlbmQiOiJkamFuZ28uY29udHJpYi5hdXRoLmJhY2tlbmRzLk1vZGVsQmFja2VuZCIsIl9hdXRoX3VzZXJfaGFzaCI6ImE4MjMyYjI0OWMwMjI5ZTNhMzY0YTVlOTQwNWJhNmNjYjliZTRhZTQifQ==','2020-08-18 10:10:52.573133'),('h1nza26l056cy15s6napaw5g0nlpp8x8','OThkNzI1MWY4MjEyMjNjNmEwMjY4YzU3MjZiZDM3NmU3NGQ2NGU0MDp7Il9hdXRoX3VzZXJfaWQiOiI4OTAwMGQ0NS1mZDVjLTRiMTYtOGI4Mi03MjQ1MzM4MWFmOGEiLCJfYXV0aF91c2VyX2JhY2tlbmQiOiJkamFuZ28uY29udHJpYi5hdXRoLmJhY2tlbmRzLk1vZGVsQmFja2VuZCIsIl9hdXRoX3VzZXJfaGFzaCI6ImYxNGM2YjI3NGQzZWZlM2E0NzZkZWUwZGFkNmY1MDM0M2IwMmQ5OWYifQ==','2020-08-20 13:26:08.273973'),('h5ibvga2ymno78d4pjs1pn5g6ohwz98c','Y2QyYTUwN2FkMTUwZDMwM2U2MjA1NDc0YWY1MjUxM2I0MzljY2VmNTp7Il9hdXRoX3VzZXJfaWQiOiI1ZjkzMGFmMC1hMTc4LTQyZGMtYjk2MS1lODRjZWI2YmMwZDQiLCJfYXV0aF91c2VyX2JhY2tlbmQiOiJkamFuZ28uY29udHJpYi5hdXRoLmJhY2tlbmRzLk1vZGVsQmFja2VuZCIsIl9hdXRoX3VzZXJfaGFzaCI6ImNmYjQ3ZjAxYmNjMzc5NGQ5M2JhOWMwZjBkZDNkOGZkYmE2NjM0ZjMifQ==','2020-08-24 05:00:08.234345'),('hbahyvxd237b8txljaezai939eh03p6m','Nzk1MzRhNjU3NmMzYTFkMjk0OGI4MTQ5YTdiYzE1ZGVjMzIzOWZmYzp7Il9hdXRoX3VzZXJfaWQiOiJlMzdhM2M4Zi1kMDk3LTQzM2UtOTBmZC0zYzA4NThjMTdhZDMiLCJfYXV0aF91c2VyX2JhY2tlbmQiOiJkamFuZ28uY29udHJpYi5hdXRoLmJhY2tlbmRzLk1vZGVsQmFja2VuZCIsIl9hdXRoX3VzZXJfaGFzaCI6ImY0MTJlODM1YjhkMTgyM2RhYmEzMmRjZDlhYzQ0OTU1MDRmODQ3MDAifQ==','2020-08-22 11:47:07.218354'),('hgqfxskephounvw96swh4ub92dei10t9','YzhmM2ViYzE0NTc3NmY5MTY1ZWJiZTRiOTQ0ODA4MzZkODkwMGY2Mzp7Il9hdXRoX3VzZXJfaWQiOiI2MmI3MDdmMi02ODQwLTQzNmItODc4Ny0wODdhNjBhNjk4NWYiLCJfYXV0aF91c2VyX2JhY2tlbmQiOiJkamFuZ28uY29udHJpYi5hdXRoLmJhY2tlbmRzLk1vZGVsQmFja2VuZCIsIl9hdXRoX3VzZXJfaGFzaCI6IjkwM2Y1NGFhOWIyZDgyMzE2YjdkYWY1MjJmODBmODgxOGE0M2Q0ZjMifQ==','2020-08-28 17:25:18.217431'),('hhsrgdlj5ggbiicku6nkjb1k2oofru8z','YThmNzk0NTc0Yzk1MDY2MTlkNmJiMDljMTZhYjE2ZTExMmYxZjJmOTp7Il9hdXRoX3VzZXJfaWQiOiI0ZTM2ZjYyYS01YjhlLTQzNGYtOGM3MC0zMzcwMTVhZWU0NTkiLCJfYXV0aF91c2VyX2JhY2tlbmQiOiJkamFuZ28uY29udHJpYi5hdXRoLmJhY2tlbmRzLk1vZGVsQmFja2VuZCIsIl9hdXRoX3VzZXJfaGFzaCI6ImQ3NWU3MzRkOTgwYTAwMjlhMWU4YmExZjU1MzdhNDIwNjk4NmUyOGMifQ==','2020-08-15 13:52:51.091801'),('hjrzqsemmvfb0xf8iwpasd6efin3lwpy','MTE5ZGNkYWUxZjU4ZGU2NWJjOWU0MmUwMzlmOGFiZmQ5ZDI0NGI3ZDp7Il9hdXRoX3VzZXJfaWQiOiIzZWE0MDhmYy0xZDkwLTRhMGMtOTY4MC00ZDhhOTJmMDc3YzYiLCJfYXV0aF91c2VyX2JhY2tlbmQiOiJkamFuZ28uY29udHJpYi5hdXRoLmJhY2tlbmRzLk1vZGVsQmFja2VuZCIsIl9hdXRoX3VzZXJfaGFzaCI6IjQ2MjA2ZDRiNTgwMjcyOTMzNmE5YjNlMDhiZjliY2ZjZjg3YmNiOGIifQ==','2020-08-28 15:01:07.188058'),('hjzh2johvhhnije36hh7jxfzlrw0lxq6','YWFlNDVlMzU3NDQ5ZWQ3NTkzOTY0MGUzNDA1YWM3ZDQxNzVmNDhlMjp7Il9hdXRoX3VzZXJfaWQiOiJjMDZkYTgzMS1jNjMwLTRiOGItYWQ2ZS03YTVmYTVmZjljNTMiLCJfYXV0aF91c2VyX2JhY2tlbmQiOiJkamFuZ28uY29udHJpYi5hdXRoLmJhY2tlbmRzLk1vZGVsQmFja2VuZCIsIl9hdXRoX3VzZXJfaGFzaCI6IjAwYmI3MWQyMmQ5MDIyMDI0ODNjZTgxNWQyNjA2ZDZhMDRiZmU5ODEifQ==','2020-08-28 12:25:52.979789'),('i3fdkv4i2wpkfij9bbv0qlmbvv4jjitx','YTBkNzQ3NzQwNjU1MTZjYTA0YjRkYjdmY2Q1YjVmMGRmNWY5MjE2OTp7Il9hdXRoX3VzZXJfaWQiOiJlYjM5NzMwNy0xNmJkLTRjY2ItOGMzOC0wOWExNTEwNjcyMDAiLCJfYXV0aF91c2VyX2JhY2tlbmQiOiJkamFuZ28uY29udHJpYi5hdXRoLmJhY2tlbmRzLk1vZGVsQmFja2VuZCIsIl9hdXRoX3VzZXJfaGFzaCI6IjhjODM2NzU5MDUyMmI4NmZjOTBhMGYxZjRkZWUzZThjODk3ZDQ1MzgifQ==','2020-08-24 20:09:23.366860'),('igq2r21mkflab89okx38ahxxxk3yx79c','ZGVkMGJhNTVhZTQ0MGIwNmU2NmNmNDg0MTE1NTk3ZmIzYzRkNGFiODp7Il9hdXRoX3VzZXJfaWQiOiJhOGU1OWJkYy02NjcxLTQ2YjEtYjQ5Mi02YTEzODZkMzRhMjAiLCJfYXV0aF91c2VyX2JhY2tlbmQiOiJkamFuZ28uY29udHJpYi5hdXRoLmJhY2tlbmRzLk1vZGVsQmFja2VuZCIsIl9hdXRoX3VzZXJfaGFzaCI6IjI1MWMwNDRkMzUwMzZiNTZjMDMwNWFmYTczZDcwMzU0Y2IxZjE2NTEifQ==','2020-08-23 15:04:03.284286'),('iudkezinypc108gime8nbbimr99s3yrq','M2U3ZTk3N2Y4ZWM1YzMxNDZiMDNlMzE3MDk3MWQyOWE0MTQzYzhiMTp7Il9hdXRoX3VzZXJfaWQiOiJmMDNiZjNhNS01NjhkLTRiOTMtYmZhNi0wNmU2YmUwNDQ3NjAiLCJfYXV0aF91c2VyX2JhY2tlbmQiOiJkamFuZ28uY29udHJpYi5hdXRoLmJhY2tlbmRzLk1vZGVsQmFja2VuZCIsIl9hdXRoX3VzZXJfaGFzaCI6IjFjOGM0ZTk1NjExZTc4NDI2N2M5NjVkMmRkYzk1YjhlNmI2YjJjMTIifQ==','2020-08-25 10:59:26.943146'),('j8dcl7l49rht4kdrkv346cffqnzyqlyl','NGM1YjM0MzhhOWQ2OTczMWNhMDk4YTIyNzYwMjhlOTFiYWE4NTk1Zjp7Il9hdXRoX3VzZXJfaWQiOiI4N2Y5NDQ0MS0zYTVjLTRmYTktODBiOS0yNTMwNTQ4Y2UyYWEiLCJfYXV0aF91c2VyX2JhY2tlbmQiOiJkamFuZ28uY29udHJpYi5hdXRoLmJhY2tlbmRzLk1vZGVsQmFja2VuZCIsIl9hdXRoX3VzZXJfaGFzaCI6IjZiZWNlMDYxNTVhM2NhMjRhNjJkZjFlODcwM2UwNmIyNzVjOWE1NzQifQ==','2020-08-26 11:37:40.664613'),('jc8jx5nzy1km0rmxjxni93fbio6f7uqk','MmI4YzYzMWMyYjQxZGQ1YTVhNGM1MWVlZGRkN2JmZmE0ODUxYzg1ZTp7Il9hdXRoX3VzZXJfaWQiOiI0ZTM2ZjYyYS01YjhlLTQzNGYtOGM3MC0zMzcwMTVhZWU0NTkiLCJfYXV0aF91c2VyX2JhY2tlbmQiOiJkamFuZ28uY29udHJpYi5hdXRoLmJhY2tlbmRzLk1vZGVsQmFja2VuZCIsIl9hdXRoX3VzZXJfaGFzaCI6IjM4MjI0ZTBlN2M1MDU1MTIzZjJlMjJiYjY4NjIxMzMyOTUyOGY3YmMifQ==','2020-08-15 14:53:58.715815'),('jmabqcg867ybnzvv5gifz1oyafzk3kpo','ZGIxY2IwN2Y4Y2QzMjM2ZmRiZTUxNmJiY2Y1NjE0NTRmZTQ0NTkwYjp7Il9hdXRoX3VzZXJfaWQiOiJmMDNiZjNhNS01NjhkLTRiOTMtYmZhNi0wNmU2YmUwNDQ3NjAiLCJfYXV0aF91c2VyX2JhY2tlbmQiOiJkamFuZ28uY29udHJpYi5hdXRoLmJhY2tlbmRzLk1vZGVsQmFja2VuZCIsIl9hdXRoX3VzZXJfaGFzaCI6IjUyODRjMmEyNTBmOTY3Y2RlZDc0YTAwMTYyNjNkMzJhZjI2NGFmNTYifQ==','2020-08-30 20:39:35.327533'),('jpxldj3soydr5p0bat25ycvzyuuq4882','Y2JhNGM1YWE3YmI3OTAxMmE2YjlmZDliMzAzYjg0MGNmNDlhMDA5Mzp7Il9hdXRoX3VzZXJfaWQiOiJlZDVmYzU3My1mODQ5LTRmOWYtYTg3MC01MDc2ZTFjMGVhZjQiLCJfYXV0aF91c2VyX2JhY2tlbmQiOiJkamFuZ28uY29udHJpYi5hdXRoLmJhY2tlbmRzLk1vZGVsQmFja2VuZCIsIl9hdXRoX3VzZXJfaGFzaCI6IjJlNjVjMzU2YWIxNTdkMzNiNmY2ODZhOTIxOWZmYjc4N2U1MzQwNzAifQ==','2020-08-26 05:17:28.009639'),('jy2d1tv0d4oqrjsoawis2yjo6vsuql1u','Y2QyYTUwN2FkMTUwZDMwM2U2MjA1NDc0YWY1MjUxM2I0MzljY2VmNTp7Il9hdXRoX3VzZXJfaWQiOiI1ZjkzMGFmMC1hMTc4LTQyZGMtYjk2MS1lODRjZWI2YmMwZDQiLCJfYXV0aF91c2VyX2JhY2tlbmQiOiJkamFuZ28uY29udHJpYi5hdXRoLmJhY2tlbmRzLk1vZGVsQmFja2VuZCIsIl9hdXRoX3VzZXJfaGFzaCI6ImNmYjQ3ZjAxYmNjMzc5NGQ5M2JhOWMwZjBkZDNkOGZkYmE2NjM0ZjMifQ==','2020-08-22 16:06:59.364656'),('k4hy8nimbn6kqx45l258j9whmbvyb0io','YWM0MjgyOWU2MDhhYjU4MDBhYjEyNmMxMWIwZjU5YzRkZmJmZGU1ZTp7Il9hdXRoX3VzZXJfaWQiOiI2NjkwYjE5NS0yZmY4LTQ1NjMtOWVmMS05NGMzNzliZWEzNWQiLCJfYXV0aF91c2VyX2JhY2tlbmQiOiJkamFuZ28uY29udHJpYi5hdXRoLmJhY2tlbmRzLk1vZGVsQmFja2VuZCIsIl9hdXRoX3VzZXJfaGFzaCI6ImUzZGVlZjYyMjNkYmY1ZTQxYzc1YjEyZDM2ODJjM2MwNjEyZTRlZDQifQ==','2020-08-23 15:58:16.187804'),('kb07cjc5z4jnjnglaw30qu8w8i6yvvft','Y2QyYTUwN2FkMTUwZDMwM2U2MjA1NDc0YWY1MjUxM2I0MzljY2VmNTp7Il9hdXRoX3VzZXJfaWQiOiI1ZjkzMGFmMC1hMTc4LTQyZGMtYjk2MS1lODRjZWI2YmMwZDQiLCJfYXV0aF91c2VyX2JhY2tlbmQiOiJkamFuZ28uY29udHJpYi5hdXRoLmJhY2tlbmRzLk1vZGVsQmFja2VuZCIsIl9hdXRoX3VzZXJfaGFzaCI6ImNmYjQ3ZjAxYmNjMzc5NGQ5M2JhOWMwZjBkZDNkOGZkYmE2NjM0ZjMifQ==','2020-08-23 13:08:38.176191'),('l1bqaijfyvvodamgkotfb6fq22cderbr','ODZiYTI1ODExOTE3ZGJiM2QxOGRkYmY1NTg0YjMwODIzNjZjNTQ2Nzp7Il9hdXRoX3VzZXJfaWQiOiJhMGEyMzc3My01YzNjLTRiYjEtYjg5ZC05ODM3NDBmYTg1MDMiLCJfYXV0aF91c2VyX2JhY2tlbmQiOiJkamFuZ28uY29udHJpYi5hdXRoLmJhY2tlbmRzLk1vZGVsQmFja2VuZCIsIl9hdXRoX3VzZXJfaGFzaCI6ImIyZjYwYzM3MzkzMWI3NDUwODI5MTdlY2UzZDhjOTVmOTExMmMzNmEifQ==','2020-08-23 12:42:25.778374'),('la52ulmu7cn7165cuhe8jxtf613tlsxb','Y2QyYTUwN2FkMTUwZDMwM2U2MjA1NDc0YWY1MjUxM2I0MzljY2VmNTp7Il9hdXRoX3VzZXJfaWQiOiI1ZjkzMGFmMC1hMTc4LTQyZGMtYjk2MS1lODRjZWI2YmMwZDQiLCJfYXV0aF91c2VyX2JhY2tlbmQiOiJkamFuZ28uY29udHJpYi5hdXRoLmJhY2tlbmRzLk1vZGVsQmFja2VuZCIsIl9hdXRoX3VzZXJfaGFzaCI6ImNmYjQ3ZjAxYmNjMzc5NGQ5M2JhOWMwZjBkZDNkOGZkYmE2NjM0ZjMifQ==','2020-08-22 16:35:03.109859'),('lboim1nk5vvk0af6gfrvliu1nhey6q7l','NmFmYWRlMGQzNWVjZDZlNDdmZGViZGQ5Zjg4ODFkNmUwNzlmMjM5MTp7Il9hdXRoX3VzZXJfaWQiOiJjZmI5MTZhYi1mNDVlLTQzYmYtYTJkNy01ODNiMmVhMTYyMDgiLCJfYXV0aF91c2VyX2JhY2tlbmQiOiJkamFuZ28uY29udHJpYi5hdXRoLmJhY2tlbmRzLk1vZGVsQmFja2VuZCIsIl9hdXRoX3VzZXJfaGFzaCI6IjMyODc0MTY1MzI2YTQxYzQ5M2U3OWUzNjNjMDUyOGE2NDc5YzNkM2QifQ==','2020-08-28 13:14:49.698531'),('llbshg8s89luaktxivqexa71j8q5pjcd','YzAyZTcxZDY3Njk5YzVmM2UxOGZmZTAwZTg3NzdmN2ZjMjFiZWU2NDp7Il9hdXRoX3VzZXJfaWQiOiI0ZTM2ZjYyYS01YjhlLTQzNGYtOGM3MC0zMzcwMTVhZWU0NTkiLCJfYXV0aF91c2VyX2JhY2tlbmQiOiJkamFuZ28uY29udHJpYi5hdXRoLmJhY2tlbmRzLk1vZGVsQmFja2VuZCIsIl9hdXRoX3VzZXJfaGFzaCI6ImE4MjMyYjI0OWMwMjI5ZTNhMzY0YTVlOTQwNWJhNmNjYjliZTRhZTQifQ==','2020-08-25 16:30:38.065201'),('ly4uxm56yclwjmcbsup4h0m0ym58p0sn','YzhmM2ViYzE0NTc3NmY5MTY1ZWJiZTRiOTQ0ODA4MzZkODkwMGY2Mzp7Il9hdXRoX3VzZXJfaWQiOiI2MmI3MDdmMi02ODQwLTQzNmItODc4Ny0wODdhNjBhNjk4NWYiLCJfYXV0aF91c2VyX2JhY2tlbmQiOiJkamFuZ28uY29udHJpYi5hdXRoLmJhY2tlbmRzLk1vZGVsQmFja2VuZCIsIl9hdXRoX3VzZXJfaGFzaCI6IjkwM2Y1NGFhOWIyZDgyMzE2YjdkYWY1MjJmODBmODgxOGE0M2Q0ZjMifQ==','2020-08-27 17:16:26.050063'),('m76nnbbt2l32u45eh62ubx7nyguq06ru','YTBkNzQ3NzQwNjU1MTZjYTA0YjRkYjdmY2Q1YjVmMGRmNWY5MjE2OTp7Il9hdXRoX3VzZXJfaWQiOiJlYjM5NzMwNy0xNmJkLTRjY2ItOGMzOC0wOWExNTEwNjcyMDAiLCJfYXV0aF91c2VyX2JhY2tlbmQiOiJkamFuZ28uY29udHJpYi5hdXRoLmJhY2tlbmRzLk1vZGVsQmFja2VuZCIsIl9hdXRoX3VzZXJfaGFzaCI6IjhjODM2NzU5MDUyMmI4NmZjOTBhMGYxZjRkZWUzZThjODk3ZDQ1MzgifQ==','2020-08-22 12:58:05.037572'),('masy8cireg2nsyrzuegkoqi8cjrooulc','YzhmM2ViYzE0NTc3NmY5MTY1ZWJiZTRiOTQ0ODA4MzZkODkwMGY2Mzp7Il9hdXRoX3VzZXJfaWQiOiI2MmI3MDdmMi02ODQwLTQzNmItODc4Ny0wODdhNjBhNjk4NWYiLCJfYXV0aF91c2VyX2JhY2tlbmQiOiJkamFuZ28uY29udHJpYi5hdXRoLmJhY2tlbmRzLk1vZGVsQmFja2VuZCIsIl9hdXRoX3VzZXJfaGFzaCI6IjkwM2Y1NGFhOWIyZDgyMzE2YjdkYWY1MjJmODBmODgxOGE0M2Q0ZjMifQ==','2020-08-28 17:25:16.202485'),('mc4a6e3av1jixtj6wxea1slqgs2k6ms2','NTllZGM0MWEwMjlmNDRkOTJiYzEyOGM4YTE2ZjhhMDkwOGVhNmNhOTp7Il9hdXRoX3VzZXJfaWQiOiI0YzI5MTU5ZS1iY2ZhLTRkMGQtODdjNS02NmQyMjYyMTNiZjMiLCJfYXV0aF91c2VyX2JhY2tlbmQiOiJkamFuZ28uY29udHJpYi5hdXRoLmJhY2tlbmRzLk1vZGVsQmFja2VuZCIsIl9hdXRoX3VzZXJfaGFzaCI6ImQxZGRlYjRhY2MyMGFlMjAwZTAzZjg2OTJkMzI3NDhmNTYzY2VmOTgifQ==','2020-08-19 12:21:53.118464'),('mj5lqve9ssw117ggqltbbb0bipkk1os6','Y2QyYTUwN2FkMTUwZDMwM2U2MjA1NDc0YWY1MjUxM2I0MzljY2VmNTp7Il9hdXRoX3VzZXJfaWQiOiI1ZjkzMGFmMC1hMTc4LTQyZGMtYjk2MS1lODRjZWI2YmMwZDQiLCJfYXV0aF91c2VyX2JhY2tlbmQiOiJkamFuZ28uY29udHJpYi5hdXRoLmJhY2tlbmRzLk1vZGVsQmFja2VuZCIsIl9hdXRoX3VzZXJfaGFzaCI6ImNmYjQ3ZjAxYmNjMzc5NGQ5M2JhOWMwZjBkZDNkOGZkYmE2NjM0ZjMifQ==','2020-08-20 15:04:13.648637'),('n2qhy9ajuliwmjx6qzssxy60bldxy2ge','Y2QyYTUwN2FkMTUwZDMwM2U2MjA1NDc0YWY1MjUxM2I0MzljY2VmNTp7Il9hdXRoX3VzZXJfaWQiOiI1ZjkzMGFmMC1hMTc4LTQyZGMtYjk2MS1lODRjZWI2YmMwZDQiLCJfYXV0aF91c2VyX2JhY2tlbmQiOiJkamFuZ28uY29udHJpYi5hdXRoLmJhY2tlbmRzLk1vZGVsQmFja2VuZCIsIl9hdXRoX3VzZXJfaGFzaCI6ImNmYjQ3ZjAxYmNjMzc5NGQ5M2JhOWMwZjBkZDNkOGZkYmE2NjM0ZjMifQ==','2020-08-21 13:21:40.329956'),('n36l2n44tc0zk3rfv6phlmv5b4fol53n','NTllZGM0MWEwMjlmNDRkOTJiYzEyOGM4YTE2ZjhhMDkwOGVhNmNhOTp7Il9hdXRoX3VzZXJfaWQiOiI0YzI5MTU5ZS1iY2ZhLTRkMGQtODdjNS02NmQyMjYyMTNiZjMiLCJfYXV0aF91c2VyX2JhY2tlbmQiOiJkamFuZ28uY29udHJpYi5hdXRoLmJhY2tlbmRzLk1vZGVsQmFja2VuZCIsIl9hdXRoX3VzZXJfaGFzaCI6ImQxZGRlYjRhY2MyMGFlMjAwZTAzZjg2OTJkMzI3NDhmNTYzY2VmOTgifQ==','2020-08-19 04:44:27.185678'),('n3wzhhonlzs6w5yuev7u79up47yy18yj','ZDlhZjRlODFmZmMxMDJkOTE5MmZiNjhjN2U1MTI4OTIyZTUzNjI3YTp7Il9hdXRoX3VzZXJfaWQiOiI5NzE0N2Y1MS1kMjQwLTRlNTYtOWU0MS1jZWZkZTRiNWIwOTUiLCJfYXV0aF91c2VyX2JhY2tlbmQiOiJkamFuZ28uY29udHJpYi5hdXRoLmJhY2tlbmRzLk1vZGVsQmFja2VuZCIsIl9hdXRoX3VzZXJfaGFzaCI6IjFlMWNmZmY0MTA5NDZiMjkwMmEwNGNjZTA1OTA0ZjVmMDc4M2UyY2UifQ==','2020-08-19 09:49:42.234634'),('nskq938q88gruclz8z1jp9r3gan2t2fl','ZDlhZjRlODFmZmMxMDJkOTE5MmZiNjhjN2U1MTI4OTIyZTUzNjI3YTp7Il9hdXRoX3VzZXJfaWQiOiI5NzE0N2Y1MS1kMjQwLTRlNTYtOWU0MS1jZWZkZTRiNWIwOTUiLCJfYXV0aF91c2VyX2JhY2tlbmQiOiJkamFuZ28uY29udHJpYi5hdXRoLmJhY2tlbmRzLk1vZGVsQmFja2VuZCIsIl9hdXRoX3VzZXJfaGFzaCI6IjFlMWNmZmY0MTA5NDZiMjkwMmEwNGNjZTA1OTA0ZjVmMDc4M2UyY2UifQ==','2020-08-21 18:51:53.391276'),('ntmgm3b4gkfov8czt7l7dbbc5qhll3yf','NmZiMjYwMGRmYjg0ZjgxNzE1MWU0MmU4MDFjYzE1M2UzNWNmOWVjNDp7Il9hdXRoX3VzZXJfaWQiOiI4NjY1MTUxOS0zYjg2LTQwZjctYTc5NC1hOTgxOWI3ODVjY2YiLCJfYXV0aF91c2VyX2JhY2tlbmQiOiJkamFuZ28uY29udHJpYi5hdXRoLmJhY2tlbmRzLk1vZGVsQmFja2VuZCIsIl9hdXRoX3VzZXJfaGFzaCI6ImNiY2JmZWIyODAwZmQ5YzQ3NjBkNmE3Y2ZjNGVhOGE4ZWU5ZjdhMmMifQ==','2020-08-28 13:31:38.311475'),('nu1jfcwkztaor5re188zn4fgy8lw0bu7','Y2QyYTUwN2FkMTUwZDMwM2U2MjA1NDc0YWY1MjUxM2I0MzljY2VmNTp7Il9hdXRoX3VzZXJfaWQiOiI1ZjkzMGFmMC1hMTc4LTQyZGMtYjk2MS1lODRjZWI2YmMwZDQiLCJfYXV0aF91c2VyX2JhY2tlbmQiOiJkamFuZ28uY29udHJpYi5hdXRoLmJhY2tlbmRzLk1vZGVsQmFja2VuZCIsIl9hdXRoX3VzZXJfaGFzaCI6ImNmYjQ3ZjAxYmNjMzc5NGQ5M2JhOWMwZjBkZDNkOGZkYmE2NjM0ZjMifQ==','2020-08-25 17:38:25.912096'),('o7t08f9pbl00nru8a9u0lmhpkgn9x60v','OWNiMTlhNmFjZTVhYWQyMjFkMDVkNmEzYjQzNDZhMGFjY2U4OGE0MTp7Il9hdXRoX3VzZXJfaWQiOiI4ZTQ5NzdlYS0zYTY3LTRhYzEtOWM2My1lYjc0NmE3NWFmMjUiLCJfYXV0aF91c2VyX2JhY2tlbmQiOiJkamFuZ28uY29udHJpYi5hdXRoLmJhY2tlbmRzLk1vZGVsQmFja2VuZCIsIl9hdXRoX3VzZXJfaGFzaCI6IjA1YzBkMzA1NzhlNGU4ZjMxZWVlY2UxYWQxMDAzNTVmYTE4MjZkZDEifQ==','2020-08-26 10:06:16.446873'),('ocficnsmghuajz41q9oslfsb7z342i05','YzhmM2ViYzE0NTc3NmY5MTY1ZWJiZTRiOTQ0ODA4MzZkODkwMGY2Mzp7Il9hdXRoX3VzZXJfaWQiOiI2MmI3MDdmMi02ODQwLTQzNmItODc4Ny0wODdhNjBhNjk4NWYiLCJfYXV0aF91c2VyX2JhY2tlbmQiOiJkamFuZ28uY29udHJpYi5hdXRoLmJhY2tlbmRzLk1vZGVsQmFja2VuZCIsIl9hdXRoX3VzZXJfaGFzaCI6IjkwM2Y1NGFhOWIyZDgyMzE2YjdkYWY1MjJmODBmODgxOGE0M2Q0ZjMifQ==','2020-08-29 15:40:42.176194'),('odydasmikwqgsbikh2jhq5ta31kxexzh','ZjM0NTVmN2FmNmNlYTM4ZjA3YmExZDk4MmU1ODUwYTJjZjZiY2Y4ZDp7Il9hdXRoX3VzZXJfaWQiOiJjZTUwMWViZS04MTVlLTQ2MDgtOTE1OS1hYzhkMzIxNjU3N2YiLCJfYXV0aF91c2VyX2JhY2tlbmQiOiJkamFuZ28uY29udHJpYi5hdXRoLmJhY2tlbmRzLk1vZGVsQmFja2VuZCIsIl9hdXRoX3VzZXJfaGFzaCI6ImRjYjExMWIzNmY3NWMzMGM0YWRkNzY1Yjg1ZDIyMDZiNDgyOTVhMzAifQ==','2020-08-24 09:27:40.289698'),('oe1els0a6or67v9ddsvpp3y9vvquhss7','NjY0ZjNhYmQzNzVlODBjMjU4NzA5MTNjYjU1MmYzNzMyZGZhNDk3Nzp7Il9hdXRoX3VzZXJfaWQiOiJjZTUwMWViZS04MTVlLTQ2MDgtOTE1OS1hYzhkMzIxNjU3N2YiLCJfYXV0aF91c2VyX2JhY2tlbmQiOiJkamFuZ28uY29udHJpYi5hdXRoLmJhY2tlbmRzLk1vZGVsQmFja2VuZCIsIl9hdXRoX3VzZXJfaGFzaCI6IjI5YThhNmNhYzI1YjE3NjM1ZWRlNzg2MGFlOTI3M2Q2MjAxMDNmZTMifQ==','2020-08-19 13:01:03.663066'),('ogdh4e7fwp0dwlttxzczo1h8cdwlmsby','YzY2OTFiOWNiODc3YzNmNmE2N2EwMzhmZDdkMTc2NmQzZjdiYTQwODp7Il9hdXRoX3VzZXJfaWQiOiI1OWRlNGQ4OS0xZTg3LTQyYmUtOTU5ZS1jY2Y3ZTQzYTczZGMiLCJfYXV0aF91c2VyX2JhY2tlbmQiOiJkamFuZ28uY29udHJpYi5hdXRoLmJhY2tlbmRzLk1vZGVsQmFja2VuZCIsIl9hdXRoX3VzZXJfaGFzaCI6ImQ4N2VhOWI1ZGYzZTFhMTUwZWM5MzY1ZmQzZDI4Nzk3OWRmYzYzY2UifQ==','2020-08-24 07:16:24.381632'),('okesga4niyhwock3dk09v4s6hwquoi2p','YzhmM2ViYzE0NTc3NmY5MTY1ZWJiZTRiOTQ0ODA4MzZkODkwMGY2Mzp7Il9hdXRoX3VzZXJfaWQiOiI2MmI3MDdmMi02ODQwLTQzNmItODc4Ny0wODdhNjBhNjk4NWYiLCJfYXV0aF91c2VyX2JhY2tlbmQiOiJkamFuZ28uY29udHJpYi5hdXRoLmJhY2tlbmRzLk1vZGVsQmFja2VuZCIsIl9hdXRoX3VzZXJfaGFzaCI6IjkwM2Y1NGFhOWIyZDgyMzE2YjdkYWY1MjJmODBmODgxOGE0M2Q0ZjMifQ==','2020-08-29 15:17:34.037082'),('p0yhgi6h4lienc9ecr4mmtga6kc9bqxj','Y2QyYTUwN2FkMTUwZDMwM2U2MjA1NDc0YWY1MjUxM2I0MzljY2VmNTp7Il9hdXRoX3VzZXJfaWQiOiI1ZjkzMGFmMC1hMTc4LTQyZGMtYjk2MS1lODRjZWI2YmMwZDQiLCJfYXV0aF91c2VyX2JhY2tlbmQiOiJkamFuZ28uY29udHJpYi5hdXRoLmJhY2tlbmRzLk1vZGVsQmFja2VuZCIsIl9hdXRoX3VzZXJfaGFzaCI6ImNmYjQ3ZjAxYmNjMzc5NGQ5M2JhOWMwZjBkZDNkOGZkYmE2NjM0ZjMifQ==','2020-08-19 08:49:02.880763'),('p5f7or7vsn1s5uhplxy0cij2belud9ta','YzAyZTcxZDY3Njk5YzVmM2UxOGZmZTAwZTg3NzdmN2ZjMjFiZWU2NDp7Il9hdXRoX3VzZXJfaWQiOiI0ZTM2ZjYyYS01YjhlLTQzNGYtOGM3MC0zMzcwMTVhZWU0NTkiLCJfYXV0aF91c2VyX2JhY2tlbmQiOiJkamFuZ28uY29udHJpYi5hdXRoLmJhY2tlbmRzLk1vZGVsQmFja2VuZCIsIl9hdXRoX3VzZXJfaGFzaCI6ImE4MjMyYjI0OWMwMjI5ZTNhMzY0YTVlOTQwNWJhNmNjYjliZTRhZTQifQ==','2020-08-18 00:32:21.742768'),('pa1vfgwu7d1d00i3kd184w0y4rjp0sbk','ZWQzNTljYTQ2YjQ1MTIwZGNmY2M1ZTE1MDFjOGQ1YWJiNWE0YzVkYzp7Il9hdXRoX3VzZXJfaWQiOiI1NzJmZTNhNi02NzJkLTRiM2YtYWIwOC03M2QxNzhiYWRiODQiLCJfYXV0aF91c2VyX2JhY2tlbmQiOiJkamFuZ28uY29udHJpYi5hdXRoLmJhY2tlbmRzLk1vZGVsQmFja2VuZCIsIl9hdXRoX3VzZXJfaGFzaCI6IjQ1OTJiZDk0YTI5ZTIwZjJlOTcwNzU3Mzc5Nzk0NmQyYjRjN2QzZmEifQ==','2020-08-24 11:51:07.961581'),('plg8zjesrj5yae9dks5e6d3fydnyjgwc','Y2QyYTUwN2FkMTUwZDMwM2U2MjA1NDc0YWY1MjUxM2I0MzljY2VmNTp7Il9hdXRoX3VzZXJfaWQiOiI1ZjkzMGFmMC1hMTc4LTQyZGMtYjk2MS1lODRjZWI2YmMwZDQiLCJfYXV0aF91c2VyX2JhY2tlbmQiOiJkamFuZ28uY29udHJpYi5hdXRoLmJhY2tlbmRzLk1vZGVsQmFja2VuZCIsIl9hdXRoX3VzZXJfaGFzaCI6ImNmYjQ3ZjAxYmNjMzc5NGQ5M2JhOWMwZjBkZDNkOGZkYmE2NjM0ZjMifQ==','2020-08-20 13:46:00.123674'),('pt9hq706gxjauv5x5feuvhp51fciw9yz','YzhmM2ViYzE0NTc3NmY5MTY1ZWJiZTRiOTQ0ODA4MzZkODkwMGY2Mzp7Il9hdXRoX3VzZXJfaWQiOiI2MmI3MDdmMi02ODQwLTQzNmItODc4Ny0wODdhNjBhNjk4NWYiLCJfYXV0aF91c2VyX2JhY2tlbmQiOiJkamFuZ28uY29udHJpYi5hdXRoLmJhY2tlbmRzLk1vZGVsQmFja2VuZCIsIl9hdXRoX3VzZXJfaGFzaCI6IjkwM2Y1NGFhOWIyZDgyMzE2YjdkYWY1MjJmODBmODgxOGE0M2Q0ZjMifQ==','2020-08-27 17:16:59.925107'),('pz8y6vl3m3u8wisvs59hf334o5ftcrcq','MTE5ZGNkYWUxZjU4ZGU2NWJjOWU0MmUwMzlmOGFiZmQ5ZDI0NGI3ZDp7Il9hdXRoX3VzZXJfaWQiOiIzZWE0MDhmYy0xZDkwLTRhMGMtOTY4MC00ZDhhOTJmMDc3YzYiLCJfYXV0aF91c2VyX2JhY2tlbmQiOiJkamFuZ28uY29udHJpYi5hdXRoLmJhY2tlbmRzLk1vZGVsQmFja2VuZCIsIl9hdXRoX3VzZXJfaGFzaCI6IjQ2MjA2ZDRiNTgwMjcyOTMzNmE5YjNlMDhiZjliY2ZjZjg3YmNiOGIifQ==','2020-08-28 14:55:53.654769'),('q3nbxova4tk6402bcad65gpvczcf1r2c','Y2QyYTUwN2FkMTUwZDMwM2U2MjA1NDc0YWY1MjUxM2I0MzljY2VmNTp7Il9hdXRoX3VzZXJfaWQiOiI1ZjkzMGFmMC1hMTc4LTQyZGMtYjk2MS1lODRjZWI2YmMwZDQiLCJfYXV0aF91c2VyX2JhY2tlbmQiOiJkamFuZ28uY29udHJpYi5hdXRoLmJhY2tlbmRzLk1vZGVsQmFja2VuZCIsIl9hdXRoX3VzZXJfaGFzaCI6ImNmYjQ3ZjAxYmNjMzc5NGQ5M2JhOWMwZjBkZDNkOGZkYmE2NjM0ZjMifQ==','2020-09-01 17:36:49.411904'),('q99gnxmzkv4yely7mnb3nx6ak5qf1wgi','ODZiYTI1ODExOTE3ZGJiM2QxOGRkYmY1NTg0YjMwODIzNjZjNTQ2Nzp7Il9hdXRoX3VzZXJfaWQiOiJhMGEyMzc3My01YzNjLTRiYjEtYjg5ZC05ODM3NDBmYTg1MDMiLCJfYXV0aF91c2VyX2JhY2tlbmQiOiJkamFuZ28uY29udHJpYi5hdXRoLmJhY2tlbmRzLk1vZGVsQmFja2VuZCIsIl9hdXRoX3VzZXJfaGFzaCI6ImIyZjYwYzM3MzkzMWI3NDUwODI5MTdlY2UzZDhjOTVmOTExMmMzNmEifQ==','2020-08-23 10:12:59.642439'),('qk6otr7p18g8jxdpezyjb1xr0cdas0nc','M2U3ZTk3N2Y4ZWM1YzMxNDZiMDNlMzE3MDk3MWQyOWE0MTQzYzhiMTp7Il9hdXRoX3VzZXJfaWQiOiJmMDNiZjNhNS01NjhkLTRiOTMtYmZhNi0wNmU2YmUwNDQ3NjAiLCJfYXV0aF91c2VyX2JhY2tlbmQiOiJkamFuZ28uY29udHJpYi5hdXRoLmJhY2tlbmRzLk1vZGVsQmFja2VuZCIsIl9hdXRoX3VzZXJfaGFzaCI6IjFjOGM0ZTk1NjExZTc4NDI2N2M5NjVkMmRkYzk1YjhlNmI2YjJjMTIifQ==','2020-08-30 08:46:08.660223'),('qm7p3iillx0fj62ggeabul0xovut95fc','ZjM0NTVmN2FmNmNlYTM4ZjA3YmExZDk4MmU1ODUwYTJjZjZiY2Y4ZDp7Il9hdXRoX3VzZXJfaWQiOiJjZTUwMWViZS04MTVlLTQ2MDgtOTE1OS1hYzhkMzIxNjU3N2YiLCJfYXV0aF91c2VyX2JhY2tlbmQiOiJkamFuZ28uY29udHJpYi5hdXRoLmJhY2tlbmRzLk1vZGVsQmFja2VuZCIsIl9hdXRoX3VzZXJfaGFzaCI6ImRjYjExMWIzNmY3NWMzMGM0YWRkNzY1Yjg1ZDIyMDZiNDgyOTVhMzAifQ==','2020-08-28 12:50:08.449451'),('r0w5bcavemqu44pwxtl26dl2lb7bobh6','Y2QyYTUwN2FkMTUwZDMwM2U2MjA1NDc0YWY1MjUxM2I0MzljY2VmNTp7Il9hdXRoX3VzZXJfaWQiOiI1ZjkzMGFmMC1hMTc4LTQyZGMtYjk2MS1lODRjZWI2YmMwZDQiLCJfYXV0aF91c2VyX2JhY2tlbmQiOiJkamFuZ28uY29udHJpYi5hdXRoLmJhY2tlbmRzLk1vZGVsQmFja2VuZCIsIl9hdXRoX3VzZXJfaGFzaCI6ImNmYjQ3ZjAxYmNjMzc5NGQ5M2JhOWMwZjBkZDNkOGZkYmE2NjM0ZjMifQ==','2020-08-23 18:06:29.563521'),('rc9ae1aadrrr5p0quirr1z8znds1lh2k','NjBmZmUyMzNkMGFlNmVhODFlOWE4ZTk2Y2E5Y2FlMDA1NDUzNzc5Nzp7Il9hdXRoX3VzZXJfaWQiOiJhY2Y4YzBkNC1iZmUxLTQ5ZDMtYTliMS1iNDhlY2FhNGIxY2EiLCJfYXV0aF91c2VyX2JhY2tlbmQiOiJkamFuZ28uY29udHJpYi5hdXRoLmJhY2tlbmRzLk1vZGVsQmFja2VuZCIsIl9hdXRoX3VzZXJfaGFzaCI6IjhmZDJlN2UwODczY2Y5MmRiZTdjYjU3YTk5NmNkNjliNWRkZTAzZjAifQ==','2020-08-19 09:58:25.243499'),('rm2onyl3br0rp6jatdcgg1hzjxgt7ukv','OTYwYzVjZjMzMGY2MzNmZDk4MDY4NmM4ODFjYzNjNjNhOTQ3NjNmYjp7Il9hdXRoX3VzZXJfaWQiOiI1NTAyZWNkNC01NDgwLTRhZTAtYWE1Ni1jOTBiZjk2MWZkN2QiLCJfYXV0aF91c2VyX2JhY2tlbmQiOiJkamFuZ28uY29udHJpYi5hdXRoLmJhY2tlbmRzLk1vZGVsQmFja2VuZCIsIl9hdXRoX3VzZXJfaGFzaCI6IjdkN2ZhZTA4ZjQ3NjU4YzhjMWVhNjM4M2E5NjFjYzI2YzRjMTU0MDEifQ==','2020-08-23 17:52:42.923603'),('rsoi6n7x91njoktli4csaxlcqfmstcew','Nzk1MzRhNjU3NmMzYTFkMjk0OGI4MTQ5YTdiYzE1ZGVjMzIzOWZmYzp7Il9hdXRoX3VzZXJfaWQiOiJlMzdhM2M4Zi1kMDk3LTQzM2UtOTBmZC0zYzA4NThjMTdhZDMiLCJfYXV0aF91c2VyX2JhY2tlbmQiOiJkamFuZ28uY29udHJpYi5hdXRoLmJhY2tlbmRzLk1vZGVsQmFja2VuZCIsIl9hdXRoX3VzZXJfaGFzaCI6ImY0MTJlODM1YjhkMTgyM2RhYmEzMmRjZDlhYzQ0OTU1MDRmODQ3MDAifQ==','2020-08-19 15:40:44.984253'),('rtqz3xu5czsamidtzv39e7dxye1lqr3k','YzhmM2ViYzE0NTc3NmY5MTY1ZWJiZTRiOTQ0ODA4MzZkODkwMGY2Mzp7Il9hdXRoX3VzZXJfaWQiOiI2MmI3MDdmMi02ODQwLTQzNmItODc4Ny0wODdhNjBhNjk4NWYiLCJfYXV0aF91c2VyX2JhY2tlbmQiOiJkamFuZ28uY29udHJpYi5hdXRoLmJhY2tlbmRzLk1vZGVsQmFja2VuZCIsIl9hdXRoX3VzZXJfaGFzaCI6IjkwM2Y1NGFhOWIyZDgyMzE2YjdkYWY1MjJmODBmODgxOGE0M2Q0ZjMifQ==','2020-08-28 17:25:57.860178'),('s4ii4ppmd76qk466fv73ebx9v9j2393h','Y2QyYTUwN2FkMTUwZDMwM2U2MjA1NDc0YWY1MjUxM2I0MzljY2VmNTp7Il9hdXRoX3VzZXJfaWQiOiI1ZjkzMGFmMC1hMTc4LTQyZGMtYjk2MS1lODRjZWI2YmMwZDQiLCJfYXV0aF91c2VyX2JhY2tlbmQiOiJkamFuZ28uY29udHJpYi5hdXRoLmJhY2tlbmRzLk1vZGVsQmFja2VuZCIsIl9hdXRoX3VzZXJfaGFzaCI6ImNmYjQ3ZjAxYmNjMzc5NGQ5M2JhOWMwZjBkZDNkOGZkYmE2NjM0ZjMifQ==','2020-08-22 12:55:24.803385'),('sc4p8pmr3kx6fvn3jraikssoc9e2ent6','YzhmM2ViYzE0NTc3NmY5MTY1ZWJiZTRiOTQ0ODA4MzZkODkwMGY2Mzp7Il9hdXRoX3VzZXJfaWQiOiI2MmI3MDdmMi02ODQwLTQzNmItODc4Ny0wODdhNjBhNjk4NWYiLCJfYXV0aF91c2VyX2JhY2tlbmQiOiJkamFuZ28uY29udHJpYi5hdXRoLmJhY2tlbmRzLk1vZGVsQmFja2VuZCIsIl9hdXRoX3VzZXJfaGFzaCI6IjkwM2Y1NGFhOWIyZDgyMzE2YjdkYWY1MjJmODBmODgxOGE0M2Q0ZjMifQ==','2020-08-27 07:43:59.541654'),('t48pkoqeylrnevujvqikwlu58p3hwldu','YTBkNzQ3NzQwNjU1MTZjYTA0YjRkYjdmY2Q1YjVmMGRmNWY5MjE2OTp7Il9hdXRoX3VzZXJfaWQiOiJlYjM5NzMwNy0xNmJkLTRjY2ItOGMzOC0wOWExNTEwNjcyMDAiLCJfYXV0aF91c2VyX2JhY2tlbmQiOiJkamFuZ28uY29udHJpYi5hdXRoLmJhY2tlbmRzLk1vZGVsQmFja2VuZCIsIl9hdXRoX3VzZXJfaGFzaCI6IjhjODM2NzU5MDUyMmI4NmZjOTBhMGYxZjRkZWUzZThjODk3ZDQ1MzgifQ==','2020-08-27 16:07:11.291425'),('tf7g71nl808qn3639kc7eewctfhkrq5b','Y2QyYTUwN2FkMTUwZDMwM2U2MjA1NDc0YWY1MjUxM2I0MzljY2VmNTp7Il9hdXRoX3VzZXJfaWQiOiI1ZjkzMGFmMC1hMTc4LTQyZGMtYjk2MS1lODRjZWI2YmMwZDQiLCJfYXV0aF91c2VyX2JhY2tlbmQiOiJkamFuZ28uY29udHJpYi5hdXRoLmJhY2tlbmRzLk1vZGVsQmFja2VuZCIsIl9hdXRoX3VzZXJfaGFzaCI6ImNmYjQ3ZjAxYmNjMzc5NGQ5M2JhOWMwZjBkZDNkOGZkYmE2NjM0ZjMifQ==','2020-08-28 12:51:36.223848'),('tk4tpmwnmg9578dxhkj6qqx8aocodrnw','MTE5ZGNkYWUxZjU4ZGU2NWJjOWU0MmUwMzlmOGFiZmQ5ZDI0NGI3ZDp7Il9hdXRoX3VzZXJfaWQiOiIzZWE0MDhmYy0xZDkwLTRhMGMtOTY4MC00ZDhhOTJmMDc3YzYiLCJfYXV0aF91c2VyX2JhY2tlbmQiOiJkamFuZ28uY29udHJpYi5hdXRoLmJhY2tlbmRzLk1vZGVsQmFja2VuZCIsIl9hdXRoX3VzZXJfaGFzaCI6IjQ2MjA2ZDRiNTgwMjcyOTMzNmE5YjNlMDhiZjliY2ZjZjg3YmNiOGIifQ==','2020-08-29 09:46:05.866732'),('tqq77m3olf7jl74lrmpr5wf2kqcixgqf','NjBmZmUyMzNkMGFlNmVhODFlOWE4ZTk2Y2E5Y2FlMDA1NDUzNzc5Nzp7Il9hdXRoX3VzZXJfaWQiOiJhY2Y4YzBkNC1iZmUxLTQ5ZDMtYTliMS1iNDhlY2FhNGIxY2EiLCJfYXV0aF91c2VyX2JhY2tlbmQiOiJkamFuZ28uY29udHJpYi5hdXRoLmJhY2tlbmRzLk1vZGVsQmFja2VuZCIsIl9hdXRoX3VzZXJfaGFzaCI6IjhmZDJlN2UwODczY2Y5MmRiZTdjYjU3YTk5NmNkNjliNWRkZTAzZjAifQ==','2020-08-30 15:40:42.292773'),('tswd6h7dc0d626vvdwd0oe4ygv1dz0lx','OTk1MzUyNzNhODE0NTlhMDAyMTgzMmEyZTFjZTIwNGY2ZmVkYTI1Zjp7Il9hdXRoX3VzZXJfaWQiOiIzZThjZThjOS02NDU2LTRhZWQtOGU4Zi0zNDU5ZGUyNjNlOTgiLCJfYXV0aF91c2VyX2JhY2tlbmQiOiJkamFuZ28uY29udHJpYi5hdXRoLmJhY2tlbmRzLk1vZGVsQmFja2VuZCIsIl9hdXRoX3VzZXJfaGFzaCI6ImIzODE1NGZhMWQzMjllNDNhMTM3N2YxOGU5NjEwMTAzOWM2MWNmMjMifQ==','2020-08-18 14:14:15.556145'),('u5cumjrsxq4al0xvorp8j98dqrz9aedq','MWE5MTY0M2Q2MDUwYTMzM2JlNTAyNTRmYjliZTI2NDYzMmRhODYxNjp7Il9hdXRoX3VzZXJfaWQiOiJiOWNlZThiZC1mYjJjLTQxNGQtYjE4NC1jM2M5YWVlYmI4ZGQiLCJfYXV0aF91c2VyX2JhY2tlbmQiOiJkamFuZ28uY29udHJpYi5hdXRoLmJhY2tlbmRzLk1vZGVsQmFja2VuZCIsIl9hdXRoX3VzZXJfaGFzaCI6IjJiMmQ2N2FiNzU2MjJkZTZkMDhlNmUyN2Q5MmQxMTA3NjdkZGZkYmYifQ==','2020-08-28 13:21:38.812247'),('ud8tunpd9kq1hs80g4zknala6hdtcv3o','ZDllY2E0MGIzZGMyNzMwMDQxYWFmMmVkYzgyZWNiM2UyMDhmZmY2MDp7Il9hdXRoX3VzZXJfaWQiOiJhZmQzOTQ3MS1lODRlLTQyYmMtYTQ1NC02MTI3ZTE4NzJlOTMiLCJfYXV0aF91c2VyX2JhY2tlbmQiOiJkamFuZ28uY29udHJpYi5hdXRoLmJhY2tlbmRzLk1vZGVsQmFja2VuZCIsIl9hdXRoX3VzZXJfaGFzaCI6IjE3ZDU0MTU4NTVhYzJiYWE1MjRkMWRlMWNiN2M4MjY4MzA0Y2U3ZjgifQ==','2020-08-22 13:40:35.051050'),('ul7unwvb4yrjoo0e2o2yf3cajjt5fh12','YTBkNzQ3NzQwNjU1MTZjYTA0YjRkYjdmY2Q1YjVmMGRmNWY5MjE2OTp7Il9hdXRoX3VzZXJfaWQiOiJlYjM5NzMwNy0xNmJkLTRjY2ItOGMzOC0wOWExNTEwNjcyMDAiLCJfYXV0aF91c2VyX2JhY2tlbmQiOiJkamFuZ28uY29udHJpYi5hdXRoLmJhY2tlbmRzLk1vZGVsQmFja2VuZCIsIl9hdXRoX3VzZXJfaGFzaCI6IjhjODM2NzU5MDUyMmI4NmZjOTBhMGYxZjRkZWUzZThjODk3ZDQ1MzgifQ==','2020-08-24 20:08:03.931617'),('uyigutry4ou9spczjhpmen2i9jmf5i57','Y2U0MDE5Y2Q1ZGE3MjAyMGNmNGI4YTE2N2IyMTU0YWJlZDQ4ZmU5Zjp7Il9hdXRoX3VzZXJfaWQiOiJjY2Y4MjcyMy03ZmU3LTQwM2EtYWU1NC05ZmQ1MzQ2OTIzMzkiLCJfYXV0aF91c2VyX2JhY2tlbmQiOiJkamFuZ28uY29udHJpYi5hdXRoLmJhY2tlbmRzLk1vZGVsQmFja2VuZCIsIl9hdXRoX3VzZXJfaGFzaCI6IjZmYTBmNTI1NzZiYTRhNzY2ZTI1YmVjMzQ0YWIzMjhlMjhkOWZkODUifQ==','2020-08-20 09:28:03.080346'),('v5nlafaux1tsy3usqjd245brfftbcoa7','N2E5YmI0ZTVjYjlkMDRkZTQ5MjMyNGEzYjIwNDQ2ZGY0MDQzNDcxYjp7Il9hdXRoX3VzZXJfaWQiOiI0OWM3NTNkYy0xNzJkLTQzOGMtYWZmMC00MzI5YmZjMDM1NjkiLCJfYXV0aF91c2VyX2JhY2tlbmQiOiJkamFuZ28uY29udHJpYi5hdXRoLmJhY2tlbmRzLk1vZGVsQmFja2VuZCIsIl9hdXRoX3VzZXJfaGFzaCI6IjFjNWNiNDgyODc1M2Q2NzZjN2U1Y2EyMGRlNDUyNDI4MWJmMWRkNDUifQ==','2020-08-18 06:29:02.532957'),('vboyk0t8xvk5luol19hznvpskqtarrdm','YzAyZTcxZDY3Njk5YzVmM2UxOGZmZTAwZTg3NzdmN2ZjMjFiZWU2NDp7Il9hdXRoX3VzZXJfaWQiOiI0ZTM2ZjYyYS01YjhlLTQzNGYtOGM3MC0zMzcwMTVhZWU0NTkiLCJfYXV0aF91c2VyX2JhY2tlbmQiOiJkamFuZ28uY29udHJpYi5hdXRoLmJhY2tlbmRzLk1vZGVsQmFja2VuZCIsIl9hdXRoX3VzZXJfaGFzaCI6ImE4MjMyYjI0OWMwMjI5ZTNhMzY0YTVlOTQwNWJhNmNjYjliZTRhZTQifQ==','2020-08-18 10:19:02.204889'),('vkxv7u7gkb87sltoablw43ftgg6wxl5r','YzhmM2RiODc3MzQyM2RiZWMzYmUwZjkyMTFiNDJmNGI0YzM0NTU0Yjp7Il9hdXRoX3VzZXJfaWQiOiIzMDVhMGUyNC1iMmNlLTRjZDAtYjM5NS03NzBmMWJhZTZiNmYiLCJfYXV0aF91c2VyX2JhY2tlbmQiOiJkamFuZ28uY29udHJpYi5hdXRoLmJhY2tlbmRzLk1vZGVsQmFja2VuZCIsIl9hdXRoX3VzZXJfaGFzaCI6IjQzY2NlODhiZmYxNDEzOTBjNjU2ZDRhNWQ4ODFjYjIxYzYwZGQxZmMifQ==','2020-08-25 06:25:49.369644'),('wdfg8fnipiyq9ecddtmwkcpsyq9s4tq0','Y2QyYTUwN2FkMTUwZDMwM2U2MjA1NDc0YWY1MjUxM2I0MzljY2VmNTp7Il9hdXRoX3VzZXJfaWQiOiI1ZjkzMGFmMC1hMTc4LTQyZGMtYjk2MS1lODRjZWI2YmMwZDQiLCJfYXV0aF91c2VyX2JhY2tlbmQiOiJkamFuZ28uY29udHJpYi5hdXRoLmJhY2tlbmRzLk1vZGVsQmFja2VuZCIsIl9hdXRoX3VzZXJfaGFzaCI6ImNmYjQ3ZjAxYmNjMzc5NGQ5M2JhOWMwZjBkZDNkOGZkYmE2NjM0ZjMifQ==','2020-08-25 06:33:16.986718'),('weqstmq2r9b6h5f3fzxxoowh05p7sp7o','Y2QyYTUwN2FkMTUwZDMwM2U2MjA1NDc0YWY1MjUxM2I0MzljY2VmNTp7Il9hdXRoX3VzZXJfaWQiOiI1ZjkzMGFmMC1hMTc4LTQyZGMtYjk2MS1lODRjZWI2YmMwZDQiLCJfYXV0aF91c2VyX2JhY2tlbmQiOiJkamFuZ28uY29udHJpYi5hdXRoLmJhY2tlbmRzLk1vZGVsQmFja2VuZCIsIl9hdXRoX3VzZXJfaGFzaCI6ImNmYjQ3ZjAxYmNjMzc5NGQ5M2JhOWMwZjBkZDNkOGZkYmE2NjM0ZjMifQ==','2020-08-29 15:15:47.537207'),('wtlg6bpyhkl8sa7ayxdv8qf7ngzygp75','YzhmM2RiODc3MzQyM2RiZWMzYmUwZjkyMTFiNDJmNGI0YzM0NTU0Yjp7Il9hdXRoX3VzZXJfaWQiOiIzMDVhMGUyNC1iMmNlLTRjZDAtYjM5NS03NzBmMWJhZTZiNmYiLCJfYXV0aF91c2VyX2JhY2tlbmQiOiJkamFuZ28uY29udHJpYi5hdXRoLmJhY2tlbmRzLk1vZGVsQmFja2VuZCIsIl9hdXRoX3VzZXJfaGFzaCI6IjQzY2NlODhiZmYxNDEzOTBjNjU2ZDRhNWQ4ODFjYjIxYzYwZGQxZmMifQ==','2020-08-18 12:39:19.871806'),('xlwuigzn98lvwzih1inwthf87g5v5n2t','Y2QyYTUwN2FkMTUwZDMwM2U2MjA1NDc0YWY1MjUxM2I0MzljY2VmNTp7Il9hdXRoX3VzZXJfaWQiOiI1ZjkzMGFmMC1hMTc4LTQyZGMtYjk2MS1lODRjZWI2YmMwZDQiLCJfYXV0aF91c2VyX2JhY2tlbmQiOiJkamFuZ28uY29udHJpYi5hdXRoLmJhY2tlbmRzLk1vZGVsQmFja2VuZCIsIl9hdXRoX3VzZXJfaGFzaCI6ImNmYjQ3ZjAxYmNjMzc5NGQ5M2JhOWMwZjBkZDNkOGZkYmE2NjM0ZjMifQ==','2020-08-20 12:26:43.609032'),('xnmy7q10t8y9nrnpqaa2dcq75ct4d10m','YzhmM2ViYzE0NTc3NmY5MTY1ZWJiZTRiOTQ0ODA4MzZkODkwMGY2Mzp7Il9hdXRoX3VzZXJfaWQiOiI2MmI3MDdmMi02ODQwLTQzNmItODc4Ny0wODdhNjBhNjk4NWYiLCJfYXV0aF91c2VyX2JhY2tlbmQiOiJkamFuZ28uY29udHJpYi5hdXRoLmJhY2tlbmRzLk1vZGVsQmFja2VuZCIsIl9hdXRoX3VzZXJfaGFzaCI6IjkwM2Y1NGFhOWIyZDgyMzE2YjdkYWY1MjJmODBmODgxOGE0M2Q0ZjMifQ==','2020-08-28 17:26:57.709242'),('y8uchz6frba4yogk4w2f1qep0t27oyzp','YzAyZTcxZDY3Njk5YzVmM2UxOGZmZTAwZTg3NzdmN2ZjMjFiZWU2NDp7Il9hdXRoX3VzZXJfaWQiOiI0ZTM2ZjYyYS01YjhlLTQzNGYtOGM3MC0zMzcwMTVhZWU0NTkiLCJfYXV0aF91c2VyX2JhY2tlbmQiOiJkamFuZ28uY29udHJpYi5hdXRoLmJhY2tlbmRzLk1vZGVsQmFja2VuZCIsIl9hdXRoX3VzZXJfaGFzaCI6ImE4MjMyYjI0OWMwMjI5ZTNhMzY0YTVlOTQwNWJhNmNjYjliZTRhZTQifQ==','2020-08-18 00:46:29.292513'),('ya4swrtdqf5sqh4j5fd3hxzviemkxd0m','YzAyZTcxZDY3Njk5YzVmM2UxOGZmZTAwZTg3NzdmN2ZjMjFiZWU2NDp7Il9hdXRoX3VzZXJfaWQiOiI0ZTM2ZjYyYS01YjhlLTQzNGYtOGM3MC0zMzcwMTVhZWU0NTkiLCJfYXV0aF91c2VyX2JhY2tlbmQiOiJkamFuZ28uY29udHJpYi5hdXRoLmJhY2tlbmRzLk1vZGVsQmFja2VuZCIsIl9hdXRoX3VzZXJfaGFzaCI6ImE4MjMyYjI0OWMwMjI5ZTNhMzY0YTVlOTQwNWJhNmNjYjliZTRhZTQifQ==','2020-08-23 18:44:09.771781'),('yazc9xlqvtcdu5881hh93g6hxoks952a','OGZkZDA5MDMzNTk1MjNiMjZkMTRkYjZmMzIxYzFkNTk1OTE4YWRmZTp7Il9hdXRoX3VzZXJfaWQiOiIwZGRhYzcyMC01YTMxLTQzNGUtODMxYS0xOTc0OTI5MjQ2NjMiLCJfYXV0aF91c2VyX2JhY2tlbmQiOiJkamFuZ28uY29udHJpYi5hdXRoLmJhY2tlbmRzLk1vZGVsQmFja2VuZCIsIl9hdXRoX3VzZXJfaGFzaCI6ImJmM2ExMzRhMjE2N2UwMmE5OGQ5YmQ5YzczMWZlYTk1YmRiNGQ1NTcifQ==','2020-08-22 06:19:01.891004'),('ybzub57rf55mzf30nz3gmokg1u1sxrmk','Y2U0MDE5Y2Q1ZGE3MjAyMGNmNGI4YTE2N2IyMTU0YWJlZDQ4ZmU5Zjp7Il9hdXRoX3VzZXJfaWQiOiJjY2Y4MjcyMy03ZmU3LTQwM2EtYWU1NC05ZmQ1MzQ2OTIzMzkiLCJfYXV0aF91c2VyX2JhY2tlbmQiOiJkamFuZ28uY29udHJpYi5hdXRoLmJhY2tlbmRzLk1vZGVsQmFja2VuZCIsIl9hdXRoX3VzZXJfaGFzaCI6IjZmYTBmNTI1NzZiYTRhNzY2ZTI1YmVjMzQ0YWIzMjhlMjhkOWZkODUifQ==','2020-08-23 09:09:13.027634'),('z7pj285hq9n8nb8k3cgak9qoa7cng85t','MjUwOTdkOTcxM2I0Y2ViNmEzYjljYjU2YjcxMTE2MDcwZjJhZWYxNjp7Il9hdXRoX3VzZXJfaWQiOiI5MzcyMzczMy0xMGQ1LTQwNGYtYjBkNi0xNmI1YzkxZGM0ZjEiLCJfYXV0aF91c2VyX2JhY2tlbmQiOiJkamFuZ28uY29udHJpYi5hdXRoLmJhY2tlbmRzLk1vZGVsQmFja2VuZCIsIl9hdXRoX3VzZXJfaGFzaCI6ImNjN2U2ODJhNDk0MWEzYWNmZTIyNTA1MDg1MWQzODQ4NzA4ODE0MzMifQ==','2020-08-23 14:15:43.952691'),('zay9t7o5qhjaybwjt2lx2w8n4awjznk3','YWFlNDVlMzU3NDQ5ZWQ3NTkzOTY0MGUzNDA1YWM3ZDQxNzVmNDhlMjp7Il9hdXRoX3VzZXJfaWQiOiJjMDZkYTgzMS1jNjMwLTRiOGItYWQ2ZS03YTVmYTVmZjljNTMiLCJfYXV0aF91c2VyX2JhY2tlbmQiOiJkamFuZ28uY29udHJpYi5hdXRoLmJhY2tlbmRzLk1vZGVsQmFja2VuZCIsIl9hdXRoX3VzZXJfaGFzaCI6IjAwYmI3MWQyMmQ5MDIyMDI0ODNjZTgxNWQyNjA2ZDZhMDRiZmU5ODEifQ==','2020-08-24 11:41:44.279389'),('zd4n1vwexikj339x8aw6mgguipw8iwku','Y2FmYWQ4MmE0NTY4MjhhZmFhNTU5NGIxYjNkZGEyYTVhNDI5ODFjNTp7fQ==','2020-08-15 13:28:07.515456'),('zepu5syyckx2p68jzoi7uif9ep1rmewp','NmZiMjYwMGRmYjg0ZjgxNzE1MWU0MmU4MDFjYzE1M2UzNWNmOWVjNDp7Il9hdXRoX3VzZXJfaWQiOiI4NjY1MTUxOS0zYjg2LTQwZjctYTc5NC1hOTgxOWI3ODVjY2YiLCJfYXV0aF91c2VyX2JhY2tlbmQiOiJkamFuZ28uY29udHJpYi5hdXRoLmJhY2tlbmRzLk1vZGVsQmFja2VuZCIsIl9hdXRoX3VzZXJfaGFzaCI6ImNiY2JmZWIyODAwZmQ5YzQ3NjBkNmE3Y2ZjNGVhOGE4ZWU5ZjdhMmMifQ==','2020-08-23 16:18:50.702100'),('zp3b192hkofrb1vmplze6x2hz4oiya42','YzhmM2ViYzE0NTc3NmY5MTY1ZWJiZTRiOTQ0ODA4MzZkODkwMGY2Mzp7Il9hdXRoX3VzZXJfaWQiOiI2MmI3MDdmMi02ODQwLTQzNmItODc4Ny0wODdhNjBhNjk4NWYiLCJfYXV0aF91c2VyX2JhY2tlbmQiOiJkamFuZ28uY29udHJpYi5hdXRoLmJhY2tlbmRzLk1vZGVsQmFja2VuZCIsIl9hdXRoX3VzZXJfaGFzaCI6IjkwM2Y1NGFhOWIyZDgyMzE2YjdkYWY1MjJmODBmODgxOGE0M2Q0ZjMifQ==','2020-08-27 06:09:05.087263');
/*!40000 ALTER TABLE `django_session` ENABLE KEYS */;
UNLOCK TABLES;
/*!40103 SET TIME_ZONE=@OLD_TIME_ZONE */;

/*!40101 SET SQL_MODE=@OLD_SQL_MODE */;
/*!40014 SET FOREIGN_KEY_CHECKS=@OLD_FOREIGN_KEY_CHECKS */;
/*!40014 SET UNIQUE_CHECKS=@OLD_UNIQUE_CHECKS */;
/*!40101 SET CHARACTER_SET_CLIENT=@OLD_CHARACTER_SET_CLIENT */;
/*!40101 SET CHARACTER_SET_RESULTS=@OLD_CHARACTER_SET_RESULTS */;
/*!40101 SET COLLATION_CONNECTION=@OLD_COLLATION_CONNECTION */;
/*!40111 SET SQL_NOTES=@OLD_SQL_NOTES */;

-- Dump completed on 2020-08-19 13:20:01
